2026-02-01 01:44:22,792 - core.ticker_selector - INFO - Manual tickers set: ['BTC-EUR']
2026-02-01 01:44:23,499 - core.ticker_selector - INFO - Validation complete: 1/1 tickers valid
2026-02-01 01:44:49,126 - core.ticker_selector - INFO - Manual tickers set: ['BTC-EUR']
2026-02-01 01:44:49,832 - core.ticker_selector - INFO - Validation complete: 1/1 tickers valid
2026-02-01 01:44:58,576 - core.ticker_selector - INFO - Manual tickers set: ['BTC-EUR']
2026-02-01 01:44:59,326 - core.ticker_selector - INFO - Validation complete: 1/1 tickers valid
2026-02-01 01:45:49,038 - core.ticker_selector - INFO - Manual tickers set: ['AAPL']
2026-02-01 01:45:49,740 - core.ticker_selector - INFO - [OK] Valid ticker: AAPL
2026-02-01 01:45:49,744 - core.ticker_selector - INFO - Validation complete: 1/1 tickers valid
2026-02-01 01:47:58,168 - core.ticker_selector - INFO - Manual tickers set: ['BTC-EUR']
2026-02-01 01:47:58,821 - core.ticker_selector - INFO - [OK] Valid ticker: BTC-EUR
2026-02-01 01:47:58,821 - core.ticker_selector - INFO - Validation complete: 1/1 tickers valid
2026-02-01 01:47:58,822 - core.data_fetcher - INFO - 
============================================================
2026-02-01 01:47:58,822 - core.data_fetcher - INFO - Fetching all timeframes for BTC-EUR
2026-02-01 01:47:58,822 - core.data_fetcher - INFO - ============================================================
2026-02-01 01:47:58,822 - core.data_fetcher - INFO - Fetching BTC-EUR - 4h (attempt 1/3)
2026-02-01 01:47:59,169 - core.data_fetcher - INFO - Resampling hourly data to 4-hour intervals
2026-02-01 01:47:59,208 - core.data_fetcher - INFO - [OK] Successfully fetched 360 rows for BTC-EUR at 4h
2026-02-01 01:47:59,208 - core.data_fetcher - INFO - Fetching BTC-EUR - 1d (attempt 1/3)
2026-02-01 01:47:59,462 - core.data_fetcher - INFO - [OK] Successfully fetched 503 rows for BTC-EUR at 1d
2026-02-01 01:47:59,463 - core.data_fetcher - INFO - Fetching BTC-EUR - 1wk (attempt 1/3)
2026-02-01 01:48:00,073 - core.data_fetcher - INFO - [OK] Successfully fetched 104 rows for BTC-EUR at 1wk
2026-02-01 01:48:00,075 - core.data_fetcher - INFO - Fetching BTC-EUR - 1mo (attempt 1/3)
2026-02-01 01:48:00,253 - core.data_fetcher - INFO - [OK] Successfully fetched 60 rows for BTC-EUR at 1mo
2026-02-01 01:48:00,253 - core.data_fetcher - INFO - Fetching BTC-EUR - 3mo (attempt 1/3)
2026-02-01 01:48:00,434 - core.data_fetcher - INFO - [OK] Successfully fetched 20 rows for BTC-EUR at 3mo
2026-02-01 01:48:00,435 - core.data_fetcher - INFO - Fetching BTC-EUR - 1h (attempt 1/3)
2026-02-01 01:48:00,720 - core.data_fetcher - WARNING - BTC-EUR 1h: 51.4% rows have zero volume
2026-02-01 01:48:00,730 - core.data_fetcher - INFO - [OK] Successfully fetched 1437 rows for BTC-EUR at 1h
2026-02-01 01:48:00,731 - core.data_fetcher - INFO - Fetching BTC-EUR - 30m (attempt 1/3)
2026-02-01 01:48:01,083 - yfinance - ERROR - $BTC-EUR: possibly delisted; no price data found  (period=2mo) (Yahoo error = "15m data not available for startTime=1764550081 and endTime=1769906881. The requested range must be within the last 60 days.")
2026-02-01 01:48:01,084 - yfinance - ERROR - 
1 Failed download:
2026-02-01 01:48:01,085 - yfinance - ERROR - ['BTC-EUR']: possibly delisted; no price data found  (period=2mo) (Yahoo error = "15m data not available for startTime=1764550081 and endTime=1769906881. The requested range must be within the last 60 days.")
2026-02-01 01:48:01,090 - core.data_fetcher - WARNING - No data returned for BTC-EUR at 30m
2026-02-01 01:48:03,091 - core.data_fetcher - INFO - Fetching BTC-EUR - 30m (attempt 2/3)
2026-02-01 01:48:03,467 - yfinance - ERROR - $BTC-EUR: possibly delisted; no price data found  (period=2mo) (Yahoo error = "15m data not available for startTime=1764550083 and endTime=1769906883. The requested range must be within the last 60 days.")
2026-02-01 01:48:03,477 - yfinance - ERROR - 
1 Failed download:
2026-02-01 01:48:03,477 - yfinance - ERROR - ['BTC-EUR']: possibly delisted; no price data found  (period=2mo) (Yahoo error = "15m data not available for startTime=1764550083 and endTime=1769906883. The requested range must be within the last 60 days.")
2026-02-01 01:48:03,486 - core.data_fetcher - WARNING - No data returned for BTC-EUR at 30m
2026-02-01 01:48:05,487 - core.data_fetcher - INFO - Fetching BTC-EUR - 30m (attempt 3/3)
2026-02-01 01:48:05,894 - yfinance - ERROR - $BTC-EUR: possibly delisted; no price data found  (period=2mo) (Yahoo error = "15m data not available for startTime=1764550085 and endTime=1769906885. The requested range must be within the last 60 days.")
2026-02-01 01:48:05,898 - yfinance - ERROR - 
1 Failed download:
2026-02-01 01:48:05,899 - yfinance - ERROR - ['BTC-EUR']: possibly delisted; no price data found  (period=2mo) (Yahoo error = "15m data not available for startTime=1764550085 and endTime=1769906885. The requested range must be within the last 60 days.")
2026-02-01 01:48:05,931 - core.data_fetcher - WARNING - No data returned for BTC-EUR at 30m
2026-02-01 01:48:05,931 - core.data_fetcher - ERROR - Failed to fetch BTC-EUR at 30m
2026-02-01 01:48:05,931 - core.data_fetcher - INFO - Fetching BTC-EUR - 15m (attempt 1/3)
2026-02-01 01:48:06,676 - yfinance - ERROR - $BTC-EUR: possibly delisted; no price data found  (period=2mo) (Yahoo error = "15m data not available for startTime=1764550086 and endTime=1769906886. The requested range must be within the last 60 days.")
2026-02-01 01:48:06,684 - yfinance - ERROR - 
1 Failed download:
2026-02-01 01:48:06,684 - yfinance - ERROR - ['BTC-EUR']: possibly delisted; no price data found  (period=2mo) (Yahoo error = "15m data not available for startTime=1764550086 and endTime=1769906886. The requested range must be within the last 60 days.")
2026-02-01 01:48:06,698 - core.data_fetcher - WARNING - No data returned for BTC-EUR at 15m
2026-02-01 01:48:08,700 - core.data_fetcher - INFO - Fetching BTC-EUR - 15m (attempt 2/3)
2026-02-01 01:48:09,057 - yfinance - ERROR - $BTC-EUR: possibly delisted; no price data found  (period=2mo) (Yahoo error = "15m data not available for startTime=1764550089 and endTime=1769906889. The requested range must be within the last 60 days.")
2026-02-01 01:48:09,061 - yfinance - ERROR - 
1 Failed download:
2026-02-01 01:48:09,061 - yfinance - ERROR - ['BTC-EUR']: possibly delisted; no price data found  (period=2mo) (Yahoo error = "15m data not available for startTime=1764550089 and endTime=1769906889. The requested range must be within the last 60 days.")
2026-02-01 01:48:09,068 - core.data_fetcher - WARNING - No data returned for BTC-EUR at 15m
2026-02-01 01:48:11,069 - core.data_fetcher - INFO - Fetching BTC-EUR - 15m (attempt 3/3)
2026-02-01 01:48:11,413 - yfinance - ERROR - $BTC-EUR: possibly delisted; no price data found  (period=2mo) (Yahoo error = "15m data not available for startTime=1764550091 and endTime=1769906891. The requested range must be within the last 60 days.")
2026-02-01 01:48:11,414 - yfinance - ERROR - 
1 Failed download:
2026-02-01 01:48:11,414 - yfinance - ERROR - ['BTC-EUR']: possibly delisted; no price data found  (period=2mo) (Yahoo error = "15m data not available for startTime=1764550091 and endTime=1769906891. The requested range must be within the last 60 days.")
2026-02-01 01:48:11,421 - core.data_fetcher - WARNING - No data returned for BTC-EUR at 15m
2026-02-01 01:48:11,421 - core.data_fetcher - ERROR - Failed to fetch BTC-EUR at 15m
2026-02-01 01:48:11,421 - core.data_fetcher - INFO - Fetching BTC-EUR - 5m (attempt 1/3)
2026-02-01 01:48:11,695 - core.data_fetcher - WARNING - BTC-EUR 5m: 48.8% rows have zero volume
2026-02-01 01:48:11,700 - core.data_fetcher - INFO - [OK] Successfully fetched 1123 rows for BTC-EUR at 5m
2026-02-01 01:48:11,701 - core.data_fetcher - INFO - Fetching BTC-EUR - 3m (attempt 1/3)
2026-02-01 01:48:11,844 - core.data_fetcher - INFO - Resampling 1-minute data to 3-minute intervals
2026-02-01 01:48:11,856 - core.data_fetcher - INFO - [OK] Successfully fetched 15 rows for BTC-EUR at 3m
2026-02-01 01:48:11,856 - core.data_fetcher - INFO - Fetching BTC-EUR - 2m (attempt 1/3)
2026-02-01 01:48:12,010 - core.data_fetcher - INFO - [OK] Successfully fetched 22 rows for BTC-EUR at 2m
2026-02-01 01:48:12,011 - core.data_fetcher - INFO - Fetching BTC-EUR - 1m (attempt 1/3)
2026-02-01 01:48:12,158 - core.data_fetcher - WARNING - BTC-EUR 1m: 52.8% rows have zero volume
2026-02-01 01:48:12,161 - core.data_fetcher - INFO - [OK] Successfully fetched 36 rows for BTC-EUR at 1m
2026-02-01 01:48:13,164 - core.data_storage - INFO - 
Saving all timeframes for BTC-EUR
2026-02-01 01:48:13,188 - core.data_storage - INFO - [OK] Saved BTC-EUR 4h to .\data/raw\BTC-EUR\BTC-EUR_4h_20260201.csv (360 rows)
2026-02-01 01:48:13,238 - core.data_storage - INFO - Metadata saved to .\data/metadata.json
2026-02-01 01:48:13,249 - core.data_storage - INFO - [OK] Saved BTC-EUR 1d to .\data/raw\BTC-EUR\BTC-EUR_1d_20260201.csv (503 rows)
2026-02-01 01:48:13,293 - core.data_storage - INFO - Metadata saved to .\data/metadata.json
2026-02-01 01:48:13,299 - core.data_storage - INFO - [OK] Saved BTC-EUR 1wk to .\data/raw\BTC-EUR\BTC-EUR_1wk_20260201.csv (104 rows)
2026-02-01 01:48:13,336 - core.data_storage - INFO - Metadata saved to .\data/metadata.json
2026-02-01 01:48:13,340 - core.data_storage - INFO - [OK] Saved BTC-EUR 1mo to .\data/raw\BTC-EUR\BTC-EUR_1mo_20260201.csv (60 rows)
2026-02-01 01:48:13,372 - core.data_storage - INFO - Metadata saved to .\data/metadata.json
2026-02-01 01:48:13,377 - core.data_storage - INFO - [OK] Saved BTC-EUR 3mo to .\data/raw\BTC-EUR\BTC-EUR_3mo_20260201.csv (20 rows)
2026-02-01 01:48:13,416 - core.data_storage - INFO - Metadata saved to .\data/metadata.json
2026-02-01 01:48:13,467 - core.data_storage - INFO - [OK] Saved BTC-EUR 1h to .\data/raw\BTC-EUR\BTC-EUR_1h_20260201.csv (1437 rows)
2026-02-01 01:48:13,512 - core.data_storage - INFO - Metadata saved to .\data/metadata.json
2026-02-01 01:48:13,544 - core.data_storage - INFO - [OK] Saved BTC-EUR 5m to .\data/raw\BTC-EUR\BTC-EUR_5m_20260201.csv (1123 rows)
2026-02-01 01:48:13,583 - core.data_storage - INFO - Metadata saved to .\data/metadata.json
2026-02-01 01:48:13,587 - core.data_storage - INFO - [OK] Saved BTC-EUR 3m to .\data/raw\BTC-EUR\BTC-EUR_3m_20260201.csv (15 rows)
2026-02-01 01:48:13,621 - core.data_storage - INFO - Metadata saved to .\data/metadata.json
2026-02-01 01:48:13,625 - core.data_storage - INFO - [OK] Saved BTC-EUR 2m to .\data/raw\BTC-EUR\BTC-EUR_2m_20260201.csv (22 rows)
2026-02-01 01:48:13,659 - core.data_storage - INFO - Metadata saved to .\data/metadata.json
2026-02-01 01:48:13,668 - core.data_storage - INFO - [OK] Saved BTC-EUR 1m to .\data/raw\BTC-EUR\BTC-EUR_1m_20260201.csv (36 rows)
2026-02-01 01:48:13,701 - core.data_storage - INFO - Metadata saved to .\data/metadata.json
2026-02-01 01:48:13,701 - core.data_storage - INFO - 
============================================================
2026-02-01 01:48:13,703 - core.data_storage - INFO - SAVE SUMMARY:
2026-02-01 01:48:13,703 - core.data_storage - INFO - Saved 10/10 files
2026-02-01 01:48:13,703 - core.data_storage - INFO - Success rate: 100.0%
2026-02-01 01:48:13,703 - core.data_storage - INFO - ============================================================
2026-02-01 01:50:26,780 - core.ticker_selector - INFO - Manual tickers set: ['BTC-EUR']
2026-02-01 01:50:27,583 - core.ticker_selector - INFO - [OK] Valid ticker: BTC-EUR
2026-02-01 01:50:27,584 - core.ticker_selector - INFO - Validation complete: 1/1 tickers valid
2026-02-01 01:50:27,584 - core.data_fetcher - INFO - 
============================================================
2026-02-01 01:50:27,584 - core.data_fetcher - INFO - Fetching all timeframes for BTC-EUR
2026-02-01 01:50:27,586 - core.data_fetcher - INFO - ============================================================
2026-02-01 01:50:27,586 - core.data_fetcher - INFO - Fetching BTC-EUR - 4h (attempt 1/3)
2026-02-01 01:50:27,947 - core.data_fetcher - INFO - Resampling hourly data to 4-hour intervals
2026-02-01 01:50:27,970 - core.data_fetcher - INFO - [OK] Successfully fetched 360 rows for BTC-EUR at 4h
2026-02-01 01:50:27,972 - core.data_fetcher - INFO - Fetching BTC-EUR - 1d (attempt 1/3)
2026-02-01 01:50:28,208 - core.data_fetcher - INFO - [OK] Successfully fetched 503 rows for BTC-EUR at 1d
2026-02-01 01:50:28,208 - core.data_fetcher - INFO - Fetching BTC-EUR - 1wk (attempt 1/3)
2026-02-01 01:50:28,408 - core.data_fetcher - INFO - [OK] Successfully fetched 104 rows for BTC-EUR at 1wk
2026-02-01 01:50:28,409 - core.data_fetcher - INFO - Fetching BTC-EUR - 1mo (attempt 1/3)
2026-02-01 01:50:28,588 - core.data_fetcher - INFO - [OK] Successfully fetched 60 rows for BTC-EUR at 1mo
2026-02-01 01:50:28,590 - core.data_fetcher - INFO - Fetching BTC-EUR - 3mo (attempt 1/3)
2026-02-01 01:50:28,786 - core.data_fetcher - INFO - [OK] Successfully fetched 20 rows for BTC-EUR at 3mo
2026-02-01 01:50:28,786 - core.data_fetcher - INFO - Fetching BTC-EUR - 1h (attempt 1/3)
2026-02-01 01:50:29,076 - core.data_fetcher - WARNING - BTC-EUR 1h: 51.4% rows have zero volume
2026-02-01 01:50:29,085 - core.data_fetcher - INFO - [OK] Successfully fetched 1437 rows for BTC-EUR at 1h
2026-02-01 01:50:29,085 - core.data_fetcher - INFO - Fetching BTC-EUR - 30m (attempt 1/3)
2026-02-01 01:50:29,421 - yfinance - ERROR - $BTC-EUR: possibly delisted; no price data found  (period=2mo) (Yahoo error = "15m data not available for startTime=1764550229 and endTime=1769907029. The requested range must be within the last 60 days.")
2026-02-01 01:50:29,430 - yfinance - ERROR - 
1 Failed download:
2026-02-01 01:50:29,430 - yfinance - ERROR - ['BTC-EUR']: possibly delisted; no price data found  (period=2mo) (Yahoo error = "15m data not available for startTime=1764550229 and endTime=1769907029. The requested range must be within the last 60 days.")
2026-02-01 01:50:29,439 - core.data_fetcher - WARNING - No data returned for BTC-EUR at 30m
2026-02-01 01:50:31,440 - core.data_fetcher - INFO - Fetching BTC-EUR - 30m (attempt 2/3)
2026-02-01 01:50:31,847 - yfinance - ERROR - $BTC-EUR: possibly delisted; no price data found  (period=2mo) (Yahoo error = "15m data not available for startTime=1764550231 and endTime=1769907031. The requested range must be within the last 60 days.")
2026-02-01 01:50:31,855 - yfinance - ERROR - 
1 Failed download:
2026-02-01 01:50:31,856 - yfinance - ERROR - ['BTC-EUR']: possibly delisted; no price data found  (period=2mo) (Yahoo error = "15m data not available for startTime=1764550231 and endTime=1769907031. The requested range must be within the last 60 days.")
2026-02-01 01:50:31,866 - core.data_fetcher - WARNING - No data returned for BTC-EUR at 30m
2026-02-01 01:50:33,867 - core.data_fetcher - INFO - Fetching BTC-EUR - 30m (attempt 3/3)
2026-02-01 01:50:34,206 - yfinance - ERROR - $BTC-EUR: possibly delisted; no price data found  (period=2mo) (Yahoo error = "15m data not available for startTime=1764550234 and endTime=1769907034. The requested range must be within the last 60 days.")
2026-02-01 01:50:34,211 - yfinance - ERROR - 
1 Failed download:
2026-02-01 01:50:34,211 - yfinance - ERROR - ['BTC-EUR']: possibly delisted; no price data found  (period=2mo) (Yahoo error = "15m data not available for startTime=1764550234 and endTime=1769907034. The requested range must be within the last 60 days.")
2026-02-01 01:50:34,221 - core.data_fetcher - WARNING - No data returned for BTC-EUR at 30m
2026-02-01 01:50:34,221 - core.data_fetcher - ERROR - Failed to fetch BTC-EUR at 30m
2026-02-01 01:50:34,222 - core.data_fetcher - INFO - Fetching BTC-EUR - 15m (attempt 1/3)
2026-02-01 01:50:34,577 - yfinance - ERROR - $BTC-EUR: possibly delisted; no price data found  (period=2mo) (Yahoo error = "15m data not available for startTime=1764550234 and endTime=1769907034. The requested range must be within the last 60 days.")
2026-02-01 01:50:34,579 - yfinance - ERROR - 
1 Failed download:
2026-02-01 01:50:34,579 - yfinance - ERROR - ['BTC-EUR']: possibly delisted; no price data found  (period=2mo) (Yahoo error = "15m data not available for startTime=1764550234 and endTime=1769907034. The requested range must be within the last 60 days.")
2026-02-01 01:50:34,593 - core.data_fetcher - WARNING - No data returned for BTC-EUR at 15m
2026-02-01 01:50:36,594 - core.data_fetcher - INFO - Fetching BTC-EUR - 15m (attempt 2/3)
2026-02-01 01:50:36,923 - yfinance - ERROR - $BTC-EUR: possibly delisted; no price data found  (period=2mo) (Yahoo error = "15m data not available for startTime=1764550236 and endTime=1769907036. The requested range must be within the last 60 days.")
2026-02-01 01:50:36,931 - yfinance - ERROR - 
1 Failed download:
2026-02-01 01:50:36,932 - yfinance - ERROR - ['BTC-EUR']: possibly delisted; no price data found  (period=2mo) (Yahoo error = "15m data not available for startTime=1764550236 and endTime=1769907036. The requested range must be within the last 60 days.")
2026-02-01 01:50:36,942 - core.data_fetcher - WARNING - No data returned for BTC-EUR at 15m
2026-02-01 01:50:38,943 - core.data_fetcher - INFO - Fetching BTC-EUR - 15m (attempt 3/3)
2026-02-01 01:50:39,394 - yfinance - ERROR - $BTC-EUR: possibly delisted; no price data found  (period=2mo) (Yahoo error = "15m data not available for startTime=1764550239 and endTime=1769907039. The requested range must be within the last 60 days.")
2026-02-01 01:50:39,400 - yfinance - ERROR - 
1 Failed download:
2026-02-01 01:50:39,401 - yfinance - ERROR - ['BTC-EUR']: possibly delisted; no price data found  (period=2mo) (Yahoo error = "15m data not available for startTime=1764550239 and endTime=1769907039. The requested range must be within the last 60 days.")
2026-02-01 01:50:39,410 - core.data_fetcher - WARNING - No data returned for BTC-EUR at 15m
2026-02-01 01:50:39,410 - core.data_fetcher - ERROR - Failed to fetch BTC-EUR at 15m
2026-02-01 01:50:39,411 - core.data_fetcher - INFO - Fetching BTC-EUR - 5m (attempt 1/3)
2026-02-01 01:50:39,781 - core.data_fetcher - WARNING - BTC-EUR 5m: 48.7% rows have zero volume
2026-02-01 01:50:39,791 - core.data_fetcher - INFO - [OK] Successfully fetched 1123 rows for BTC-EUR at 5m
2026-02-01 01:50:39,792 - core.data_fetcher - INFO - Fetching BTC-EUR - 3m (attempt 1/3)
2026-02-01 01:50:40,026 - core.data_fetcher - INFO - Resampling 1-minute data to 3-minute intervals
2026-02-01 01:50:40,053 - core.data_fetcher - INFO - [OK] Successfully fetched 16 rows for BTC-EUR at 3m
2026-02-01 01:50:40,053 - core.data_fetcher - INFO - Fetching BTC-EUR - 2m (attempt 1/3)
2026-02-01 01:50:40,290 - core.data_fetcher - INFO - [OK] Successfully fetched 23 rows for BTC-EUR at 2m
2026-02-01 01:50:40,291 - core.data_fetcher - INFO - Fetching BTC-EUR - 1m (attempt 1/3)
2026-02-01 01:50:40,535 - core.data_fetcher - WARNING - BTC-EUR 1m: 50.0% rows have zero volume
2026-02-01 01:50:40,542 - core.data_fetcher - INFO - [OK] Successfully fetched 38 rows for BTC-EUR at 1m
2026-02-01 01:50:41,548 - core.data_storage - INFO - 
Saving all timeframes for BTC-EUR
2026-02-01 01:50:41,590 - core.data_storage - INFO - [OK] Saved BTC-EUR 4h to .\data/raw\BTC-EUR\BTC-EUR_4h_20260201.csv (360 rows)
2026-02-01 01:50:41,666 - core.data_storage - INFO - Metadata saved to .\data/metadata.json
2026-02-01 01:50:41,687 - core.data_storage - INFO - [OK] Saved BTC-EUR 1d to .\data/raw\BTC-EUR\BTC-EUR_1d_20260201.csv (503 rows)
2026-02-01 01:50:41,755 - core.data_storage - INFO - Metadata saved to .\data/metadata.json
2026-02-01 01:50:41,769 - core.data_storage - INFO - [OK] Saved BTC-EUR 1wk to .\data/raw\BTC-EUR\BTC-EUR_1wk_20260201.csv (104 rows)
2026-02-01 01:50:41,832 - core.data_storage - INFO - Metadata saved to .\data/metadata.json
2026-02-01 01:50:41,844 - core.data_storage - INFO - [OK] Saved BTC-EUR 1mo to .\data/raw\BTC-EUR\BTC-EUR_1mo_20260201.csv (60 rows)
2026-02-01 01:50:41,908 - core.data_storage - INFO - Metadata saved to .\data/metadata.json
2026-02-01 01:50:41,921 - core.data_storage - INFO - [OK] Saved BTC-EUR 3mo to .\data/raw\BTC-EUR\BTC-EUR_3mo_20260201.csv (20 rows)
2026-02-01 01:50:41,978 - core.data_storage - INFO - Metadata saved to .\data/metadata.json
2026-02-01 01:50:42,027 - core.data_storage - INFO - [OK] Saved BTC-EUR 1h to .\data/raw\BTC-EUR\BTC-EUR_1h_20260201.csv (1437 rows)
2026-02-01 01:50:42,068 - core.data_storage - INFO - Metadata saved to .\data/metadata.json
2026-02-01 01:50:42,134 - core.data_storage - INFO - [OK] Saved BTC-EUR 5m to .\data/raw\BTC-EUR\BTC-EUR_5m_20260201.csv (1123 rows)
2026-02-01 01:50:42,209 - core.data_storage - INFO - Metadata saved to .\data/metadata.json
2026-02-01 01:50:42,212 - core.data_storage - INFO - [OK] Saved BTC-EUR 3m to .\data/raw\BTC-EUR\BTC-EUR_3m_20260201.csv (16 rows)
2026-02-01 01:50:42,256 - core.data_storage - INFO - Metadata saved to .\data/metadata.json
2026-02-01 01:50:42,263 - core.data_storage - INFO - [OK] Saved BTC-EUR 2m to .\data/raw\BTC-EUR\BTC-EUR_2m_20260201.csv (23 rows)
2026-02-01 01:50:42,313 - core.data_storage - INFO - Metadata saved to .\data/metadata.json
2026-02-01 01:50:42,325 - core.data_storage - INFO - [OK] Saved BTC-EUR 1m to .\data/raw\BTC-EUR\BTC-EUR_1m_20260201.csv (38 rows)
2026-02-01 01:50:42,378 - core.data_storage - INFO - Metadata saved to .\data/metadata.json
2026-02-01 01:50:42,379 - core.data_storage - INFO - 
============================================================
2026-02-01 01:50:42,379 - core.data_storage - INFO - SAVE SUMMARY:
2026-02-01 01:50:42,380 - core.data_storage - INFO - Saved 10/10 files
2026-02-01 01:50:42,380 - core.data_storage - INFO - Success rate: 100.0%
2026-02-01 01:50:42,380 - core.data_storage - INFO - ============================================================
2026-02-01 01:51:20,376 - core.ticker_selector - INFO - Manual tickers set: ['SAP']
2026-02-01 01:51:21,058 - core.ticker_selector - INFO - [OK] Valid ticker: SAP
2026-02-01 01:51:21,059 - core.ticker_selector - INFO - Validation complete: 1/1 tickers valid
2026-02-01 01:51:21,059 - core.data_fetcher - INFO - 
============================================================
2026-02-01 01:51:21,059 - core.data_fetcher - INFO - Fetching all timeframes for SAP
2026-02-01 01:51:21,059 - core.data_fetcher - INFO - ============================================================
2026-02-01 01:51:21,060 - core.data_fetcher - INFO - Fetching SAP - 4h (attempt 1/3)
2026-02-01 01:51:22,323 - core.data_fetcher - INFO - Resampling hourly data to 4-hour intervals
2026-02-01 01:51:22,338 - core.data_fetcher - INFO - [OK] Successfully fetched 119 rows for SAP at 4h
2026-02-01 01:51:22,339 - core.data_fetcher - INFO - Fetching SAP - 1d (attempt 1/3)
2026-02-01 01:51:22,632 - core.data_fetcher - INFO - [OK] Successfully fetched 345 rows for SAP at 1d
2026-02-01 01:51:22,632 - core.data_fetcher - INFO - Fetching SAP - 1wk (attempt 1/3)
2026-02-01 01:51:22,994 - core.data_fetcher - INFO - [OK] Successfully fetched 104 rows for SAP at 1wk
2026-02-01 01:51:22,994 - core.data_fetcher - INFO - Fetching SAP - 1mo (attempt 1/3)
2026-02-01 01:51:23,234 - core.data_fetcher - INFO - [OK] Successfully fetched 59 rows for SAP at 1mo
2026-02-01 01:51:23,234 - core.data_fetcher - INFO - Fetching SAP - 3mo (attempt 1/3)
2026-02-01 01:51:23,492 - core.data_fetcher - INFO - [OK] Successfully fetched 20 rows for SAP at 3mo
2026-02-01 01:51:23,493 - core.data_fetcher - INFO - Fetching SAP - 1h (attempt 1/3)
2026-02-01 01:51:23,742 - core.data_fetcher - INFO - [OK] Successfully fetched 276 rows for SAP at 1h
2026-02-01 01:51:23,743 - core.data_fetcher - INFO - Fetching SAP - 30m (attempt 1/3)
2026-02-01 01:51:24,082 - yfinance - ERROR - $SAP: possibly delisted; no price data found  (period=2mo) (Yahoo error = "15m data not available for startTime=1764550284 and endTime=1769907084. The requested range must be within the last 60 days.")
2026-02-01 01:51:24,087 - yfinance - ERROR - 
1 Failed download:
2026-02-01 01:51:24,088 - yfinance - ERROR - ['SAP']: possibly delisted; no price data found  (period=2mo) (Yahoo error = "15m data not available for startTime=1764550284 and endTime=1769907084. The requested range must be within the last 60 days.")
2026-02-01 01:51:24,097 - core.data_fetcher - WARNING - No data returned for SAP at 30m
2026-02-01 01:51:26,099 - core.data_fetcher - INFO - Fetching SAP - 30m (attempt 2/3)
2026-02-01 01:51:26,505 - yfinance - ERROR - $SAP: possibly delisted; no price data found  (period=2mo) (Yahoo error = "15m data not available for startTime=1764550286 and endTime=1769907086. The requested range must be within the last 60 days.")
2026-02-01 01:51:26,508 - yfinance - ERROR - 
1 Failed download:
2026-02-01 01:51:26,509 - yfinance - ERROR - ['SAP']: possibly delisted; no price data found  (period=2mo) (Yahoo error = "15m data not available for startTime=1764550286 and endTime=1769907086. The requested range must be within the last 60 days.")
2026-02-01 01:51:26,521 - core.data_fetcher - WARNING - No data returned for SAP at 30m
2026-02-01 01:51:28,524 - core.data_fetcher - INFO - Fetching SAP - 30m (attempt 3/3)
2026-02-01 01:51:28,890 - yfinance - ERROR - $SAP: possibly delisted; no price data found  (period=2mo) (Yahoo error = "15m data not available for startTime=1764550288 and endTime=1769907088. The requested range must be within the last 60 days.")
2026-02-01 01:51:28,895 - yfinance - ERROR - 
1 Failed download:
2026-02-01 01:51:28,895 - yfinance - ERROR - ['SAP']: possibly delisted; no price data found  (period=2mo) (Yahoo error = "15m data not available for startTime=1764550288 and endTime=1769907088. The requested range must be within the last 60 days.")
2026-02-01 01:51:28,904 - core.data_fetcher - WARNING - No data returned for SAP at 30m
2026-02-01 01:51:28,905 - core.data_fetcher - ERROR - Failed to fetch SAP at 30m
2026-02-01 01:51:28,905 - core.data_fetcher - INFO - Fetching SAP - 15m (attempt 1/3)
2026-02-01 01:51:29,278 - yfinance - ERROR - $SAP: possibly delisted; no price data found  (period=2mo) (Yahoo error = "15m data not available for startTime=1764550289 and endTime=1769907089. The requested range must be within the last 60 days.")
2026-02-01 01:51:29,278 - yfinance - ERROR - 
1 Failed download:
2026-02-01 01:51:29,280 - yfinance - ERROR - ['SAP']: possibly delisted; no price data found  (period=2mo) (Yahoo error = "15m data not available for startTime=1764550289 and endTime=1769907089. The requested range must be within the last 60 days.")
2026-02-01 01:51:29,287 - core.data_fetcher - WARNING - No data returned for SAP at 15m
2026-02-01 01:51:31,290 - core.data_fetcher - INFO - Fetching SAP - 15m (attempt 2/3)
2026-02-01 01:51:31,863 - yfinance - ERROR - $SAP: possibly delisted; no price data found  (period=2mo) (Yahoo error = "15m data not available for startTime=1764550291 and endTime=1769907091. The requested range must be within the last 60 days.")
2026-02-01 01:51:31,863 - yfinance - ERROR - 
1 Failed download:
2026-02-01 01:51:31,865 - yfinance - ERROR - ['SAP']: possibly delisted; no price data found  (period=2mo) (Yahoo error = "15m data not available for startTime=1764550291 and endTime=1769907091. The requested range must be within the last 60 days.")
2026-02-01 01:51:31,878 - core.data_fetcher - WARNING - No data returned for SAP at 15m
2026-02-01 01:51:33,879 - core.data_fetcher - INFO - Fetching SAP - 15m (attempt 3/3)
2026-02-01 01:51:34,263 - yfinance - ERROR - $SAP: possibly delisted; no price data found  (period=2mo) (Yahoo error = "15m data not available for startTime=1764550294 and endTime=1769907094. The requested range must be within the last 60 days.")
2026-02-01 01:51:34,270 - yfinance - ERROR - 
1 Failed download:
2026-02-01 01:51:34,271 - yfinance - ERROR - ['SAP']: possibly delisted; no price data found  (period=2mo) (Yahoo error = "15m data not available for startTime=1764550294 and endTime=1769907094. The requested range must be within the last 60 days.")
2026-02-01 01:51:34,279 - core.data_fetcher - WARNING - No data returned for SAP at 15m
2026-02-01 01:51:34,279 - core.data_fetcher - ERROR - Failed to fetch SAP at 15m
2026-02-01 01:51:34,281 - core.data_fetcher - INFO - Fetching SAP - 5m (attempt 1/3)
2026-02-01 01:51:34,508 - core.data_fetcher - INFO - [OK] Successfully fetched 312 rows for SAP at 5m
2026-02-01 01:51:34,509 - core.data_fetcher - INFO - Fetching SAP - 3m (attempt 1/3)
2026-02-01 01:51:34,751 - core.data_fetcher - INFO - Resampling 1-minute data to 3-minute intervals
2026-02-01 01:51:34,765 - core.data_fetcher - WARNING - SAP 3m: Only 0 rows (expected >= 15)
2026-02-01 01:51:34,765 - core.data_fetcher - WARNING - Data quality check failed for SAP at 3m
2026-02-01 01:51:36,767 - core.data_fetcher - INFO - Fetching SAP - 3m (attempt 2/3)
2026-02-01 01:51:37,015 - core.data_fetcher - INFO - Resampling 1-minute data to 3-minute intervals
2026-02-01 01:51:37,029 - core.data_fetcher - WARNING - SAP 3m: Only 0 rows (expected >= 15)
2026-02-01 01:51:37,031 - core.data_fetcher - WARNING - Data quality check failed for SAP at 3m
2026-02-01 01:51:38,384 - core.ticker_selector - INFO - Manual tickers set: ['SAP']
2026-02-01 01:51:39,032 - core.data_fetcher - INFO - Fetching SAP - 3m (attempt 3/3)
2026-02-01 01:51:39,218 - core.ticker_selector - INFO - [OK] Valid ticker: SAP
2026-02-01 01:51:39,218 - core.ticker_selector - INFO - Validation complete: 1/1 tickers valid
2026-02-01 01:51:39,219 - core.data_fetcher - INFO - 
============================================================
2026-02-01 01:51:39,220 - core.data_fetcher - INFO - Fetching all timeframes for SAP
2026-02-01 01:51:39,220 - core.data_fetcher - INFO - ============================================================
2026-02-01 01:51:39,221 - core.data_fetcher - INFO - Fetching SAP - 4h (attempt 1/3)
2026-02-01 01:51:39,249 - core.data_fetcher - INFO - Resampling 1-minute data to 3-minute intervals
2026-02-01 01:51:39,264 - core.data_fetcher - WARNING - SAP 3m: Only 0 rows (expected >= 15)
2026-02-01 01:51:39,265 - core.data_fetcher - WARNING - Data quality check failed for SAP at 3m
2026-02-01 01:51:39,269 - core.data_fetcher - INFO - [OK] Successfully fetched 0 rows for SAP at 3m
2026-02-01 01:51:39,270 - core.data_fetcher - INFO - Fetching SAP - 2m (attempt 1/3)
2026-02-01 01:51:39,480 - core.data_fetcher - WARNING - SAP 2m: Only 0 rows (expected >= 20)
2026-02-01 01:51:39,481 - core.data_fetcher - WARNING - Data quality check failed for SAP at 2m
2026-02-01 01:51:39,908 - core.data_fetcher - INFO - Resampling hourly data to 4-hour intervals
2026-02-01 01:51:39,942 - core.data_fetcher - INFO - [OK] Successfully fetched 119 rows for SAP at 4h
2026-02-01 01:51:39,943 - core.data_fetcher - INFO - Fetching SAP - 1d (attempt 1/3)
2026-02-01 01:51:40,305 - core.data_fetcher - INFO - [OK] Successfully fetched 345 rows for SAP at 1d
2026-02-01 01:51:40,306 - core.data_fetcher - INFO - Fetching SAP - 1wk (attempt 1/3)
2026-02-01 01:51:40,551 - core.data_fetcher - INFO - [OK] Successfully fetched 104 rows for SAP at 1wk
2026-02-01 01:51:40,551 - core.data_fetcher - INFO - Fetching SAP - 1mo (attempt 1/3)
2026-02-01 01:51:40,781 - core.data_fetcher - INFO - [OK] Successfully fetched 59 rows for SAP at 1mo
2026-02-01 01:51:40,781 - core.data_fetcher - INFO - Fetching SAP - 3mo (attempt 1/3)
2026-02-01 01:51:41,029 - core.data_fetcher - INFO - [OK] Successfully fetched 20 rows for SAP at 3mo
2026-02-01 01:51:41,031 - core.data_fetcher - INFO - Fetching SAP - 1h (attempt 1/3)
2026-02-01 01:51:41,281 - core.data_fetcher - INFO - [OK] Successfully fetched 276 rows for SAP at 1h
2026-02-01 01:51:41,281 - core.data_fetcher - INFO - Fetching SAP - 30m (attempt 1/3)
2026-02-01 01:51:41,482 - core.data_fetcher - INFO - Fetching SAP - 2m (attempt 2/3)
2026-02-01 01:51:41,610 - yfinance - ERROR - $SAP: possibly delisted; no price data found  (period=2mo) (Yahoo error = "15m data not available for startTime=1764550301 and endTime=1769907101. The requested range must be within the last 60 days.")
2026-02-01 01:51:41,612 - yfinance - ERROR - 
1 Failed download:
2026-02-01 01:51:41,612 - yfinance - ERROR - ['SAP']: possibly delisted; no price data found  (period=2mo) (Yahoo error = "15m data not available for startTime=1764550301 and endTime=1769907101. The requested range must be within the last 60 days.")
2026-02-01 01:51:41,625 - core.data_fetcher - WARNING - No data returned for SAP at 30m
2026-02-01 01:51:41,678 - core.data_fetcher - WARNING - SAP 2m: Only 0 rows (expected >= 20)
2026-02-01 01:51:41,678 - core.data_fetcher - WARNING - Data quality check failed for SAP at 2m
2026-02-01 01:51:43,630 - core.data_fetcher - INFO - Fetching SAP - 30m (attempt 2/3)
2026-02-01 01:51:43,679 - core.data_fetcher - INFO - Fetching SAP - 2m (attempt 3/3)
2026-02-01 01:51:43,875 - core.data_fetcher - WARNING - SAP 2m: Only 0 rows (expected >= 20)
2026-02-01 01:51:43,875 - core.data_fetcher - WARNING - Data quality check failed for SAP at 2m
2026-02-01 01:51:43,881 - core.data_fetcher - INFO - [OK] Successfully fetched 0 rows for SAP at 2m
2026-02-01 01:51:43,882 - core.data_fetcher - INFO - Fetching SAP - 1m (attempt 1/3)
2026-02-01 01:51:44,040 - yfinance - ERROR - $SAP: possibly delisted; no price data found  (period=2mo) (Yahoo error = "15m data not available for startTime=1764550304 and endTime=1769907104. The requested range must be within the last 60 days.")
2026-02-01 01:51:44,046 - yfinance - ERROR - 
1 Failed download:
2026-02-01 01:51:44,051 - yfinance - ERROR - ['SAP']: possibly delisted; no price data found  (period=2mo) (Yahoo error = "15m data not available for startTime=1764550304 and endTime=1769907104. The requested range must be within the last 60 days.")
2026-02-01 01:51:44,091 - core.data_fetcher - WARNING - No data returned for SAP at 30m
2026-02-01 01:51:44,205 - core.data_fetcher - WARNING - SAP 1m: Only 0 rows (expected >= 30)
2026-02-01 01:51:44,205 - core.data_fetcher - WARNING - Data quality check failed for SAP at 1m
2026-02-01 01:51:46,092 - core.data_fetcher - INFO - Fetching SAP - 30m (attempt 3/3)
2026-02-01 01:51:46,206 - core.data_fetcher - INFO - Fetching SAP - 1m (attempt 2/3)
2026-02-01 01:51:46,432 - yfinance - ERROR - $SAP: possibly delisted; no price data found  (period=2mo) (Yahoo error = "15m data not available for startTime=1764550306 and endTime=1769907106. The requested range must be within the last 60 days.")
2026-02-01 01:51:46,434 - yfinance - ERROR - 
1 Failed download:
2026-02-01 01:51:46,435 - yfinance - ERROR - ['SAP']: possibly delisted; no price data found  (period=2mo) (Yahoo error = "15m data not available for startTime=1764550306 and endTime=1769907106. The requested range must be within the last 60 days.")
2026-02-01 01:51:46,436 - core.data_fetcher - WARNING - SAP 1m: Only 0 rows (expected >= 30)
2026-02-01 01:51:46,436 - core.data_fetcher - WARNING - Data quality check failed for SAP at 1m
2026-02-01 01:51:46,443 - core.data_fetcher - WARNING - No data returned for SAP at 30m
2026-02-01 01:51:46,445 - core.data_fetcher - ERROR - Failed to fetch SAP at 30m
2026-02-01 01:51:46,446 - core.data_fetcher - INFO - Fetching SAP - 15m (attempt 1/3)
2026-02-01 01:51:46,850 - yfinance - ERROR - $SAP: possibly delisted; no price data found  (period=2mo) (Yahoo error = "15m data not available for startTime=1764550306 and endTime=1769907106. The requested range must be within the last 60 days.")
2026-02-01 01:51:46,852 - yfinance - ERROR - 
1 Failed download:
2026-02-01 01:51:46,853 - yfinance - ERROR - ['SAP']: possibly delisted; no price data found  (period=2mo) (Yahoo error = "15m data not available for startTime=1764550306 and endTime=1769907106. The requested range must be within the last 60 days.")
2026-02-01 01:51:46,861 - core.data_fetcher - WARNING - No data returned for SAP at 15m
2026-02-01 01:51:48,438 - core.data_fetcher - INFO - Fetching SAP - 1m (attempt 3/3)
2026-02-01 01:51:48,655 - core.data_fetcher - WARNING - SAP 1m: Only 0 rows (expected >= 30)
2026-02-01 01:51:48,656 - core.data_fetcher - WARNING - Data quality check failed for SAP at 1m
2026-02-01 01:51:48,662 - core.data_fetcher - INFO - [OK] Successfully fetched 0 rows for SAP at 1m
2026-02-01 01:51:48,862 - core.data_fetcher - INFO - Fetching SAP - 15m (attempt 2/3)
2026-02-01 01:51:49,219 - yfinance - ERROR - $SAP: possibly delisted; no price data found  (period=2mo) (Yahoo error = "15m data not available for startTime=1764550309 and endTime=1769907109. The requested range must be within the last 60 days.")
2026-02-01 01:51:49,220 - yfinance - ERROR - 
1 Failed download:
2026-02-01 01:51:49,222 - yfinance - ERROR - ['SAP']: possibly delisted; no price data found  (period=2mo) (Yahoo error = "15m data not available for startTime=1764550309 and endTime=1769907109. The requested range must be within the last 60 days.")
2026-02-01 01:51:49,232 - core.data_fetcher - WARNING - No data returned for SAP at 15m
2026-02-01 01:51:49,714 - core.data_storage - INFO - 
Saving all timeframes for SAP
2026-02-01 01:51:49,734 - core.data_storage - INFO - [OK] Saved SAP 4h to .\data/raw\SAP\SAP_4h_20260201.csv (119 rows)
2026-02-01 01:51:49,782 - core.data_storage - INFO - Metadata saved to .\data/metadata.json
2026-02-01 01:51:49,797 - core.data_storage - INFO - [OK] Saved SAP 1d to .\data/raw\SAP\SAP_1d_20260201.csv (345 rows)
2026-02-01 01:51:49,851 - core.data_storage - INFO - Metadata saved to .\data/metadata.json
2026-02-01 01:51:49,858 - core.data_storage - INFO - [OK] Saved SAP 1wk to .\data/raw\SAP\SAP_1wk_20260201.csv (104 rows)
2026-02-01 01:51:49,898 - core.data_storage - INFO - Metadata saved to .\data/metadata.json
2026-02-01 01:51:49,902 - core.data_storage - INFO - [OK] Saved SAP 1mo to .\data/raw\SAP\SAP_1mo_20260201.csv (59 rows)
2026-02-01 01:51:49,949 - core.data_storage - INFO - Metadata saved to .\data/metadata.json
2026-02-01 01:51:49,962 - core.data_storage - INFO - [OK] Saved SAP 3mo to .\data/raw\SAP\SAP_3mo_20260201.csv (20 rows)
2026-02-01 01:51:50,037 - core.data_storage - INFO - Metadata saved to .\data/metadata.json
2026-02-01 01:51:50,065 - core.data_storage - INFO - [OK] Saved SAP 1h to .\data/raw\SAP\SAP_1h_20260201.csv (276 rows)
2026-02-01 01:51:50,133 - core.data_storage - INFO - Metadata saved to .\data/metadata.json
2026-02-01 01:51:50,159 - core.data_storage - INFO - [OK] Saved SAP 5m to .\data/raw\SAP\SAP_5m_20260201.csv (312 rows)
2026-02-01 01:51:50,199 - core.data_storage - INFO - Metadata saved to .\data/metadata.json
2026-02-01 01:51:50,199 - core.data_storage - INFO - 
============================================================
2026-02-01 01:51:50,199 - core.data_storage - INFO - SAVE SUMMARY:
2026-02-01 01:51:50,199 - core.data_storage - INFO - Saved 7/10 files
2026-02-01 01:51:50,199 - core.data_storage - INFO - Success rate: 70.0%
2026-02-01 01:51:50,201 - core.data_storage - INFO - ============================================================
2026-02-01 01:51:51,233 - core.data_fetcher - INFO - Fetching SAP - 15m (attempt 3/3)
2026-02-01 01:51:51,623 - yfinance - ERROR - $SAP: possibly delisted; no price data found  (period=2mo) (Yahoo error = "15m data not available for startTime=1764550311 and endTime=1769907111. The requested range must be within the last 60 days.")
2026-02-01 01:51:51,623 - yfinance - ERROR - 
1 Failed download:
2026-02-01 01:51:51,625 - yfinance - ERROR - ['SAP']: possibly delisted; no price data found  (period=2mo) (Yahoo error = "15m data not available for startTime=1764550311 and endTime=1769907111. The requested range must be within the last 60 days.")
2026-02-01 01:51:51,634 - core.data_fetcher - WARNING - No data returned for SAP at 15m
2026-02-01 01:51:51,635 - core.data_fetcher - ERROR - Failed to fetch SAP at 15m
2026-02-01 01:51:51,635 - core.data_fetcher - INFO - Fetching SAP - 5m (attempt 1/3)
2026-02-01 01:51:51,820 - core.data_fetcher - INFO - [OK] Successfully fetched 312 rows for SAP at 5m
2026-02-01 01:51:51,820 - core.data_fetcher - INFO - Fetching SAP - 3m (attempt 1/3)
2026-02-01 01:51:52,005 - core.data_fetcher - INFO - Resampling 1-minute data to 3-minute intervals
2026-02-01 01:51:52,021 - core.data_fetcher - WARNING - SAP 3m: Only 0 rows (expected >= 15)
2026-02-01 01:51:52,022 - core.data_fetcher - WARNING - Data quality check failed for SAP at 3m
2026-02-01 01:51:54,023 - core.data_fetcher - INFO - Fetching SAP - 3m (attempt 2/3)
2026-02-01 01:51:54,342 - core.data_fetcher - INFO - Resampling 1-minute data to 3-minute intervals
2026-02-01 01:51:54,409 - core.data_fetcher - WARNING - SAP 3m: Only 0 rows (expected >= 15)
2026-02-01 01:51:54,413 - core.data_fetcher - WARNING - Data quality check failed for SAP at 3m
2026-02-01 01:51:56,415 - core.data_fetcher - INFO - Fetching SAP - 3m (attempt 3/3)
2026-02-01 01:51:56,707 - core.data_fetcher - INFO - Resampling 1-minute data to 3-minute intervals
2026-02-01 01:51:56,723 - core.data_fetcher - WARNING - SAP 3m: Only 0 rows (expected >= 15)
2026-02-01 01:51:56,724 - core.data_fetcher - WARNING - Data quality check failed for SAP at 3m
2026-02-01 01:51:56,731 - core.data_fetcher - INFO - [OK] Successfully fetched 0 rows for SAP at 3m
2026-02-01 01:51:56,731 - core.data_fetcher - INFO - Fetching SAP - 2m (attempt 1/3)
2026-02-01 01:51:56,965 - core.data_fetcher - WARNING - SAP 2m: Only 0 rows (expected >= 20)
2026-02-01 01:51:56,965 - core.data_fetcher - WARNING - Data quality check failed for SAP at 2m
2026-02-01 01:51:58,966 - core.data_fetcher - INFO - Fetching SAP - 2m (attempt 2/3)
2026-02-01 01:51:59,067 - core.data_fetcher - WARNING - SAP 2m: Only 0 rows (expected >= 20)
2026-02-01 01:51:59,067 - core.data_fetcher - WARNING - Data quality check failed for SAP at 2m
2026-02-01 01:52:01,068 - core.data_fetcher - INFO - Fetching SAP - 2m (attempt 3/3)
2026-02-01 01:52:01,215 - core.data_fetcher - WARNING - SAP 2m: Only 0 rows (expected >= 20)
2026-02-01 01:52:01,215 - core.data_fetcher - WARNING - Data quality check failed for SAP at 2m
2026-02-01 01:52:01,218 - core.data_fetcher - INFO - [OK] Successfully fetched 0 rows for SAP at 2m
2026-02-01 01:52:01,218 - core.data_fetcher - INFO - Fetching SAP - 1m (attempt 1/3)
2026-02-01 01:52:01,368 - core.data_fetcher - WARNING - SAP 1m: Only 0 rows (expected >= 30)
2026-02-01 01:52:01,368 - core.data_fetcher - WARNING - Data quality check failed for SAP at 1m
2026-02-01 01:52:02,707 - core.ticker_selector - INFO - Manual tickers set: ['BTC-EUR']
2026-02-01 01:52:03,369 - core.data_fetcher - INFO - Fetching SAP - 1m (attempt 2/3)
2026-02-01 01:52:03,378 - core.ticker_selector - INFO - [OK] Valid ticker: BTC-EUR
2026-02-01 01:52:03,379 - core.ticker_selector - INFO - Validation complete: 1/1 tickers valid
2026-02-01 01:52:03,387 - core.data_fetcher - INFO - 
============================================================
2026-02-01 01:52:03,388 - core.data_fetcher - INFO - Fetching all timeframes for BTC-EUR
2026-02-01 01:52:03,388 - core.data_fetcher - INFO - ============================================================
2026-02-01 01:52:03,388 - core.data_fetcher - INFO - Fetching BTC-EUR - 4h (attempt 1/3)
2026-02-01 01:52:03,565 - core.data_fetcher - WARNING - SAP 1m: Only 0 rows (expected >= 30)
2026-02-01 01:52:03,567 - core.data_fetcher - WARNING - Data quality check failed for SAP at 1m
2026-02-01 01:52:03,688 - core.data_fetcher - INFO - Resampling hourly data to 4-hour intervals
2026-02-01 01:52:03,715 - core.data_fetcher - INFO - [OK] Successfully fetched 360 rows for BTC-EUR at 4h
2026-02-01 01:52:03,716 - core.data_fetcher - INFO - Fetching BTC-EUR - 1d (attempt 1/3)
2026-02-01 01:52:03,976 - core.data_fetcher - INFO - [OK] Successfully fetched 503 rows for BTC-EUR at 1d
2026-02-01 01:52:03,977 - core.data_fetcher - INFO - Fetching BTC-EUR - 1wk (attempt 1/3)
2026-02-01 01:52:04,196 - core.data_fetcher - INFO - [OK] Successfully fetched 104 rows for BTC-EUR at 1wk
2026-02-01 01:52:04,198 - core.data_fetcher - INFO - Fetching BTC-EUR - 1mo (attempt 1/3)
2026-02-01 01:52:04,371 - core.data_fetcher - INFO - [OK] Successfully fetched 60 rows for BTC-EUR at 1mo
2026-02-01 01:52:04,372 - core.data_fetcher - INFO - Fetching BTC-EUR - 3mo (attempt 1/3)
2026-02-01 01:52:04,555 - core.data_fetcher - INFO - [OK] Successfully fetched 20 rows for BTC-EUR at 3mo
2026-02-01 01:52:04,556 - core.data_fetcher - INFO - Fetching BTC-EUR - 1h (attempt 1/3)
2026-02-01 01:52:04,845 - core.data_fetcher - WARNING - BTC-EUR 1h: 51.4% rows have zero volume
2026-02-01 01:52:04,857 - core.data_fetcher - INFO - [OK] Successfully fetched 1437 rows for BTC-EUR at 1h
2026-02-01 01:52:04,859 - core.data_fetcher - INFO - Fetching BTC-EUR - 30m (attempt 1/3)
2026-02-01 01:52:05,306 - core.data_fetcher - INFO - [OK] Successfully fetched 1434 rows for BTC-EUR at 30m
2026-02-01 01:52:05,308 - core.data_fetcher - INFO - Fetching BTC-EUR - 15m (attempt 1/3)
2026-02-01 01:52:05,568 - core.data_fetcher - INFO - Fetching SAP - 1m (attempt 3/3)
2026-02-01 01:52:05,680 - core.data_fetcher - INFO - [OK] Successfully fetched 2867 rows for BTC-EUR at 15m
2026-02-01 01:52:05,681 - core.data_fetcher - INFO - Fetching BTC-EUR - 5m (attempt 1/3)
2026-02-01 01:52:05,796 - core.data_fetcher - WARNING - SAP 1m: Only 0 rows (expected >= 30)
2026-02-01 01:52:05,797 - core.data_fetcher - WARNING - Data quality check failed for SAP at 1m
2026-02-01 01:52:05,803 - core.data_fetcher - INFO - [OK] Successfully fetched 0 rows for SAP at 1m
2026-02-01 01:52:05,924 - core.data_fetcher - WARNING - BTC-EUR 5m: 48.8% rows have zero volume
2026-02-01 01:52:05,936 - core.data_fetcher - INFO - [OK] Successfully fetched 1124 rows for BTC-EUR at 5m
2026-02-01 01:52:05,937 - core.data_fetcher - INFO - Fetching BTC-EUR - 3m (attempt 1/3)
2026-02-01 01:52:06,173 - core.data_fetcher - INFO - Resampling 1-minute data to 3-minute intervals
2026-02-01 01:52:06,197 - core.data_fetcher - INFO - [OK] Successfully fetched 16 rows for BTC-EUR at 3m
2026-02-01 01:52:06,198 - core.data_fetcher - INFO - Fetching BTC-EUR - 2m (attempt 1/3)
2026-02-01 01:52:06,368 - core.data_fetcher - INFO - [OK] Successfully fetched 24 rows for BTC-EUR at 2m
2026-02-01 01:52:06,368 - core.data_fetcher - INFO - Fetching BTC-EUR - 1m (attempt 1/3)
2026-02-01 01:52:06,523 - core.data_fetcher - WARNING - BTC-EUR 1m: 48.7% rows have zero volume
2026-02-01 01:52:06,527 - core.data_fetcher - INFO - [OK] Successfully fetched 39 rows for BTC-EUR at 1m
2026-02-01 01:52:06,844 - core.data_storage - INFO - 
Saving all timeframes for SAP
2026-02-01 01:52:06,849 - core.data_storage - INFO - [OK] Saved SAP 4h to .\data/raw\SAP\SAP_4h_20260201.csv (119 rows)
2026-02-01 01:52:06,891 - core.data_storage - INFO - Metadata saved to .\data/metadata.json
2026-02-01 01:52:06,901 - core.data_storage - INFO - [OK] Saved SAP 1d to .\data/raw\SAP\SAP_1d_20260201.csv (345 rows)
2026-02-01 01:52:06,945 - core.data_storage - INFO - Metadata saved to .\data/metadata.json
2026-02-01 01:52:06,951 - core.data_storage - INFO - [OK] Saved SAP 1wk to .\data/raw\SAP\SAP_1wk_20260201.csv (104 rows)
2026-02-01 01:52:06,996 - core.data_storage - INFO - Metadata saved to .\data/metadata.json
2026-02-01 01:52:06,999 - core.data_storage - INFO - [OK] Saved SAP 1mo to .\data/raw\SAP\SAP_1mo_20260201.csv (59 rows)
2026-02-01 01:52:07,038 - core.data_storage - INFO - Metadata saved to .\data/metadata.json
2026-02-01 01:52:07,041 - core.data_storage - INFO - [OK] Saved SAP 3mo to .\data/raw\SAP\SAP_3mo_20260201.csv (20 rows)
2026-02-01 01:52:07,086 - core.data_storage - INFO - Metadata saved to .\data/metadata.json
2026-02-01 01:52:07,097 - core.data_storage - INFO - [OK] Saved SAP 1h to .\data/raw\SAP\SAP_1h_20260201.csv (276 rows)
2026-02-01 01:52:07,148 - core.data_storage - INFO - Metadata saved to .\data/metadata.json
2026-02-01 01:52:07,162 - core.data_storage - INFO - [OK] Saved SAP 5m to .\data/raw\SAP\SAP_5m_20260201.csv (312 rows)
2026-02-01 01:52:07,209 - core.data_storage - INFO - Metadata saved to .\data/metadata.json
2026-02-01 01:52:07,209 - core.data_storage - INFO - 
============================================================
2026-02-01 01:52:07,209 - core.data_storage - INFO - SAVE SUMMARY:
2026-02-01 01:52:07,209 - core.data_storage - INFO - Saved 7/10 files
2026-02-01 01:52:07,210 - core.data_storage - INFO - Success rate: 70.0%
2026-02-01 01:52:07,210 - core.data_storage - INFO - ============================================================
2026-02-01 01:52:07,575 - core.data_storage - INFO - 
Saving all timeframes for BTC-EUR
2026-02-01 01:52:07,594 - core.data_storage - INFO - [OK] Saved BTC-EUR 4h to .\data/raw\BTC-EUR\BTC-EUR_4h_20260201.csv (360 rows)
2026-02-01 01:52:07,637 - core.data_storage - INFO - Metadata saved to .\data/metadata.json
2026-02-01 01:52:07,649 - core.data_storage - INFO - [OK] Saved BTC-EUR 1d to .\data/raw\BTC-EUR\BTC-EUR_1d_20260201.csv (503 rows)
2026-02-01 01:52:07,700 - core.data_storage - INFO - Metadata saved to .\data/metadata.json
2026-02-01 01:52:07,708 - core.data_storage - INFO - [OK] Saved BTC-EUR 1wk to .\data/raw\BTC-EUR\BTC-EUR_1wk_20260201.csv (104 rows)
2026-02-01 01:52:07,756 - core.data_storage - INFO - Metadata saved to .\data/metadata.json
2026-02-01 01:52:07,766 - core.data_storage - INFO - [OK] Saved BTC-EUR 1mo to .\data/raw\BTC-EUR\BTC-EUR_1mo_20260201.csv (60 rows)
2026-02-01 01:52:07,828 - core.data_storage - INFO - Metadata saved to .\data/metadata.json
2026-02-01 01:52:07,833 - core.data_storage - INFO - [OK] Saved BTC-EUR 3mo to .\data/raw\BTC-EUR\BTC-EUR_3mo_20260201.csv (20 rows)
2026-02-01 01:52:07,876 - core.data_storage - INFO - Metadata saved to .\data/metadata.json
2026-02-01 01:52:07,901 - core.data_storage - INFO - [OK] Saved BTC-EUR 1h to .\data/raw\BTC-EUR\BTC-EUR_1h_20260201.csv (1437 rows)
2026-02-01 01:52:07,944 - core.data_storage - INFO - Metadata saved to .\data/metadata.json
2026-02-01 01:52:07,971 - core.data_storage - INFO - [OK] Saved BTC-EUR 30m to .\data/raw\BTC-EUR\BTC-EUR_30m_20260201.csv (1434 rows)
2026-02-01 01:52:07,998 - core.data_storage - INFO - Metadata saved to .\data/metadata.json
2026-02-01 01:52:08,048 - core.data_storage - INFO - [OK] Saved BTC-EUR 15m to .\data/raw\BTC-EUR\BTC-EUR_15m_20260201.csv (2867 rows)
2026-02-01 01:52:08,087 - core.data_storage - INFO - Metadata saved to .\data/metadata.json
2026-02-01 01:52:08,105 - core.data_storage - INFO - [OK] Saved BTC-EUR 5m to .\data/raw\BTC-EUR\BTC-EUR_5m_20260201.csv (1124 rows)
2026-02-01 01:52:08,153 - core.data_storage - INFO - Metadata saved to .\data/metadata.json
2026-02-01 01:52:08,157 - core.data_storage - INFO - [OK] Saved BTC-EUR 3m to .\data/raw\BTC-EUR\BTC-EUR_3m_20260201.csv (16 rows)
2026-02-01 01:52:08,205 - core.data_storage - INFO - Metadata saved to .\data/metadata.json
2026-02-01 01:52:08,211 - core.data_storage - INFO - [OK] Saved BTC-EUR 2m to .\data/raw\BTC-EUR\BTC-EUR_2m_20260201.csv (24 rows)
2026-02-01 01:52:08,248 - core.data_storage - INFO - Metadata saved to .\data/metadata.json
2026-02-01 01:52:08,259 - core.data_storage - INFO - [OK] Saved BTC-EUR 1m to .\data/raw\BTC-EUR\BTC-EUR_1m_20260201.csv (39 rows)
2026-02-01 01:52:08,308 - core.data_storage - INFO - Metadata saved to .\data/metadata.json
2026-02-01 01:52:08,308 - core.data_storage - INFO - 
============================================================
2026-02-01 01:52:08,309 - core.data_storage - INFO - SAVE SUMMARY:
2026-02-01 01:52:08,309 - core.data_storage - INFO - Saved 12/12 files
2026-02-01 01:52:08,309 - core.data_storage - INFO - Success rate: 100.0%
2026-02-01 01:52:08,311 - core.data_storage - INFO - ============================================================
2026-02-01 01:53:00,972 - core.ticker_selector - INFO - Manual tickers set: ['SAP']
2026-02-01 01:53:01,664 - core.ticker_selector - INFO - [OK] Valid ticker: SAP
2026-02-01 01:53:01,665 - core.ticker_selector - INFO - Validation complete: 1/1 tickers valid
2026-02-01 01:53:01,667 - core.data_fetcher - INFO - 
============================================================
2026-02-01 01:53:01,668 - core.data_fetcher - INFO - Fetching all timeframes for SAP
2026-02-01 01:53:01,668 - core.data_fetcher - INFO - ============================================================
2026-02-01 01:53:01,670 - core.data_fetcher - INFO - Fetching SAP - 4h (attempt 1/3)
2026-02-01 01:53:01,956 - core.data_fetcher - INFO - Resampling hourly data to 4-hour intervals
2026-02-01 01:53:01,965 - core.data_fetcher - INFO - [OK] Successfully fetched 119 rows for SAP at 4h
2026-02-01 01:53:01,966 - core.data_fetcher - INFO - Fetching SAP - 1d (attempt 1/3)
2026-02-01 01:53:02,144 - core.data_fetcher - INFO - [OK] Successfully fetched 345 rows for SAP at 1d
2026-02-01 01:53:02,144 - core.data_fetcher - INFO - Fetching SAP - 1wk (attempt 1/3)
2026-02-01 01:53:02,355 - core.data_fetcher - INFO - [OK] Successfully fetched 104 rows for SAP at 1wk
2026-02-01 01:53:02,355 - core.data_fetcher - INFO - Fetching SAP - 1mo (attempt 1/3)
2026-02-01 01:53:02,520 - core.data_fetcher - INFO - [OK] Successfully fetched 59 rows for SAP at 1mo
2026-02-01 01:53:02,521 - core.data_fetcher - INFO - Fetching SAP - 3mo (attempt 1/3)
2026-02-01 01:53:02,673 - core.data_fetcher - INFO - [OK] Successfully fetched 20 rows for SAP at 3mo
2026-02-01 01:53:02,673 - core.data_fetcher - INFO - Fetching SAP - 1h (attempt 1/3)
2026-02-01 01:53:02,830 - core.data_fetcher - INFO - [OK] Successfully fetched 276 rows for SAP at 1h
2026-02-01 01:53:02,830 - core.data_fetcher - INFO - Fetching SAP - 30m (attempt 1/3)
2026-02-01 01:53:03,025 - core.data_fetcher - INFO - [OK] Successfully fetched 260 rows for SAP at 30m
2026-02-01 01:53:03,026 - core.data_fetcher - INFO - Fetching SAP - 15m (attempt 1/3)
2026-02-01 01:53:03,221 - core.data_fetcher - INFO - [OK] Successfully fetched 520 rows for SAP at 15m
2026-02-01 01:53:03,221 - core.data_fetcher - INFO - Fetching SAP - 5m (attempt 1/3)
2026-02-01 01:53:03,416 - core.data_fetcher - INFO - [OK] Successfully fetched 312 rows for SAP at 5m
2026-02-01 01:53:03,418 - core.data_fetcher - INFO - Fetching SAP - 3m (attempt 1/3)
2026-02-01 01:53:03,611 - core.data_fetcher - INFO - Resampling 1-minute data to 3-minute intervals
2026-02-01 01:53:03,616 - core.data_fetcher - WARNING - SAP 3m: Only 0 rows (expected >= 15)
2026-02-01 01:53:03,616 - core.data_fetcher - WARNING - Data quality check failed for SAP at 3m
2026-02-01 01:53:05,618 - core.data_fetcher - INFO - Fetching SAP - 3m (attempt 2/3)
2026-02-01 01:53:05,784 - core.data_fetcher - INFO - Resampling 1-minute data to 3-minute intervals
2026-02-01 01:53:05,789 - core.data_fetcher - WARNING - SAP 3m: Only 0 rows (expected >= 15)
2026-02-01 01:53:05,790 - core.data_fetcher - WARNING - Data quality check failed for SAP at 3m
2026-02-01 01:53:07,791 - core.data_fetcher - INFO - Fetching SAP - 3m (attempt 3/3)
2026-02-01 01:53:07,889 - core.data_fetcher - INFO - Resampling 1-minute data to 3-minute intervals
2026-02-01 01:53:07,895 - core.data_fetcher - WARNING - SAP 3m: Only 0 rows (expected >= 15)
2026-02-01 01:53:07,896 - core.data_fetcher - WARNING - Data quality check failed for SAP at 3m
2026-02-01 01:53:07,899 - core.data_fetcher - INFO - [OK] Successfully fetched 0 rows for SAP at 3m
2026-02-01 01:53:07,899 - core.data_fetcher - INFO - Fetching SAP - 2m (attempt 1/3)
2026-02-01 01:53:08,047 - core.data_fetcher - WARNING - SAP 2m: Only 0 rows (expected >= 20)
2026-02-01 01:53:08,048 - core.data_fetcher - WARNING - Data quality check failed for SAP at 2m
2026-02-01 01:53:10,048 - core.data_fetcher - INFO - Fetching SAP - 2m (attempt 2/3)
2026-02-01 01:53:10,203 - core.data_fetcher - WARNING - SAP 2m: Only 0 rows (expected >= 20)
2026-02-01 01:53:10,203 - core.data_fetcher - WARNING - Data quality check failed for SAP at 2m
2026-02-01 01:53:12,205 - core.data_fetcher - INFO - Fetching SAP - 2m (attempt 3/3)
2026-02-01 01:53:12,364 - core.data_fetcher - WARNING - SAP 2m: Only 0 rows (expected >= 20)
2026-02-01 01:53:12,365 - core.data_fetcher - WARNING - Data quality check failed for SAP at 2m
2026-02-01 01:53:12,368 - core.data_fetcher - INFO - [OK] Successfully fetched 0 rows for SAP at 2m
2026-02-01 01:53:12,368 - core.data_fetcher - INFO - Fetching SAP - 1m (attempt 1/3)
2026-02-01 01:53:12,514 - core.data_fetcher - WARNING - SAP 1m: Only 0 rows (expected >= 30)
2026-02-01 01:53:12,515 - core.data_fetcher - WARNING - Data quality check failed for SAP at 1m
2026-02-01 01:53:14,516 - core.data_fetcher - INFO - Fetching SAP - 1m (attempt 2/3)
2026-02-01 01:53:14,715 - core.data_fetcher - WARNING - SAP 1m: Only 0 rows (expected >= 30)
2026-02-01 01:53:14,717 - core.data_fetcher - WARNING - Data quality check failed for SAP at 1m
2026-02-01 01:53:16,718 - core.data_fetcher - INFO - Fetching SAP - 1m (attempt 3/3)
2026-02-01 01:53:17,043 - core.data_fetcher - WARNING - SAP 1m: Only 0 rows (expected >= 30)
2026-02-01 01:53:17,043 - core.data_fetcher - WARNING - Data quality check failed for SAP at 1m
2026-02-01 01:53:17,048 - core.data_fetcher - INFO - [OK] Successfully fetched 0 rows for SAP at 1m
2026-02-01 01:53:18,112 - core.data_storage - INFO - 
Saving all timeframes for SAP
2026-02-01 01:53:18,140 - core.data_storage - INFO - [OK] Saved SAP 4h to .\data/raw\SAP\SAP_4h_20260201.csv (119 rows)
2026-02-01 01:53:18,211 - core.data_storage - INFO - Metadata saved to .\data/metadata.json
2026-02-01 01:53:18,234 - core.data_storage - INFO - [OK] Saved SAP 1d to .\data/raw\SAP\SAP_1d_20260201.csv (345 rows)
2026-02-01 01:53:18,298 - core.data_storage - INFO - Metadata saved to .\data/metadata.json
2026-02-01 01:53:18,312 - core.data_storage - INFO - [OK] Saved SAP 1wk to .\data/raw\SAP\SAP_1wk_20260201.csv (104 rows)
2026-02-01 01:53:18,414 - core.data_storage - INFO - Metadata saved to .\data/metadata.json
2026-02-01 01:53:18,430 - core.data_storage - INFO - [OK] Saved SAP 1mo to .\data/raw\SAP\SAP_1mo_20260201.csv (59 rows)
2026-02-01 01:53:18,510 - core.data_storage - INFO - Metadata saved to .\data/metadata.json
2026-02-01 01:53:18,520 - core.data_storage - INFO - [OK] Saved SAP 3mo to .\data/raw\SAP\SAP_3mo_20260201.csv (20 rows)
2026-02-01 01:53:18,582 - core.data_storage - INFO - Metadata saved to .\data/metadata.json
2026-02-01 01:53:18,612 - core.data_storage - INFO - [OK] Saved SAP 1h to .\data/raw\SAP\SAP_1h_20260201.csv (276 rows)
2026-02-01 01:53:18,674 - core.data_storage - INFO - Metadata saved to .\data/metadata.json
2026-02-01 01:53:18,703 - core.data_storage - INFO - [OK] Saved SAP 30m to .\data/raw\SAP\SAP_30m_20260201.csv (260 rows)
2026-02-01 01:53:18,773 - core.data_storage - INFO - Metadata saved to .\data/metadata.json
2026-02-01 01:53:18,816 - core.data_storage - INFO - [OK] Saved SAP 15m to .\data/raw\SAP\SAP_15m_20260201.csv (520 rows)
2026-02-01 01:53:18,903 - core.data_storage - INFO - Metadata saved to .\data/metadata.json
2026-02-01 01:53:18,964 - core.data_storage - INFO - [OK] Saved SAP 5m to .\data/raw\SAP\SAP_5m_20260201.csv (312 rows)
2026-02-01 01:53:19,033 - core.data_storage - INFO - Metadata saved to .\data/metadata.json
2026-02-01 01:53:19,036 - core.data_storage - INFO - 
============================================================
2026-02-01 01:53:19,041 - core.data_storage - INFO - SAVE SUMMARY:
2026-02-01 01:53:19,044 - core.data_storage - INFO - Saved 9/12 files
2026-02-01 01:53:19,046 - core.data_storage - INFO - Success rate: 75.0%
2026-02-01 01:53:19,050 - core.data_storage - INFO - ============================================================
2026-02-01 01:53:22,480 - core.ticker_selector - INFO - Manual tickers set: ['BTC-EUR']
2026-02-01 01:53:23,323 - core.ticker_selector - INFO - [OK] Valid ticker: BTC-EUR
2026-02-01 01:53:23,325 - core.ticker_selector - INFO - Validation complete: 1/1 tickers valid
2026-02-01 01:53:23,326 - core.data_fetcher - INFO - 
============================================================
2026-02-01 01:53:23,326 - core.data_fetcher - INFO - Fetching all timeframes for BTC-EUR
2026-02-01 01:53:23,326 - core.data_fetcher - INFO - ============================================================
2026-02-01 01:53:23,326 - core.data_fetcher - INFO - Fetching BTC-EUR - 4h (attempt 1/3)
2026-02-01 01:53:23,657 - core.data_fetcher - INFO - Resampling hourly data to 4-hour intervals
2026-02-01 01:53:23,687 - core.data_fetcher - INFO - [OK] Successfully fetched 360 rows for BTC-EUR at 4h
2026-02-01 01:53:23,687 - core.data_fetcher - INFO - Fetching BTC-EUR - 1d (attempt 1/3)
2026-02-01 01:53:23,945 - core.data_fetcher - INFO - [OK] Successfully fetched 503 rows for BTC-EUR at 1d
2026-02-01 01:53:23,946 - core.data_fetcher - INFO - Fetching BTC-EUR - 1wk (attempt 1/3)
2026-02-01 01:53:24,152 - core.data_fetcher - INFO - [OK] Successfully fetched 104 rows for BTC-EUR at 1wk
2026-02-01 01:53:24,154 - core.data_fetcher - INFO - Fetching BTC-EUR - 1mo (attempt 1/3)
2026-02-01 01:53:24,354 - core.data_fetcher - INFO - [OK] Successfully fetched 60 rows for BTC-EUR at 1mo
2026-02-01 01:53:24,355 - core.data_fetcher - INFO - Fetching BTC-EUR - 3mo (attempt 1/3)
2026-02-01 01:53:24,553 - core.data_fetcher - INFO - [OK] Successfully fetched 20 rows for BTC-EUR at 3mo
2026-02-01 01:53:24,554 - core.data_fetcher - INFO - Fetching BTC-EUR - 1h (attempt 1/3)
2026-02-01 01:53:24,891 - core.data_fetcher - WARNING - BTC-EUR 1h: 51.4% rows have zero volume
2026-02-01 01:53:24,906 - core.data_fetcher - INFO - [OK] Successfully fetched 1437 rows for BTC-EUR at 1h
2026-02-01 01:53:24,908 - core.data_fetcher - INFO - Fetching BTC-EUR - 30m (attempt 1/3)
2026-02-01 01:53:25,351 - core.data_fetcher - INFO - [OK] Successfully fetched 1434 rows for BTC-EUR at 30m
2026-02-01 01:53:25,353 - core.data_fetcher - INFO - Fetching BTC-EUR - 15m (attempt 1/3)
2026-02-01 01:53:25,782 - core.data_fetcher - INFO - [OK] Successfully fetched 2867 rows for BTC-EUR at 15m
2026-02-01 01:53:25,782 - core.data_fetcher - INFO - Fetching BTC-EUR - 5m (attempt 1/3)
2026-02-01 01:53:26,077 - core.data_fetcher - WARNING - BTC-EUR 5m: 48.8% rows have zero volume
2026-02-01 01:53:26,086 - core.data_fetcher - INFO - [OK] Successfully fetched 1124 rows for BTC-EUR at 5m
2026-02-01 01:53:26,087 - core.data_fetcher - INFO - Fetching BTC-EUR - 3m (attempt 1/3)
2026-02-01 01:53:26,311 - core.data_fetcher - INFO - Resampling 1-minute data to 3-minute intervals
2026-02-01 01:53:26,331 - core.data_fetcher - INFO - [OK] Successfully fetched 17 rows for BTC-EUR at 3m
2026-02-01 01:53:26,332 - core.data_fetcher - INFO - Fetching BTC-EUR - 2m (attempt 1/3)
2026-02-01 01:53:26,575 - core.data_fetcher - INFO - [OK] Successfully fetched 24 rows for BTC-EUR at 2m
2026-02-01 01:53:26,575 - core.data_fetcher - INFO - Fetching BTC-EUR - 1m (attempt 1/3)
2026-02-01 01:53:26,808 - core.data_fetcher - WARNING - BTC-EUR 1m: 50.0% rows have zero volume
2026-02-01 01:53:26,813 - core.data_fetcher - INFO - [OK] Successfully fetched 40 rows for BTC-EUR at 1m
2026-02-01 01:53:27,858 - core.data_storage - INFO - 
Saving all timeframes for BTC-EUR
2026-02-01 01:53:27,895 - core.data_storage - INFO - [OK] Saved BTC-EUR 4h to .\data/raw\BTC-EUR\BTC-EUR_4h_20260201.csv (360 rows)
2026-02-01 01:53:28,026 - core.data_storage - INFO - Metadata saved to .\data/metadata.json
2026-02-01 01:53:28,067 - core.data_storage - INFO - [OK] Saved BTC-EUR 1d to .\data/raw\BTC-EUR\BTC-EUR_1d_20260201.csv (503 rows)
2026-02-01 01:53:28,140 - core.data_storage - INFO - Metadata saved to .\data/metadata.json
2026-02-01 01:53:28,148 - core.data_storage - INFO - [OK] Saved BTC-EUR 1wk to .\data/raw\BTC-EUR\BTC-EUR_1wk_20260201.csv (104 rows)
2026-02-01 01:53:28,196 - core.data_storage - INFO - Metadata saved to .\data/metadata.json
2026-02-01 01:53:28,201 - core.data_storage - INFO - [OK] Saved BTC-EUR 1mo to .\data/raw\BTC-EUR\BTC-EUR_1mo_20260201.csv (60 rows)
2026-02-01 01:53:28,234 - core.data_storage - INFO - Metadata saved to .\data/metadata.json
2026-02-01 01:53:28,240 - core.data_storage - INFO - [OK] Saved BTC-EUR 3mo to .\data/raw\BTC-EUR\BTC-EUR_3mo_20260201.csv (20 rows)
2026-02-01 01:53:28,282 - core.data_storage - INFO - Metadata saved to .\data/metadata.json
2026-02-01 01:53:28,332 - core.data_storage - INFO - [OK] Saved BTC-EUR 1h to .\data/raw\BTC-EUR\BTC-EUR_1h_20260201.csv (1437 rows)
2026-02-01 01:53:28,379 - core.data_storage - INFO - Metadata saved to .\data/metadata.json
2026-02-01 01:53:28,425 - core.data_storage - INFO - [OK] Saved BTC-EUR 30m to .\data/raw\BTC-EUR\BTC-EUR_30m_20260201.csv (1434 rows)
2026-02-01 01:53:28,491 - core.data_storage - INFO - Metadata saved to .\data/metadata.json
2026-02-01 01:53:28,614 - core.data_storage - INFO - [OK] Saved BTC-EUR 15m to .\data/raw\BTC-EUR\BTC-EUR_15m_20260201.csv (2867 rows)
2026-02-01 01:53:28,687 - core.data_storage - INFO - Metadata saved to .\data/metadata.json
2026-02-01 01:53:28,729 - core.data_storage - INFO - [OK] Saved BTC-EUR 5m to .\data/raw\BTC-EUR\BTC-EUR_5m_20260201.csv (1124 rows)
2026-02-01 01:53:28,779 - core.data_storage - INFO - Metadata saved to .\data/metadata.json
2026-02-01 01:53:28,783 - core.data_storage - INFO - [OK] Saved BTC-EUR 3m to .\data/raw\BTC-EUR\BTC-EUR_3m_20260201.csv (17 rows)
2026-02-01 01:53:28,826 - core.data_storage - INFO - Metadata saved to .\data/metadata.json
2026-02-01 01:53:28,833 - core.data_storage - INFO - [OK] Saved BTC-EUR 2m to .\data/raw\BTC-EUR\BTC-EUR_2m_20260201.csv (24 rows)
2026-02-01 01:53:28,884 - core.data_storage - INFO - Metadata saved to .\data/metadata.json
2026-02-01 01:53:28,891 - core.data_storage - INFO - [OK] Saved BTC-EUR 1m to .\data/raw\BTC-EUR\BTC-EUR_1m_20260201.csv (40 rows)
2026-02-01 01:53:28,962 - core.data_storage - INFO - Metadata saved to .\data/metadata.json
2026-02-01 01:53:28,964 - core.data_storage - INFO - 
============================================================
2026-02-01 01:53:28,964 - core.data_storage - INFO - SAVE SUMMARY:
2026-02-01 01:53:28,965 - core.data_storage - INFO - Saved 12/12 files
2026-02-01 01:53:28,965 - core.data_storage - INFO - Success rate: 100.0%
2026-02-01 01:53:28,965 - core.data_storage - INFO - ============================================================
2026-02-01 01:54:14,239 - core.ticker_selector - INFO - Manual tickers set: ['SAP']
2026-02-01 01:54:14,997 - core.ticker_selector - INFO - [OK] Valid ticker: SAP
2026-02-01 01:54:14,997 - core.ticker_selector - INFO - Validation complete: 1/1 tickers valid
2026-02-01 01:54:14,998 - core.data_fetcher - INFO - 
============================================================
2026-02-01 01:54:14,999 - core.data_fetcher - INFO - Fetching all timeframes for SAP
2026-02-01 01:54:14,999 - core.data_fetcher - INFO - ============================================================
2026-02-01 01:54:14,999 - core.data_fetcher - INFO - Fetching SAP - 4h (attempt 1/3)
2026-02-01 01:54:15,542 - core.data_fetcher - INFO - Resampling hourly data to 4-hour intervals
2026-02-01 01:54:15,573 - core.data_fetcher - INFO - [OK] Successfully fetched 119 rows for SAP at 4h
2026-02-01 01:54:15,573 - core.data_fetcher - INFO - Fetching SAP - 1d (attempt 1/3)
2026-02-01 01:54:15,931 - core.data_fetcher - INFO - [OK] Successfully fetched 345 rows for SAP at 1d
2026-02-01 01:54:15,931 - core.data_fetcher - INFO - Fetching SAP - 1wk (attempt 1/3)
2026-02-01 01:54:16,197 - core.data_fetcher - INFO - [OK] Successfully fetched 104 rows for SAP at 1wk
2026-02-01 01:54:16,197 - core.data_fetcher - INFO - Fetching SAP - 1mo (attempt 1/3)
2026-02-01 01:54:16,490 - core.data_fetcher - INFO - [OK] Successfully fetched 59 rows for SAP at 1mo
2026-02-01 01:54:16,491 - core.data_fetcher - INFO - Fetching SAP - 3mo (attempt 1/3)
2026-02-01 01:54:16,796 - core.data_fetcher - INFO - [OK] Successfully fetched 20 rows for SAP at 3mo
2026-02-01 01:54:16,797 - core.data_fetcher - INFO - Fetching SAP - 1h (attempt 1/3)
2026-02-01 01:54:17,021 - core.data_fetcher - INFO - [OK] Successfully fetched 276 rows for SAP at 1h
2026-02-01 01:54:17,021 - core.data_fetcher - INFO - Fetching SAP - 30m (attempt 1/3)
2026-02-01 01:54:17,293 - core.data_fetcher - INFO - [OK] Successfully fetched 260 rows for SAP at 30m
2026-02-01 01:54:17,294 - core.data_fetcher - INFO - Fetching SAP - 15m (attempt 1/3)
2026-02-01 01:54:17,564 - core.data_fetcher - INFO - [OK] Successfully fetched 520 rows for SAP at 15m
2026-02-01 01:54:17,564 - core.data_fetcher - INFO - Fetching SAP - 5m (attempt 1/3)
2026-02-01 01:54:17,832 - core.data_fetcher - INFO - [OK] Successfully fetched 312 rows for SAP at 5m
2026-02-01 01:54:17,832 - core.data_fetcher - INFO - Fetching SAP - 3m (attempt 1/3)
2026-02-01 01:54:18,060 - core.data_fetcher - INFO - Resampling 1-minute data to 3-minute intervals
2026-02-01 01:54:18,076 - core.data_fetcher - WARNING - SAP 3m: Only 0 rows (expected >= 15)
2026-02-01 01:54:18,076 - core.data_fetcher - WARNING - Data quality check failed for SAP at 3m
2026-02-01 01:54:20,078 - core.data_fetcher - INFO - Fetching SAP - 3m (attempt 2/3)
2026-02-01 01:54:20,340 - core.data_fetcher - INFO - Resampling 1-minute data to 3-minute intervals
2026-02-01 01:54:20,353 - core.data_fetcher - WARNING - SAP 3m: Only 0 rows (expected >= 15)
2026-02-01 01:54:20,354 - core.data_fetcher - WARNING - Data quality check failed for SAP at 3m
2026-02-01 01:54:22,355 - core.data_fetcher - INFO - Fetching SAP - 3m (attempt 3/3)
2026-02-01 01:54:22,581 - core.data_fetcher - INFO - Resampling 1-minute data to 3-minute intervals
2026-02-01 01:54:22,595 - core.data_fetcher - WARNING - SAP 3m: Only 0 rows (expected >= 15)
2026-02-01 01:54:22,596 - core.data_fetcher - WARNING - Data quality check failed for SAP at 3m
2026-02-01 01:54:22,602 - core.data_fetcher - INFO - [OK] Successfully fetched 0 rows for SAP at 3m
2026-02-01 01:54:22,602 - core.data_fetcher - INFO - Fetching SAP - 2m (attempt 1/3)
2026-02-01 01:54:22,817 - core.data_fetcher - WARNING - SAP 2m: Only 0 rows (expected >= 20)
2026-02-01 01:54:22,817 - core.data_fetcher - WARNING - Data quality check failed for SAP at 2m
2026-02-01 01:54:24,818 - core.data_fetcher - INFO - Fetching SAP - 2m (attempt 2/3)
2026-02-01 01:54:25,048 - core.data_fetcher - WARNING - SAP 2m: Only 0 rows (expected >= 20)
2026-02-01 01:54:25,049 - core.data_fetcher - WARNING - Data quality check failed for SAP at 2m
2026-02-01 01:54:27,050 - core.data_fetcher - INFO - Fetching SAP - 2m (attempt 3/3)
2026-02-01 01:54:27,216 - core.data_fetcher - WARNING - SAP 2m: Only 0 rows (expected >= 20)
2026-02-01 01:54:27,218 - core.data_fetcher - WARNING - Data quality check failed for SAP at 2m
2026-02-01 01:54:27,225 - core.data_fetcher - INFO - [OK] Successfully fetched 0 rows for SAP at 2m
2026-02-01 01:54:27,225 - core.data_fetcher - INFO - Fetching SAP - 1m (attempt 1/3)
2026-02-01 01:54:27,445 - core.data_fetcher - WARNING - SAP 1m: Only 0 rows (expected >= 30)
2026-02-01 01:54:27,447 - core.data_fetcher - WARNING - Data quality check failed for SAP at 1m
2026-02-01 01:54:29,447 - core.data_fetcher - INFO - Fetching SAP - 1m (attempt 2/3)
2026-02-01 01:54:29,791 - core.data_fetcher - WARNING - SAP 1m: Only 0 rows (expected >= 30)
2026-02-01 01:54:29,792 - core.data_fetcher - WARNING - Data quality check failed for SAP at 1m
2026-02-01 01:54:31,793 - core.data_fetcher - INFO - Fetching SAP - 1m (attempt 3/3)
2026-02-01 01:54:31,998 - core.data_fetcher - WARNING - SAP 1m: Only 0 rows (expected >= 30)
2026-02-01 01:54:31,998 - core.data_fetcher - WARNING - Data quality check failed for SAP at 1m
2026-02-01 01:54:32,005 - core.data_fetcher - INFO - [OK] Successfully fetched 0 rows for SAP at 1m
2026-02-01 01:54:33,049 - core.data_storage - INFO - 
Saving all timeframes for SAP
2026-02-01 01:54:33,071 - core.data_storage - INFO - [OK] Saved SAP 4h to .\data/raw\SAP\SAP_4h_20260201.csv (119 rows)
2026-02-01 01:54:33,119 - core.data_storage - INFO - Metadata saved to .\data/metadata.json
2026-02-01 01:54:33,136 - core.data_storage - INFO - [OK] Saved SAP 1d to .\data/raw\SAP\SAP_1d_20260201.csv (345 rows)
2026-02-01 01:54:33,206 - core.data_storage - INFO - Metadata saved to .\data/metadata.json
2026-02-01 01:54:33,219 - core.data_storage - INFO - [OK] Saved SAP 1wk to .\data/raw\SAP\SAP_1wk_20260201.csv (104 rows)
2026-02-01 01:54:33,271 - core.data_storage - INFO - Metadata saved to .\data/metadata.json
2026-02-01 01:54:33,278 - core.data_storage - INFO - [OK] Saved SAP 1mo to .\data/raw\SAP\SAP_1mo_20260201.csv (59 rows)
2026-02-01 01:54:33,312 - core.data_storage - INFO - Metadata saved to .\data/metadata.json
2026-02-01 01:54:33,317 - core.data_storage - INFO - [OK] Saved SAP 3mo to .\data/raw\SAP\SAP_3mo_20260201.csv (20 rows)
2026-02-01 01:54:33,348 - core.data_storage - INFO - Metadata saved to .\data/metadata.json
2026-02-01 01:54:33,361 - core.data_storage - INFO - [OK] Saved SAP 1h to .\data/raw\SAP\SAP_1h_20260201.csv (276 rows)
2026-02-01 01:54:33,401 - core.data_storage - INFO - Metadata saved to .\data/metadata.json
2026-02-01 01:54:33,414 - core.data_storage - INFO - [OK] Saved SAP 30m to .\data/raw\SAP\SAP_30m_20260201.csv (260 rows)
2026-02-01 01:54:33,496 - core.data_storage - INFO - Metadata saved to .\data/metadata.json
2026-02-01 01:54:33,524 - core.data_storage - INFO - [OK] Saved SAP 15m to .\data/raw\SAP\SAP_15m_20260201.csv (520 rows)
2026-02-01 01:54:33,587 - core.data_storage - INFO - Metadata saved to .\data/metadata.json
2026-02-01 01:54:33,607 - core.data_storage - INFO - [OK] Saved SAP 5m to .\data/raw\SAP\SAP_5m_20260201.csv (312 rows)
2026-02-01 01:54:33,683 - core.data_storage - INFO - Metadata saved to .\data/metadata.json
2026-02-01 01:54:33,686 - core.data_storage - INFO - 
============================================================
2026-02-01 01:54:33,686 - core.data_storage - INFO - SAVE SUMMARY:
2026-02-01 01:54:33,686 - core.data_storage - INFO - Saved 9/12 files
2026-02-01 01:54:33,687 - core.data_storage - INFO - Success rate: 75.0%
2026-02-01 01:54:33,689 - core.data_storage - INFO - ============================================================
2026-02-01 01:55:25,860 - core.ticker_selector - INFO - Manual tickers set: ['SAP']
2026-02-01 01:55:26,477 - core.ticker_selector - INFO - [OK] Valid ticker: SAP
2026-02-01 01:55:26,478 - core.ticker_selector - INFO - Validation complete: 1/1 tickers valid
2026-02-01 01:55:26,478 - core.data_fetcher - INFO - 
============================================================
2026-02-01 01:55:26,478 - core.data_fetcher - INFO - Fetching all timeframes for SAP
2026-02-01 01:55:26,478 - core.data_fetcher - INFO - ============================================================
2026-02-01 01:55:26,479 - core.data_fetcher - INFO - Fetching SAP - 4h (attempt 1/3)
2026-02-01 01:55:26,746 - core.data_fetcher - INFO - Resampling hourly data to 4-hour intervals
2026-02-01 01:55:26,755 - core.data_fetcher - INFO - [OK] Successfully fetched 119 rows for SAP at 4h
2026-02-01 01:55:26,757 - core.data_fetcher - INFO - Fetching SAP - 1d (attempt 1/3)
2026-02-01 01:55:27,029 - core.data_fetcher - INFO - [OK] Successfully fetched 345 rows for SAP at 1d
2026-02-01 01:55:27,030 - core.data_fetcher - INFO - Fetching SAP - 1wk (attempt 1/3)
2026-02-01 01:55:27,223 - core.data_fetcher - INFO - [OK] Successfully fetched 104 rows for SAP at 1wk
2026-02-01 01:55:27,223 - core.data_fetcher - INFO - Fetching SAP - 1mo (attempt 1/3)
2026-02-01 01:55:27,417 - core.data_fetcher - INFO - [OK] Successfully fetched 59 rows for SAP at 1mo
2026-02-01 01:55:27,417 - core.data_fetcher - INFO - Fetching SAP - 3mo (attempt 1/3)
2026-02-01 01:55:27,590 - core.data_fetcher - INFO - [OK] Successfully fetched 20 rows for SAP at 3mo
2026-02-01 01:55:27,590 - core.data_fetcher - INFO - Fetching SAP - 1h (attempt 1/3)
2026-02-01 01:55:27,749 - core.data_fetcher - INFO - [OK] Successfully fetched 276 rows for SAP at 1h
2026-02-01 01:55:27,749 - core.data_fetcher - INFO - Fetching SAP - 30m (attempt 1/3)
2026-02-01 01:55:27,935 - core.data_fetcher - INFO - [OK] Successfully fetched 260 rows for SAP at 30m
2026-02-01 01:55:27,935 - core.data_fetcher - INFO - Fetching SAP - 15m (attempt 1/3)
2026-02-01 01:55:28,031 - core.data_fetcher - INFO - [OK] Successfully fetched 520 rows for SAP at 15m
2026-02-01 01:55:28,032 - core.data_fetcher - INFO - Fetching SAP - 5m (attempt 1/3)
2026-02-01 01:55:28,174 - core.data_fetcher - INFO - [OK] Successfully fetched 312 rows for SAP at 5m
2026-02-01 01:55:28,175 - core.data_fetcher - INFO - Fetching SAP - 3m (attempt 1/3)
2026-02-01 01:55:28,342 - core.data_fetcher - INFO - Resampling 1-minute data to 3-minute intervals
2026-02-01 01:55:28,346 - core.data_fetcher - WARNING - SAP 3m: Only 0 rows (expected >= 15)
2026-02-01 01:55:28,346 - core.data_fetcher - WARNING - Data quality check failed for SAP at 3m
2026-02-01 01:55:30,347 - core.data_fetcher - INFO - Fetching SAP - 3m (attempt 2/3)
2026-02-01 01:55:30,515 - core.data_fetcher - INFO - Resampling 1-minute data to 3-minute intervals
2026-02-01 01:55:30,521 - core.data_fetcher - WARNING - SAP 3m: Only 0 rows (expected >= 15)
2026-02-01 01:55:30,522 - core.data_fetcher - WARNING - Data quality check failed for SAP at 3m
2026-02-01 01:55:32,523 - core.data_fetcher - INFO - Fetching SAP - 3m (attempt 3/3)
2026-02-01 01:55:32,755 - core.data_fetcher - INFO - Resampling 1-minute data to 3-minute intervals
2026-02-01 01:55:32,760 - core.data_fetcher - WARNING - SAP 3m: Only 0 rows (expected >= 15)
2026-02-01 01:55:32,760 - core.data_fetcher - WARNING - Data quality check failed for SAP at 3m
2026-02-01 01:55:32,762 - core.data_fetcher - INFO - [OK] Successfully fetched 0 rows for SAP at 3m
2026-02-01 01:55:32,763 - core.data_fetcher - INFO - Fetching SAP - 2m (attempt 1/3)
2026-02-01 01:55:32,957 - core.data_fetcher - WARNING - SAP 2m: Only 0 rows (expected >= 20)
2026-02-01 01:55:32,957 - core.data_fetcher - WARNING - Data quality check failed for SAP at 2m
2026-02-01 01:55:34,959 - core.data_fetcher - INFO - Fetching SAP - 2m (attempt 2/3)
2026-02-01 01:55:35,102 - core.data_fetcher - WARNING - SAP 2m: Only 0 rows (expected >= 20)
2026-02-01 01:55:35,102 - core.data_fetcher - WARNING - Data quality check failed for SAP at 2m
2026-02-01 01:55:37,103 - core.data_fetcher - INFO - Fetching SAP - 2m (attempt 3/3)
2026-02-01 01:55:37,247 - core.data_fetcher - WARNING - SAP 2m: Only 0 rows (expected >= 20)
2026-02-01 01:55:37,248 - core.data_fetcher - WARNING - Data quality check failed for SAP at 2m
2026-02-01 01:55:37,251 - core.data_fetcher - INFO - [OK] Successfully fetched 0 rows for SAP at 2m
2026-02-01 01:55:37,251 - core.data_fetcher - INFO - Fetching SAP - 1m (attempt 1/3)
2026-02-01 01:55:37,451 - core.data_fetcher - WARNING - SAP 1m: Only 0 rows (expected >= 30)
2026-02-01 01:55:37,451 - core.data_fetcher - WARNING - Data quality check failed for SAP at 1m
2026-02-01 01:55:39,452 - core.data_fetcher - INFO - Fetching SAP - 1m (attempt 2/3)
2026-02-01 01:55:39,645 - core.data_fetcher - WARNING - SAP 1m: Only 0 rows (expected >= 30)
2026-02-01 01:55:39,646 - core.data_fetcher - WARNING - Data quality check failed for SAP at 1m
2026-02-01 01:55:41,646 - core.data_fetcher - INFO - Fetching SAP - 1m (attempt 3/3)
2026-02-01 01:55:41,756 - core.data_fetcher - WARNING - SAP 1m: Only 0 rows (expected >= 30)
2026-02-01 01:55:41,757 - core.data_fetcher - WARNING - Data quality check failed for SAP at 1m
2026-02-01 01:55:41,761 - core.data_fetcher - INFO - [OK] Successfully fetched 0 rows for SAP at 1m
2026-02-01 01:55:42,766 - core.data_storage - INFO - 
Saving all timeframes for SAP
2026-02-01 01:55:42,776 - core.data_storage - INFO - [OK] Saved SAP 4h to .\data/raw\SAP\SAP_4h_20260201.csv (119 rows)
2026-02-01 01:55:42,825 - core.data_storage - INFO - Metadata saved to .\data/metadata.json
2026-02-01 01:55:42,850 - core.data_storage - INFO - [OK] Saved SAP 1d to .\data/raw\SAP\SAP_1d_20260201.csv (345 rows)
2026-02-01 01:55:42,920 - core.data_storage - INFO - Metadata saved to .\data/metadata.json
2026-02-01 01:55:42,927 - core.data_storage - INFO - [OK] Saved SAP 1wk to .\data/raw\SAP\SAP_1wk_20260201.csv (104 rows)
2026-02-01 01:55:42,974 - core.data_storage - INFO - Metadata saved to .\data/metadata.json
2026-02-01 01:55:42,977 - core.data_storage - INFO - [OK] Saved SAP 1mo to .\data/raw\SAP\SAP_1mo_20260201.csv (59 rows)
2026-02-01 01:55:43,016 - core.data_storage - INFO - Metadata saved to .\data/metadata.json
2026-02-01 01:55:43,020 - core.data_storage - INFO - [OK] Saved SAP 3mo to .\data/raw\SAP\SAP_3mo_20260201.csv (20 rows)
2026-02-01 01:55:43,044 - core.data_storage - INFO - Metadata saved to .\data/metadata.json
2026-02-01 01:55:43,049 - core.data_storage - INFO - [OK] Saved SAP 1h to .\data/raw\SAP\SAP_1h_20260201.csv (276 rows)
2026-02-01 01:55:43,078 - core.data_storage - INFO - Metadata saved to .\data/metadata.json
2026-02-01 01:55:43,082 - core.data_storage - INFO - [OK] Saved SAP 30m to .\data/raw\SAP\SAP_30m_20260201.csv (260 rows)
2026-02-01 01:55:43,116 - core.data_storage - INFO - Metadata saved to .\data/metadata.json
2026-02-01 01:55:43,125 - core.data_storage - INFO - [OK] Saved SAP 15m to .\data/raw\SAP\SAP_15m_20260201.csv (520 rows)
2026-02-01 01:55:43,154 - core.data_storage - INFO - Metadata saved to .\data/metadata.json
2026-02-01 01:55:43,158 - core.data_storage - INFO - [OK] Saved SAP 5m to .\data/raw\SAP\SAP_5m_20260201.csv (312 rows)
2026-02-01 01:55:43,187 - core.data_storage - INFO - Metadata saved to .\data/metadata.json
2026-02-01 01:55:43,187 - core.data_storage - INFO - 
============================================================
2026-02-01 01:55:43,187 - core.data_storage - INFO - SAVE SUMMARY:
2026-02-01 01:55:43,187 - core.data_storage - INFO - Saved 9/12 files
2026-02-01 01:55:43,187 - core.data_storage - INFO - Success rate: 75.0%
2026-02-01 01:55:43,187 - core.data_storage - INFO - ============================================================
2026-02-01 01:56:12,090 - core.ticker_selector - INFO - Manual tickers set: ['BTC-EUR']
2026-02-01 01:56:12,754 - core.ticker_selector - INFO - [OK] Valid ticker: BTC-EUR
2026-02-01 01:56:12,755 - core.ticker_selector - INFO - Validation complete: 1/1 tickers valid
2026-02-01 01:56:12,755 - core.data_fetcher - INFO - 
============================================================
2026-02-01 01:56:12,756 - core.data_fetcher - INFO - Fetching all timeframes for BTC-EUR
2026-02-01 01:56:12,756 - core.data_fetcher - INFO - ============================================================
2026-02-01 01:56:12,756 - core.data_fetcher - INFO - Fetching BTC-EUR - 4h (attempt 1/3)
2026-02-01 01:56:13,058 - core.data_fetcher - INFO - Resampling hourly data to 4-hour intervals
2026-02-01 01:56:13,085 - core.data_fetcher - INFO - [OK] Successfully fetched 360 rows for BTC-EUR at 4h
2026-02-01 01:56:13,085 - core.data_fetcher - INFO - Fetching BTC-EUR - 1d (attempt 1/3)
2026-02-01 01:56:13,310 - core.data_fetcher - INFO - [OK] Successfully fetched 503 rows for BTC-EUR at 1d
2026-02-01 01:56:13,311 - core.data_fetcher - INFO - Fetching BTC-EUR - 1wk (attempt 1/3)
2026-02-01 01:56:13,527 - core.data_fetcher - INFO - [OK] Successfully fetched 104 rows for BTC-EUR at 1wk
2026-02-01 01:56:13,529 - core.data_fetcher - INFO - Fetching BTC-EUR - 1mo (attempt 1/3)
2026-02-01 01:56:13,739 - core.data_fetcher - INFO - [OK] Successfully fetched 60 rows for BTC-EUR at 1mo
2026-02-01 01:56:13,740 - core.data_fetcher - INFO - Fetching BTC-EUR - 3mo (attempt 1/3)
2026-02-01 01:56:13,934 - core.data_fetcher - INFO - [OK] Successfully fetched 20 rows for BTC-EUR at 3mo
2026-02-01 01:56:13,934 - core.data_fetcher - INFO - Fetching BTC-EUR - 1h (attempt 1/3)
2026-02-01 01:56:14,242 - core.data_fetcher - WARNING - BTC-EUR 1h: 51.4% rows have zero volume
2026-02-01 01:56:14,252 - core.data_fetcher - INFO - [OK] Successfully fetched 1437 rows for BTC-EUR at 1h
2026-02-01 01:56:14,252 - core.data_fetcher - INFO - Fetching BTC-EUR - 30m (attempt 1/3)
2026-02-01 01:56:14,670 - core.data_fetcher - INFO - [OK] Successfully fetched 1434 rows for BTC-EUR at 30m
2026-02-01 01:56:14,671 - core.data_fetcher - INFO - Fetching BTC-EUR - 15m (attempt 1/3)
2026-02-01 01:56:15,035 - core.data_fetcher - INFO - [OK] Successfully fetched 2867 rows for BTC-EUR at 15m
2026-02-01 01:56:15,035 - core.data_fetcher - INFO - Fetching BTC-EUR - 5m (attempt 1/3)
2026-02-01 01:56:15,316 - core.data_fetcher - WARNING - BTC-EUR 5m: 48.7% rows have zero volume
2026-02-01 01:56:15,325 - core.data_fetcher - INFO - [OK] Successfully fetched 1124 rows for BTC-EUR at 5m
2026-02-01 01:56:15,326 - core.data_fetcher - INFO - Fetching BTC-EUR - 3m (attempt 1/3)
2026-02-01 01:56:15,551 - core.data_fetcher - INFO - Resampling 1-minute data to 3-minute intervals
2026-02-01 01:56:15,577 - core.data_fetcher - INFO - [OK] Successfully fetched 18 rows for BTC-EUR at 3m
2026-02-01 01:56:15,577 - core.data_fetcher - INFO - Fetching BTC-EUR - 2m (attempt 1/3)
2026-02-01 01:56:15,772 - core.data_fetcher - INFO - [OK] Successfully fetched 26 rows for BTC-EUR at 2m
2026-02-01 01:56:15,772 - core.data_fetcher - INFO - Fetching BTC-EUR - 1m (attempt 1/3)
2026-02-01 01:56:15,921 - core.data_fetcher - WARNING - BTC-EUR 1m: 51.2% rows have zero volume
2026-02-01 01:56:15,923 - core.data_fetcher - INFO - [OK] Successfully fetched 43 rows for BTC-EUR at 1m
2026-02-01 01:56:16,967 - core.data_storage - INFO - 
Saving all timeframes for BTC-EUR
2026-02-01 01:56:16,977 - core.data_storage - INFO - [OK] Saved BTC-EUR 4h to .\data/raw\BTC-EUR\BTC-EUR_4h_20260201.csv (360 rows)
2026-02-01 01:56:17,020 - core.data_storage - INFO - Metadata saved to .\data/metadata.json
2026-02-01 01:56:17,026 - core.data_storage - INFO - [OK] Saved BTC-EUR 1d to .\data/raw\BTC-EUR\BTC-EUR_1d_20260201.csv (503 rows)
2026-02-01 01:56:17,060 - core.data_storage - INFO - Metadata saved to .\data/metadata.json
2026-02-01 01:56:17,062 - core.data_storage - INFO - [OK] Saved BTC-EUR 1wk to .\data/raw\BTC-EUR\BTC-EUR_1wk_20260201.csv (104 rows)
2026-02-01 01:56:17,099 - core.data_storage - INFO - Metadata saved to .\data/metadata.json
2026-02-01 01:56:17,101 - core.data_storage - INFO - [OK] Saved BTC-EUR 1mo to .\data/raw\BTC-EUR\BTC-EUR_1mo_20260201.csv (60 rows)
2026-02-01 01:56:17,133 - core.data_storage - INFO - Metadata saved to .\data/metadata.json
2026-02-01 01:56:17,135 - core.data_storage - INFO - [OK] Saved BTC-EUR 3mo to .\data/raw\BTC-EUR\BTC-EUR_3mo_20260201.csv (20 rows)
2026-02-01 01:56:17,166 - core.data_storage - INFO - Metadata saved to .\data/metadata.json
2026-02-01 01:56:17,178 - core.data_storage - INFO - [OK] Saved BTC-EUR 1h to .\data/raw\BTC-EUR\BTC-EUR_1h_20260201.csv (1437 rows)
2026-02-01 01:56:17,216 - core.data_storage - INFO - Metadata saved to .\data/metadata.json
2026-02-01 01:56:17,227 - core.data_storage - INFO - [OK] Saved BTC-EUR 30m to .\data/raw\BTC-EUR\BTC-EUR_30m_20260201.csv (1434 rows)
2026-02-01 01:56:17,264 - core.data_storage - INFO - Metadata saved to .\data/metadata.json
2026-02-01 01:56:17,286 - core.data_storage - INFO - [OK] Saved BTC-EUR 15m to .\data/raw\BTC-EUR\BTC-EUR_15m_20260201.csv (2867 rows)
2026-02-01 01:56:17,323 - core.data_storage - INFO - Metadata saved to .\data/metadata.json
2026-02-01 01:56:17,332 - core.data_storage - INFO - [OK] Saved BTC-EUR 5m to .\data/raw\BTC-EUR\BTC-EUR_5m_20260201.csv (1124 rows)
2026-02-01 01:56:17,371 - core.data_storage - INFO - Metadata saved to .\data/metadata.json
2026-02-01 01:56:17,374 - core.data_storage - INFO - [OK] Saved BTC-EUR 3m to .\data/raw\BTC-EUR\BTC-EUR_3m_20260201.csv (18 rows)
2026-02-01 01:56:17,414 - core.data_storage - INFO - Metadata saved to .\data/metadata.json
2026-02-01 01:56:17,419 - core.data_storage - INFO - [OK] Saved BTC-EUR 2m to .\data/raw\BTC-EUR\BTC-EUR_2m_20260201.csv (26 rows)
2026-02-01 01:56:17,464 - core.data_storage - INFO - Metadata saved to .\data/metadata.json
2026-02-01 01:56:17,468 - core.data_storage - INFO - [OK] Saved BTC-EUR 1m to .\data/raw\BTC-EUR\BTC-EUR_1m_20260201.csv (43 rows)
2026-02-01 01:56:17,501 - core.data_storage - INFO - Metadata saved to .\data/metadata.json
2026-02-01 01:56:17,501 - core.data_storage - INFO - 
============================================================
2026-02-01 01:56:17,502 - core.data_storage - INFO - SAVE SUMMARY:
2026-02-01 01:56:17,502 - core.data_storage - INFO - Saved 12/12 files
2026-02-01 01:56:17,502 - core.data_storage - INFO - Success rate: 100.0%
2026-02-01 01:56:17,502 - core.data_storage - INFO - ============================================================
2026-02-01 02:04:54,202 - core.ticker_selector - INFO - Manual tickers set: ['SAP']
2026-02-01 02:04:55,129 - core.ticker_selector - INFO - [OK] Valid ticker: SAP
2026-02-01 02:04:55,130 - core.ticker_selector - INFO - Validation complete: 1/1 tickers valid
2026-02-01 02:04:55,131 - core.data_fetcher - INFO - 
============================================================
2026-02-01 02:04:55,131 - core.data_fetcher - INFO - Fetching all timeframes for SAP
2026-02-01 02:04:55,132 - core.data_fetcher - INFO - ============================================================
2026-02-01 02:04:55,133 - core.data_fetcher - INFO - Fetching SAP - 4h (attempt 1/3)
2026-02-01 02:04:55,979 - core.data_fetcher - INFO - Resampling hourly data to 4-hour intervals
2026-02-01 02:04:56,006 - core.data_fetcher - INFO - [OK] Successfully fetched 119 rows for SAP at 4h
2026-02-01 02:04:56,007 - core.data_fetcher - INFO - Fetching SAP - 1d (attempt 1/3)
2026-02-01 02:04:56,328 - core.data_fetcher - INFO - [OK] Successfully fetched 345 rows for SAP at 1d
2026-02-01 02:04:56,329 - core.data_fetcher - INFO - Fetching SAP - 1wk (attempt 1/3)
2026-02-01 02:04:56,602 - core.data_fetcher - INFO - [OK] Successfully fetched 104 rows for SAP at 1wk
2026-02-01 02:04:56,604 - core.data_fetcher - INFO - Fetching SAP - 1mo (attempt 1/3)
2026-02-01 02:04:56,870 - core.data_fetcher - INFO - [OK] Successfully fetched 59 rows for SAP at 1mo
2026-02-01 02:04:56,871 - core.data_fetcher - INFO - Fetching SAP - 3mo (attempt 1/3)
2026-02-01 02:04:57,132 - core.data_fetcher - INFO - [OK] Successfully fetched 20 rows for SAP at 3mo
2026-02-01 02:04:57,132 - core.data_fetcher - INFO - Fetching SAP - 1h (attempt 1/3)
2026-02-01 02:04:57,451 - core.data_fetcher - INFO - [OK] Successfully fetched 276 rows for SAP at 1h
2026-02-01 02:04:57,451 - core.data_fetcher - INFO - Fetching SAP - 30m (attempt 1/3)
2026-02-01 02:04:57,858 - core.data_fetcher - INFO - [OK] Successfully fetched 260 rows for SAP at 30m
2026-02-01 02:04:57,859 - core.data_fetcher - INFO - Fetching SAP - 15m (attempt 1/3)
2026-02-01 02:04:58,130 - core.data_fetcher - INFO - [OK] Successfully fetched 520 rows for SAP at 15m
2026-02-01 02:04:58,131 - core.data_fetcher - INFO - Fetching SAP - 5m (attempt 1/3)
2026-02-01 02:04:58,379 - core.data_fetcher - INFO - [OK] Successfully fetched 312 rows for SAP at 5m
2026-02-01 02:04:58,382 - core.data_fetcher - INFO - Fetching SAP - 3m (attempt 1/3)
2026-02-01 02:04:58,597 - core.data_fetcher - INFO - Resampling 1-minute data to 3-minute intervals
2026-02-01 02:04:58,612 - core.data_fetcher - WARNING - SAP 3m: Only 0 rows (expected >= 15)
2026-02-01 02:04:58,613 - core.data_fetcher - WARNING - Data quality check failed for SAP at 3m
2026-02-01 02:05:00,614 - core.data_fetcher - INFO - Fetching SAP - 3m (attempt 2/3)
2026-02-01 02:05:00,878 - core.data_fetcher - INFO - Resampling 1-minute data to 3-minute intervals
2026-02-01 02:05:00,894 - core.data_fetcher - WARNING - SAP 3m: Only 0 rows (expected >= 15)
2026-02-01 02:05:00,895 - core.data_fetcher - WARNING - Data quality check failed for SAP at 3m
2026-02-01 02:05:02,896 - core.data_fetcher - INFO - Fetching SAP - 3m (attempt 3/3)
2026-02-01 02:05:03,118 - core.data_fetcher - INFO - Resampling 1-minute data to 3-minute intervals
2026-02-01 02:05:03,134 - core.data_fetcher - WARNING - SAP 3m: Only 0 rows (expected >= 15)
2026-02-01 02:05:03,134 - core.data_fetcher - WARNING - Data quality check failed for SAP at 3m
2026-02-01 02:05:03,143 - core.data_fetcher - INFO - [OK] Successfully fetched 0 rows for SAP at 3m
2026-02-01 02:05:03,144 - core.data_fetcher - INFO - Fetching SAP - 2m (attempt 1/3)
2026-02-01 02:05:03,426 - core.data_fetcher - WARNING - SAP 2m: Only 0 rows (expected >= 20)
2026-02-01 02:05:03,426 - core.data_fetcher - WARNING - Data quality check failed for SAP at 2m
2026-02-01 02:05:05,428 - core.data_fetcher - INFO - Fetching SAP - 2m (attempt 2/3)
2026-02-01 02:05:05,664 - core.data_fetcher - WARNING - SAP 2m: Only 0 rows (expected >= 20)
2026-02-01 02:05:05,664 - core.data_fetcher - WARNING - Data quality check failed for SAP at 2m
2026-02-01 02:05:07,666 - core.data_fetcher - INFO - Fetching SAP - 2m (attempt 3/3)
2026-02-01 02:05:07,948 - core.data_fetcher - WARNING - SAP 2m: Only 0 rows (expected >= 20)
2026-02-01 02:05:07,950 - core.data_fetcher - WARNING - Data quality check failed for SAP at 2m
2026-02-01 02:05:07,959 - core.data_fetcher - INFO - [OK] Successfully fetched 0 rows for SAP at 2m
2026-02-01 02:05:07,959 - core.data_fetcher - INFO - Fetching SAP - 1m (attempt 1/3)
2026-02-01 02:05:08,235 - core.data_fetcher - WARNING - SAP 1m: Only 0 rows (expected >= 30)
2026-02-01 02:05:08,236 - core.data_fetcher - WARNING - Data quality check failed for SAP at 1m
2026-02-01 02:05:10,239 - core.data_fetcher - INFO - Fetching SAP - 1m (attempt 2/3)
2026-02-01 02:05:10,531 - core.data_fetcher - WARNING - SAP 1m: Only 0 rows (expected >= 30)
2026-02-01 02:05:10,532 - core.data_fetcher - WARNING - Data quality check failed for SAP at 1m
2026-02-01 02:05:12,532 - core.data_fetcher - INFO - Fetching SAP - 1m (attempt 3/3)
2026-02-01 02:05:12,812 - core.data_fetcher - WARNING - SAP 1m: Only 0 rows (expected >= 30)
2026-02-01 02:05:12,812 - core.data_fetcher - WARNING - Data quality check failed for SAP at 1m
2026-02-01 02:05:12,823 - core.data_fetcher - INFO - [OK] Successfully fetched 0 rows for SAP at 1m
2026-02-01 02:05:13,831 - core.data_storage - INFO - 
Saving all timeframes for SAP
2026-02-01 02:05:13,876 - core.data_storage - INFO - [OK] Saved SAP 4h to .\data/raw\SAP\SAP_4h_20260201.csv (119 rows)
2026-02-01 02:05:14,021 - core.data_storage - INFO - Metadata saved to .\data/metadata.json
2026-02-01 02:05:14,050 - core.data_storage - INFO - [OK] Saved SAP 1d to .\data/raw\SAP\SAP_1d_20260201.csv (345 rows)
2026-02-01 02:05:14,125 - core.data_storage - INFO - Metadata saved to .\data/metadata.json
2026-02-01 02:05:14,135 - core.data_storage - INFO - [OK] Saved SAP 1wk to .\data/raw\SAP\SAP_1wk_20260201.csv (104 rows)
2026-02-01 02:05:14,182 - core.data_storage - INFO - Metadata saved to .\data/metadata.json
2026-02-01 02:05:14,190 - core.data_storage - INFO - [OK] Saved SAP 1mo to .\data/raw\SAP\SAP_1mo_20260201.csv (59 rows)
2026-02-01 02:05:14,229 - core.data_storage - INFO - Metadata saved to .\data/metadata.json
2026-02-01 02:05:14,237 - core.data_storage - INFO - [OK] Saved SAP 3mo to .\data/raw\SAP\SAP_3mo_20260201.csv (20 rows)
2026-02-01 02:05:14,291 - core.data_storage - INFO - Metadata saved to .\data/metadata.json
2026-02-01 02:05:14,322 - core.data_storage - INFO - [OK] Saved SAP 1h to .\data/raw\SAP\SAP_1h_20260201.csv (276 rows)
2026-02-01 02:05:14,428 - core.data_storage - INFO - Metadata saved to .\data/metadata.json
2026-02-01 02:05:14,469 - core.data_storage - INFO - [OK] Saved SAP 30m to .\data/raw\SAP\SAP_30m_20260201.csv (260 rows)
2026-02-01 02:05:14,602 - core.data_storage - INFO - Metadata saved to .\data/metadata.json
2026-02-01 02:05:14,677 - core.data_storage - INFO - [OK] Saved SAP 15m to .\data/raw\SAP\SAP_15m_20260201.csv (520 rows)
2026-02-01 02:05:14,728 - core.data_storage - INFO - Metadata saved to .\data/metadata.json
2026-02-01 02:05:14,747 - core.data_storage - INFO - [OK] Saved SAP 5m to .\data/raw\SAP\SAP_5m_20260201.csv (312 rows)
2026-02-01 02:05:14,784 - core.data_storage - INFO - Metadata saved to .\data/metadata.json
2026-02-01 02:05:14,784 - core.data_storage - INFO - 
============================================================
2026-02-01 02:05:14,786 - core.data_storage - INFO - SAVE SUMMARY:
2026-02-01 02:05:14,786 - core.data_storage - INFO - Saved 9/12 files
2026-02-01 02:05:14,786 - core.data_storage - INFO - Success rate: 75.0%
2026-02-01 02:05:14,786 - core.data_storage - INFO - ============================================================
2026-02-01 02:07:07,369 - core.ticker_selector - INFO - Manual tickers set: ['BTC-EUR']
2026-02-01 02:07:08,032 - core.ticker_selector - INFO - [OK] Valid ticker: BTC-EUR
2026-02-01 02:07:08,033 - core.ticker_selector - INFO - Validation complete: 1/1 tickers valid
2026-02-01 02:07:08,033 - core.data_fetcher - INFO - 
============================================================
2026-02-01 02:07:08,033 - core.data_fetcher - INFO - Fetching all timeframes for BTC-EUR
2026-02-01 02:07:08,034 - core.data_fetcher - INFO - ============================================================
2026-02-01 02:07:08,034 - core.data_fetcher - INFO - Fetching BTC-EUR - 4h (attempt 1/3)
2026-02-01 02:07:08,495 - core.data_fetcher - INFO - Resampling hourly data to 4-hour intervals
2026-02-01 02:07:08,516 - core.data_fetcher - INFO - [OK] Successfully fetched 360 rows for BTC-EUR at 4h
2026-02-01 02:07:08,516 - core.data_fetcher - INFO - Fetching BTC-EUR - 1d (attempt 1/3)
2026-02-01 02:07:08,881 - core.data_fetcher - INFO - [OK] Successfully fetched 503 rows for BTC-EUR at 1d
2026-02-01 02:07:08,881 - core.data_fetcher - INFO - Fetching BTC-EUR - 1wk (attempt 1/3)
2026-02-01 02:07:09,152 - core.data_fetcher - INFO - [OK] Successfully fetched 104 rows for BTC-EUR at 1wk
2026-02-01 02:07:09,152 - core.data_fetcher - INFO - Fetching BTC-EUR - 1mo (attempt 1/3)
2026-02-01 02:07:09,539 - core.data_fetcher - INFO - [OK] Successfully fetched 60 rows for BTC-EUR at 1mo
2026-02-01 02:07:09,540 - core.data_fetcher - INFO - Fetching BTC-EUR - 3mo (attempt 1/3)
2026-02-01 02:07:09,927 - core.data_fetcher - INFO - [OK] Successfully fetched 20 rows for BTC-EUR at 3mo
2026-02-01 02:07:09,929 - core.data_fetcher - INFO - Fetching BTC-EUR - 1h (attempt 1/3)
2026-02-01 02:07:10,445 - core.data_fetcher - WARNING - BTC-EUR 1h: 51.4% rows have zero volume
2026-02-01 02:07:10,461 - core.data_fetcher - INFO - [OK] Successfully fetched 1437 rows for BTC-EUR at 1h
2026-02-01 02:07:10,461 - core.data_fetcher - INFO - Fetching BTC-EUR - 30m (attempt 1/3)
2026-02-01 02:07:10,939 - core.data_fetcher - INFO - [OK] Successfully fetched 1434 rows for BTC-EUR at 30m
2026-02-01 02:07:10,939 - core.data_fetcher - INFO - Fetching BTC-EUR - 15m (attempt 1/3)
2026-02-01 02:07:11,412 - core.data_fetcher - INFO - [OK] Successfully fetched 2867 rows for BTC-EUR at 15m
2026-02-01 02:07:11,413 - core.data_fetcher - INFO - Fetching BTC-EUR - 5m (attempt 1/3)
2026-02-01 02:07:11,747 - core.data_fetcher - WARNING - BTC-EUR 5m: 48.6% rows have zero volume
2026-02-01 02:07:11,751 - core.data_fetcher - INFO - [OK] Successfully fetched 1127 rows for BTC-EUR at 5m
2026-02-01 02:07:11,751 - core.data_fetcher - INFO - Fetching BTC-EUR - 3m (attempt 1/3)
2026-02-01 02:07:11,966 - core.data_fetcher - INFO - Resampling 1-minute data to 3-minute intervals
2026-02-01 02:07:11,978 - core.data_fetcher - INFO - [OK] Successfully fetched 19 rows for BTC-EUR at 3m
2026-02-01 02:07:11,979 - core.data_fetcher - INFO - Fetching BTC-EUR - 2m (attempt 1/3)
2026-02-01 02:07:12,184 - core.data_fetcher - INFO - [OK] Successfully fetched 29 rows for BTC-EUR at 2m
2026-02-01 02:07:12,184 - core.data_fetcher - INFO - Fetching BTC-EUR - 1m (attempt 1/3)
2026-02-01 02:07:12,361 - core.data_fetcher - WARNING - BTC-EUR 1m: 50.0% rows have zero volume
2026-02-01 02:07:12,364 - core.data_fetcher - INFO - [OK] Successfully fetched 50 rows for BTC-EUR at 1m
2026-02-01 02:07:13,368 - core.data_storage - INFO - 
Saving all timeframes for BTC-EUR
2026-02-01 02:07:13,398 - core.data_storage - INFO - [OK] Saved BTC-EUR 4h to .\data/raw\BTC-EUR\BTC-EUR_4h_20260201.csv (360 rows)
2026-02-01 02:07:13,469 - core.data_storage - INFO - Metadata saved to .\data/metadata.json
2026-02-01 02:07:13,498 - core.data_storage - INFO - [OK] Saved BTC-EUR 1d to .\data/raw\BTC-EUR\BTC-EUR_1d_20260201.csv (503 rows)
2026-02-01 02:07:13,575 - core.data_storage - INFO - Metadata saved to .\data/metadata.json
2026-02-01 02:07:13,589 - core.data_storage - INFO - [OK] Saved BTC-EUR 1wk to .\data/raw\BTC-EUR\BTC-EUR_1wk_20260201.csv (104 rows)
2026-02-01 02:07:13,654 - core.data_storage - INFO - Metadata saved to .\data/metadata.json
2026-02-01 02:07:13,667 - core.data_storage - INFO - [OK] Saved BTC-EUR 1mo to .\data/raw\BTC-EUR\BTC-EUR_1mo_20260201.csv (60 rows)
2026-02-01 02:07:13,721 - core.data_storage - INFO - Metadata saved to .\data/metadata.json
2026-02-01 02:07:13,729 - core.data_storage - INFO - [OK] Saved BTC-EUR 3mo to .\data/raw\BTC-EUR\BTC-EUR_3mo_20260201.csv (20 rows)
2026-02-01 02:07:13,792 - core.data_storage - INFO - Metadata saved to .\data/metadata.json
2026-02-01 02:07:13,846 - core.data_storage - INFO - [OK] Saved BTC-EUR 1h to .\data/raw\BTC-EUR\BTC-EUR_1h_20260201.csv (1437 rows)
2026-02-01 02:07:13,928 - core.data_storage - INFO - Metadata saved to .\data/metadata.json
2026-02-01 02:07:13,988 - core.data_storage - INFO - [OK] Saved BTC-EUR 30m to .\data/raw\BTC-EUR\BTC-EUR_30m_20260201.csv (1434 rows)
2026-02-01 02:07:14,083 - core.data_storage - INFO - Metadata saved to .\data/metadata.json
2026-02-01 02:07:14,237 - core.data_storage - INFO - [OK] Saved BTC-EUR 15m to .\data/raw\BTC-EUR\BTC-EUR_15m_20260201.csv (2867 rows)
2026-02-01 02:07:14,383 - core.data_storage - INFO - Metadata saved to .\data/metadata.json
2026-02-01 02:07:14,436 - core.data_storage - INFO - [OK] Saved BTC-EUR 5m to .\data/raw\BTC-EUR\BTC-EUR_5m_20260201.csv (1127 rows)
2026-02-01 02:07:14,487 - core.data_storage - INFO - Metadata saved to .\data/metadata.json
2026-02-01 02:07:14,492 - core.data_storage - INFO - [OK] Saved BTC-EUR 3m to .\data/raw\BTC-EUR\BTC-EUR_3m_20260201.csv (19 rows)
2026-02-01 02:07:14,537 - core.data_storage - INFO - Metadata saved to .\data/metadata.json
2026-02-01 02:07:14,546 - core.data_storage - INFO - [OK] Saved BTC-EUR 2m to .\data/raw\BTC-EUR\BTC-EUR_2m_20260201.csv (29 rows)
2026-02-01 02:07:14,607 - core.data_storage - INFO - Metadata saved to .\data/metadata.json
2026-02-01 02:07:14,614 - core.data_storage - INFO - [OK] Saved BTC-EUR 1m to .\data/raw\BTC-EUR\BTC-EUR_1m_20260201.csv (50 rows)
2026-02-01 02:07:14,662 - core.data_storage - INFO - Metadata saved to .\data/metadata.json
2026-02-01 02:07:14,662 - core.data_storage - INFO - 
============================================================
2026-02-01 02:07:14,662 - core.data_storage - INFO - SAVE SUMMARY:
2026-02-01 02:07:14,662 - core.data_storage - INFO - Saved 12/12 files
2026-02-01 02:07:14,664 - core.data_storage - INFO - Success rate: 100.0%
2026-02-01 02:07:14,664 - core.data_storage - INFO - ============================================================
2026-02-01 02:08:32,832 - core.ticker_selector - INFO - Manual tickers set: ['TSLA']
2026-02-01 02:08:33,549 - core.ticker_selector - INFO - [OK] Valid ticker: TSLA
2026-02-01 02:08:33,550 - core.ticker_selector - INFO - Validation complete: 1/1 tickers valid
2026-02-01 02:08:33,551 - core.data_fetcher - INFO - 
============================================================
2026-02-01 02:08:33,551 - core.data_fetcher - INFO - Fetching all timeframes for TSLA
2026-02-01 02:08:33,551 - core.data_fetcher - INFO - ============================================================
2026-02-01 02:08:33,551 - core.data_fetcher - INFO - Fetching TSLA - 4h (attempt 1/3)
2026-02-01 02:08:34,346 - core.data_fetcher - INFO - Resampling hourly data to 4-hour intervals
2026-02-01 02:08:34,376 - core.data_fetcher - INFO - [OK] Successfully fetched 119 rows for TSLA at 4h
2026-02-01 02:08:34,377 - core.data_fetcher - INFO - Fetching TSLA - 1d (attempt 1/3)
2026-02-01 02:08:34,603 - core.data_fetcher - INFO - [OK] Successfully fetched 345 rows for TSLA at 1d
2026-02-01 02:08:34,604 - core.data_fetcher - INFO - Fetching TSLA - 1wk (attempt 1/3)
2026-02-01 02:08:34,849 - core.data_fetcher - INFO - [OK] Successfully fetched 104 rows for TSLA at 1wk
2026-02-01 02:08:34,851 - core.data_fetcher - INFO - Fetching TSLA - 1mo (attempt 1/3)
2026-02-01 02:08:35,122 - core.data_fetcher - INFO - [OK] Successfully fetched 59 rows for TSLA at 1mo
2026-02-01 02:08:35,123 - core.data_fetcher - INFO - Fetching TSLA - 3mo (attempt 1/3)
2026-02-01 02:08:35,368 - core.data_fetcher - INFO - [OK] Successfully fetched 20 rows for TSLA at 3mo
2026-02-01 02:08:35,369 - core.data_fetcher - INFO - Fetching TSLA - 1h (attempt 1/3)
2026-02-01 02:08:35,645 - core.data_fetcher - INFO - [OK] Successfully fetched 276 rows for TSLA at 1h
2026-02-01 02:08:35,645 - core.data_fetcher - INFO - Fetching TSLA - 30m (attempt 1/3)
2026-02-01 02:08:35,984 - core.data_fetcher - INFO - [OK] Successfully fetched 260 rows for TSLA at 30m
2026-02-01 02:08:35,985 - core.data_fetcher - INFO - Fetching TSLA - 15m (attempt 1/3)
2026-02-01 02:08:36,293 - core.data_fetcher - INFO - [OK] Successfully fetched 520 rows for TSLA at 15m
2026-02-01 02:08:36,294 - core.data_fetcher - INFO - Fetching TSLA - 5m (attempt 1/3)
2026-02-01 02:08:36,554 - core.data_fetcher - INFO - [OK] Successfully fetched 312 rows for TSLA at 5m
2026-02-01 02:08:36,555 - core.data_fetcher - INFO - Fetching TSLA - 3m (attempt 1/3)
2026-02-01 02:08:36,757 - core.data_fetcher - INFO - Resampling 1-minute data to 3-minute intervals
2026-02-01 02:08:36,766 - core.data_fetcher - WARNING - TSLA 3m: Only 0 rows (expected >= 15)
2026-02-01 02:08:36,766 - core.data_fetcher - WARNING - Data quality check failed for TSLA at 3m
2026-02-01 02:08:38,767 - core.data_fetcher - INFO - Fetching TSLA - 3m (attempt 2/3)
2026-02-01 02:08:39,023 - core.data_fetcher - INFO - Resampling 1-minute data to 3-minute intervals
2026-02-01 02:08:39,033 - core.data_fetcher - WARNING - TSLA 3m: Only 0 rows (expected >= 15)
2026-02-01 02:08:39,033 - core.data_fetcher - WARNING - Data quality check failed for TSLA at 3m
2026-02-01 02:08:41,033 - core.data_fetcher - INFO - Fetching TSLA - 3m (attempt 3/3)
2026-02-01 02:08:41,294 - core.data_fetcher - INFO - Resampling 1-minute data to 3-minute intervals
2026-02-01 02:08:41,312 - core.data_fetcher - WARNING - TSLA 3m: Only 0 rows (expected >= 15)
2026-02-01 02:08:41,312 - core.data_fetcher - WARNING - Data quality check failed for TSLA at 3m
2026-02-01 02:08:41,316 - core.data_fetcher - INFO - [OK] Successfully fetched 0 rows for TSLA at 3m
2026-02-01 02:08:41,317 - core.data_fetcher - INFO - Fetching TSLA - 2m (attempt 1/3)
2026-02-01 02:08:41,534 - core.data_fetcher - WARNING - TSLA 2m: Only 0 rows (expected >= 20)
2026-02-01 02:08:41,534 - core.data_fetcher - WARNING - Data quality check failed for TSLA at 2m
2026-02-01 02:08:43,536 - core.data_fetcher - INFO - Fetching TSLA - 2m (attempt 2/3)
2026-02-01 02:08:43,756 - core.data_fetcher - WARNING - TSLA 2m: Only 0 rows (expected >= 20)
2026-02-01 02:08:43,757 - core.data_fetcher - WARNING - Data quality check failed for TSLA at 2m
2026-02-01 02:08:45,758 - core.data_fetcher - INFO - Fetching TSLA - 2m (attempt 3/3)
2026-02-01 02:08:46,099 - core.data_fetcher - WARNING - TSLA 2m: Only 0 rows (expected >= 20)
2026-02-01 02:08:46,099 - core.data_fetcher - WARNING - Data quality check failed for TSLA at 2m
2026-02-01 02:08:46,107 - core.data_fetcher - INFO - [OK] Successfully fetched 0 rows for TSLA at 2m
2026-02-01 02:08:46,108 - core.data_fetcher - INFO - Fetching TSLA - 1m (attempt 1/3)
2026-02-01 02:08:46,335 - core.data_fetcher - WARNING - TSLA 1m: Only 0 rows (expected >= 30)
2026-02-01 02:08:46,336 - core.data_fetcher - WARNING - Data quality check failed for TSLA at 1m
2026-02-01 02:08:48,341 - core.data_fetcher - INFO - Fetching TSLA - 1m (attempt 2/3)
2026-02-01 02:08:48,701 - core.data_fetcher - WARNING - TSLA 1m: Only 0 rows (expected >= 30)
2026-02-01 02:08:48,701 - core.data_fetcher - WARNING - Data quality check failed for TSLA at 1m
2026-02-01 02:08:50,702 - core.data_fetcher - INFO - Fetching TSLA - 1m (attempt 3/3)
2026-02-01 02:08:50,897 - core.data_fetcher - WARNING - TSLA 1m: Only 0 rows (expected >= 30)
2026-02-01 02:08:50,898 - core.data_fetcher - WARNING - Data quality check failed for TSLA at 1m
2026-02-01 02:08:50,906 - core.data_fetcher - INFO - [OK] Successfully fetched 0 rows for TSLA at 1m
2026-02-01 02:08:51,911 - core.data_storage - INFO - 
Saving all timeframes for TSLA
2026-02-01 02:08:51,964 - core.data_storage - INFO - [OK] Saved TSLA 4h to .\data/raw\TSLA\TSLA_4h_20260201.csv (119 rows)
2026-02-01 02:08:52,061 - core.data_storage - INFO - Metadata saved to .\data/metadata.json
2026-02-01 02:08:52,090 - core.data_storage - INFO - [OK] Saved TSLA 1d to .\data/raw\TSLA\TSLA_1d_20260201.csv (345 rows)
2026-02-01 02:08:52,166 - core.data_storage - INFO - Metadata saved to .\data/metadata.json
2026-02-01 02:08:52,182 - core.data_storage - INFO - [OK] Saved TSLA 1wk to .\data/raw\TSLA\TSLA_1wk_20260201.csv (104 rows)
2026-02-01 02:08:52,243 - core.data_storage - INFO - Metadata saved to .\data/metadata.json
2026-02-01 02:08:52,255 - core.data_storage - INFO - [OK] Saved TSLA 1mo to .\data/raw\TSLA\TSLA_1mo_20260201.csv (59 rows)
2026-02-01 02:08:52,338 - core.data_storage - INFO - Metadata saved to .\data/metadata.json
2026-02-01 02:08:52,353 - core.data_storage - INFO - [OK] Saved TSLA 3mo to .\data/raw\TSLA\TSLA_3mo_20260201.csv (20 rows)
2026-02-01 02:08:52,414 - core.data_storage - INFO - Metadata saved to .\data/metadata.json
2026-02-01 02:08:52,445 - core.data_storage - INFO - [OK] Saved TSLA 1h to .\data/raw\TSLA\TSLA_1h_20260201.csv (276 rows)
2026-02-01 02:08:52,523 - core.data_storage - INFO - Metadata saved to .\data/metadata.json
2026-02-01 02:08:52,551 - core.data_storage - INFO - [OK] Saved TSLA 30m to .\data/raw\TSLA\TSLA_30m_20260201.csv (260 rows)
2026-02-01 02:08:52,617 - core.data_storage - INFO - Metadata saved to .\data/metadata.json
2026-02-01 02:08:52,661 - core.data_storage - INFO - [OK] Saved TSLA 15m to .\data/raw\TSLA\TSLA_15m_20260201.csv (520 rows)
2026-02-01 02:08:52,734 - core.data_storage - INFO - Metadata saved to .\data/metadata.json
2026-02-01 02:08:52,767 - core.data_storage - INFO - [OK] Saved TSLA 5m to .\data/raw\TSLA\TSLA_5m_20260201.csv (312 rows)
2026-02-01 02:08:52,843 - core.data_storage - INFO - Metadata saved to .\data/metadata.json
2026-02-01 02:08:52,843 - core.data_storage - INFO - 
============================================================
2026-02-01 02:08:52,846 - core.data_storage - INFO - SAVE SUMMARY:
2026-02-01 02:08:52,846 - core.data_storage - INFO - Saved 9/12 files
2026-02-01 02:08:52,846 - core.data_storage - INFO - Success rate: 75.0%
2026-02-01 02:08:52,847 - core.data_storage - INFO - ============================================================
2026-02-01 02:11:03,155 - core.ticker_selector - INFO - Manual tickers set: ['TSLA']
2026-02-01 02:11:03,874 - core.ticker_selector - INFO - [OK] Valid ticker: TSLA
2026-02-01 02:11:03,874 - core.ticker_selector - INFO - Validation complete: 1/1 tickers valid
2026-02-01 02:11:03,876 - core.data_fetcher - INFO - 
============================================================
2026-02-01 02:11:03,876 - core.data_fetcher - INFO - Fetching all timeframes for TSLA
2026-02-01 02:11:03,876 - core.data_fetcher - INFO - ============================================================
2026-02-01 02:11:03,879 - core.data_fetcher - INFO - Fetching TSLA - 4h (attempt 1/3)
2026-02-01 02:11:04,656 - core.data_fetcher - INFO - Resampling hourly data to 4-hour intervals
2026-02-01 02:11:04,687 - core.data_fetcher - INFO - [OK] Successfully fetched 119 rows for TSLA at 4h
2026-02-01 02:11:04,688 - core.data_fetcher - INFO - Fetching TSLA - 1d (attempt 1/3)
2026-02-01 02:11:04,960 - core.data_fetcher - INFO - [OK] Successfully fetched 345 rows for TSLA at 1d
2026-02-01 02:11:04,960 - core.data_fetcher - INFO - Fetching TSLA - 1wk (attempt 1/3)
2026-02-01 02:11:05,178 - core.data_fetcher - INFO - [OK] Successfully fetched 104 rows for TSLA at 1wk
2026-02-01 02:11:05,179 - core.data_fetcher - INFO - Fetching TSLA - 1mo (attempt 1/3)
2026-02-01 02:11:05,469 - core.data_fetcher - INFO - [OK] Successfully fetched 59 rows for TSLA at 1mo
2026-02-01 02:11:05,470 - core.data_fetcher - INFO - Fetching TSLA - 3mo (attempt 1/3)
2026-02-01 02:11:05,685 - core.data_fetcher - INFO - [OK] Successfully fetched 20 rows for TSLA at 3mo
2026-02-01 02:11:05,686 - core.data_fetcher - INFO - Fetching TSLA - 1h (attempt 1/3)
2026-02-01 02:11:05,957 - core.data_fetcher - INFO - [OK] Successfully fetched 276 rows for TSLA at 1h
2026-02-01 02:11:05,958 - core.data_fetcher - INFO - Fetching TSLA - 30m (attempt 1/3)
2026-02-01 02:11:06,423 - core.data_fetcher - INFO - [OK] Successfully fetched 260 rows for TSLA at 30m
2026-02-01 02:11:06,423 - core.data_fetcher - INFO - Fetching TSLA - 15m (attempt 1/3)
2026-02-01 02:11:06,716 - core.data_fetcher - INFO - [OK] Successfully fetched 520 rows for TSLA at 15m
2026-02-01 02:11:06,716 - core.data_fetcher - INFO - Fetching TSLA - 5m (attempt 1/3)
2026-02-01 02:11:06,957 - core.data_fetcher - INFO - [OK] Successfully fetched 312 rows for TSLA at 5m
2026-02-01 02:11:06,958 - core.data_fetcher - INFO - Fetching TSLA - 3m (attempt 1/3)
2026-02-01 02:11:07,240 - core.data_fetcher - INFO - Resampling 1-minute data to 3-minute intervals
2026-02-01 02:11:07,262 - core.data_fetcher - WARNING - TSLA 3m: Only 0 rows (expected >= 15)
2026-02-01 02:11:07,264 - core.data_fetcher - WARNING - Data quality check failed for TSLA at 3m
2026-02-01 02:11:09,270 - core.data_fetcher - INFO - Fetching TSLA - 3m (attempt 2/3)
2026-02-01 02:11:09,848 - core.data_fetcher - INFO - Resampling 1-minute data to 3-minute intervals
2026-02-01 02:11:09,905 - core.data_fetcher - WARNING - TSLA 3m: Only 0 rows (expected >= 15)
2026-02-01 02:11:09,905 - core.data_fetcher - WARNING - Data quality check failed for TSLA at 3m
2026-02-01 02:11:11,915 - core.data_fetcher - INFO - Fetching TSLA - 3m (attempt 3/3)
2026-02-01 02:11:12,395 - core.data_fetcher - INFO - Resampling 1-minute data to 3-minute intervals
2026-02-01 02:11:12,433 - core.data_fetcher - WARNING - TSLA 3m: Only 0 rows (expected >= 15)
2026-02-01 02:11:12,434 - core.data_fetcher - WARNING - Data quality check failed for TSLA at 3m
2026-02-01 02:11:12,458 - core.data_fetcher - INFO - [OK] Successfully fetched 0 rows for TSLA at 3m
2026-02-01 02:11:12,458 - core.data_fetcher - INFO - Fetching TSLA - 2m (attempt 1/3)
2026-02-01 02:11:12,889 - core.data_fetcher - WARNING - TSLA 2m: Only 0 rows (expected >= 20)
2026-02-01 02:11:12,890 - core.data_fetcher - WARNING - Data quality check failed for TSLA at 2m
2026-02-01 02:11:14,890 - core.data_fetcher - INFO - Fetching TSLA - 2m (attempt 2/3)
2026-02-01 02:11:15,062 - core.data_fetcher - WARNING - TSLA 2m: Only 0 rows (expected >= 20)
2026-02-01 02:11:15,063 - core.data_fetcher - WARNING - Data quality check failed for TSLA at 2m
2026-02-01 02:11:17,068 - core.data_fetcher - INFO - Fetching TSLA - 2m (attempt 3/3)
2026-02-01 02:11:17,384 - core.data_fetcher - WARNING - TSLA 2m: Only 0 rows (expected >= 20)
2026-02-01 02:11:17,387 - core.data_fetcher - WARNING - Data quality check failed for TSLA at 2m
2026-02-01 02:11:17,392 - core.data_fetcher - INFO - [OK] Successfully fetched 0 rows for TSLA at 2m
2026-02-01 02:11:17,394 - core.data_fetcher - INFO - Fetching TSLA - 1m (attempt 1/3)
2026-02-01 02:11:17,664 - core.data_fetcher - WARNING - TSLA 1m: Only 0 rows (expected >= 30)
2026-02-01 02:11:17,667 - core.data_fetcher - WARNING - Data quality check failed for TSLA at 1m
2026-02-01 02:11:19,669 - core.data_fetcher - INFO - Fetching TSLA - 1m (attempt 2/3)
2026-02-01 02:11:20,083 - core.data_fetcher - WARNING - TSLA 1m: Only 0 rows (expected >= 30)
2026-02-01 02:11:20,085 - core.data_fetcher - WARNING - Data quality check failed for TSLA at 1m
2026-02-01 02:11:22,088 - core.data_fetcher - INFO - Fetching TSLA - 1m (attempt 3/3)
2026-02-01 02:11:22,564 - core.data_fetcher - WARNING - TSLA 1m: Only 0 rows (expected >= 30)
2026-02-01 02:11:22,565 - core.data_fetcher - WARNING - Data quality check failed for TSLA at 1m
2026-02-01 02:11:22,589 - core.data_fetcher - INFO - [OK] Successfully fetched 0 rows for TSLA at 1m
2026-02-01 02:11:23,600 - core.data_storage - INFO - 
Saving all timeframes for TSLA
2026-02-01 02:11:23,664 - core.data_storage - INFO - [OK] Saved TSLA 4h to .\data/raw\TSLA\TSLA_4h_20260201.csv (119 rows)
2026-02-01 02:11:23,798 - core.data_storage - INFO - Metadata saved to .\data/metadata.json
2026-02-01 02:11:23,834 - core.data_storage - INFO - [OK] Saved TSLA 1d to .\data/raw\TSLA\TSLA_1d_20260201.csv (345 rows)
2026-02-01 02:11:23,972 - core.data_storage - INFO - Metadata saved to .\data/metadata.json
2026-02-01 02:11:24,000 - core.data_storage - INFO - [OK] Saved TSLA 1wk to .\data/raw\TSLA\TSLA_1wk_20260201.csv (104 rows)
2026-02-01 02:11:24,103 - core.data_storage - INFO - Metadata saved to .\data/metadata.json
2026-02-01 02:11:24,130 - core.data_storage - INFO - [OK] Saved TSLA 1mo to .\data/raw\TSLA\TSLA_1mo_20260201.csv (59 rows)
2026-02-01 02:11:24,200 - core.data_storage - INFO - Metadata saved to .\data/metadata.json
2026-02-01 02:11:24,223 - core.data_storage - INFO - [OK] Saved TSLA 3mo to .\data/raw\TSLA\TSLA_3mo_20260201.csv (20 rows)
2026-02-01 02:11:24,278 - core.data_storage - INFO - Metadata saved to .\data/metadata.json
2026-02-01 02:11:24,324 - core.data_storage - INFO - [OK] Saved TSLA 1h to .\data/raw\TSLA\TSLA_1h_20260201.csv (276 rows)
2026-02-01 02:11:24,431 - core.data_storage - INFO - Metadata saved to .\data/metadata.json
2026-02-01 02:11:24,477 - core.data_storage - INFO - [OK] Saved TSLA 30m to .\data/raw\TSLA\TSLA_30m_20260201.csv (260 rows)
2026-02-01 02:11:24,652 - core.data_storage - INFO - Metadata saved to .\data/metadata.json
2026-02-01 02:11:24,737 - core.data_storage - INFO - [OK] Saved TSLA 15m to .\data/raw\TSLA\TSLA_15m_20260201.csv (520 rows)
2026-02-01 02:11:24,889 - core.data_storage - INFO - Metadata saved to .\data/metadata.json
2026-02-01 02:11:24,941 - core.data_storage - INFO - [OK] Saved TSLA 5m to .\data/raw\TSLA\TSLA_5m_20260201.csv (312 rows)
2026-02-01 02:11:25,084 - core.data_storage - INFO - Metadata saved to .\data/metadata.json
2026-02-01 02:11:25,085 - core.data_storage - INFO - 
============================================================
2026-02-01 02:11:25,086 - core.data_storage - INFO - SAVE SUMMARY:
2026-02-01 02:11:25,086 - core.data_storage - INFO - Saved 9/12 files
2026-02-01 02:11:25,086 - core.data_storage - INFO - Success rate: 75.0%
2026-02-01 02:11:25,086 - core.data_storage - INFO - ============================================================
2026-02-01 02:15:11,595 - core.ticker_selector - INFO - Manual tickers set: ['TSLA']
2026-02-01 02:15:12,325 - core.ticker_selector - INFO - [OK] Valid ticker: TSLA
2026-02-01 02:15:12,325 - core.ticker_selector - INFO - Validation complete: 1/1 tickers valid
2026-02-01 02:15:12,325 - core.data_fetcher - INFO - 
============================================================
2026-02-01 02:15:12,325 - core.data_fetcher - INFO - Fetching all timeframes for TSLA
2026-02-01 02:15:12,325 - core.data_fetcher - INFO - ============================================================
2026-02-01 02:15:12,326 - core.data_fetcher - INFO - Fetching TSLA - 4h (attempt 1/3)
2026-02-01 02:15:12,915 - core.data_fetcher - INFO - Resampling hourly data to 4-hour intervals
2026-02-01 02:15:12,943 - core.data_fetcher - INFO - [OK] Successfully fetched 119 rows for TSLA at 4h
2026-02-01 02:15:12,944 - core.data_fetcher - INFO - Fetching TSLA - 1d (attempt 1/3)
2026-02-01 02:15:13,190 - core.data_fetcher - INFO - [OK] Successfully fetched 345 rows for TSLA at 1d
2026-02-01 02:15:13,191 - core.data_fetcher - INFO - Fetching TSLA - 1wk (attempt 1/3)
2026-02-01 02:15:13,468 - core.data_fetcher - INFO - [OK] Successfully fetched 104 rows for TSLA at 1wk
2026-02-01 02:15:13,469 - core.data_fetcher - INFO - Fetching TSLA - 1mo (attempt 1/3)
2026-02-01 02:15:13,723 - core.data_fetcher - INFO - [OK] Successfully fetched 59 rows for TSLA at 1mo
2026-02-01 02:15:13,723 - core.data_fetcher - INFO - Fetching TSLA - 3mo (attempt 1/3)
2026-02-01 02:15:13,923 - core.data_fetcher - INFO - [OK] Successfully fetched 20 rows for TSLA at 3mo
2026-02-01 02:15:13,924 - core.data_fetcher - INFO - Fetching TSLA - 1h (attempt 1/3)
2026-02-01 02:15:14,095 - core.data_fetcher - INFO - [OK] Successfully fetched 276 rows for TSLA at 1h
2026-02-01 02:15:14,096 - core.data_fetcher - INFO - Fetching TSLA - 30m (attempt 1/3)
2026-02-01 02:15:14,279 - core.data_fetcher - INFO - [OK] Successfully fetched 260 rows for TSLA at 30m
2026-02-01 02:15:14,279 - core.data_fetcher - INFO - Fetching TSLA - 15m (attempt 1/3)
2026-02-01 02:15:14,401 - core.data_fetcher - INFO - [OK] Successfully fetched 520 rows for TSLA at 15m
2026-02-01 02:15:14,401 - core.data_fetcher - INFO - Fetching TSLA - 5m (attempt 1/3)
2026-02-01 02:15:14,608 - core.data_fetcher - INFO - [OK] Successfully fetched 312 rows for TSLA at 5m
2026-02-01 02:15:14,608 - core.data_fetcher - INFO - Fetching TSLA - 3m (attempt 1/3)
2026-02-01 02:15:14,745 - core.data_fetcher - INFO - Resampling 1-minute data to 3-minute intervals
2026-02-01 02:15:14,752 - core.data_fetcher - WARNING - TSLA 3m: Only 0 rows (expected >= 15)
2026-02-01 02:15:14,752 - core.data_fetcher - WARNING - Data quality check failed for TSLA at 3m
2026-02-01 02:15:16,753 - core.data_fetcher - INFO - Fetching TSLA - 3m (attempt 2/3)
2026-02-01 02:15:16,910 - core.data_fetcher - INFO - Resampling 1-minute data to 3-minute intervals
2026-02-01 02:15:16,923 - core.data_fetcher - WARNING - TSLA 3m: Only 0 rows (expected >= 15)
2026-02-01 02:15:16,923 - core.data_fetcher - WARNING - Data quality check failed for TSLA at 3m
2026-02-01 02:15:18,924 - core.data_fetcher - INFO - Fetching TSLA - 3m (attempt 3/3)
2026-02-01 02:15:19,086 - core.data_fetcher - INFO - Resampling 1-minute data to 3-minute intervals
2026-02-01 02:15:19,091 - core.data_fetcher - WARNING - TSLA 3m: Only 0 rows (expected >= 15)
2026-02-01 02:15:19,091 - core.data_fetcher - WARNING - Data quality check failed for TSLA at 3m
2026-02-01 02:15:19,094 - core.data_fetcher - INFO - [OK] Successfully fetched 0 rows for TSLA at 3m
2026-02-01 02:15:19,094 - core.data_fetcher - INFO - Fetching TSLA - 2m (attempt 1/3)
2026-02-01 02:15:19,252 - core.data_fetcher - WARNING - TSLA 2m: Only 0 rows (expected >= 20)
2026-02-01 02:15:19,254 - core.data_fetcher - WARNING - Data quality check failed for TSLA at 2m
2026-02-01 02:15:21,255 - core.data_fetcher - INFO - Fetching TSLA - 2m (attempt 2/3)
2026-02-01 02:15:21,439 - core.data_fetcher - WARNING - TSLA 2m: Only 0 rows (expected >= 20)
2026-02-01 02:15:21,439 - core.data_fetcher - WARNING - Data quality check failed for TSLA at 2m
2026-02-01 02:15:23,441 - core.data_fetcher - INFO - Fetching TSLA - 2m (attempt 3/3)
2026-02-01 02:15:23,586 - core.data_fetcher - WARNING - TSLA 2m: Only 0 rows (expected >= 20)
2026-02-01 02:15:23,586 - core.data_fetcher - WARNING - Data quality check failed for TSLA at 2m
2026-02-01 02:15:23,588 - core.data_fetcher - INFO - [OK] Successfully fetched 0 rows for TSLA at 2m
2026-02-01 02:15:23,588 - core.data_fetcher - INFO - Fetching TSLA - 1m (attempt 1/3)
2026-02-01 02:15:23,691 - core.data_fetcher - WARNING - TSLA 1m: Only 0 rows (expected >= 30)
2026-02-01 02:15:23,691 - core.data_fetcher - WARNING - Data quality check failed for TSLA at 1m
2026-02-01 02:15:25,693 - core.data_fetcher - INFO - Fetching TSLA - 1m (attempt 2/3)
2026-02-01 02:15:25,806 - core.data_fetcher - WARNING - TSLA 1m: Only 0 rows (expected >= 30)
2026-02-01 02:15:25,806 - core.data_fetcher - WARNING - Data quality check failed for TSLA at 1m
2026-02-01 02:15:27,807 - core.data_fetcher - INFO - Fetching TSLA - 1m (attempt 3/3)
2026-02-01 02:15:28,064 - core.data_fetcher - WARNING - TSLA 1m: Only 0 rows (expected >= 30)
2026-02-01 02:15:28,065 - core.data_fetcher - WARNING - Data quality check failed for TSLA at 1m
2026-02-01 02:15:28,073 - core.data_fetcher - INFO - [OK] Successfully fetched 0 rows for TSLA at 1m
2026-02-01 02:15:29,080 - core.data_storage - INFO - 
Saving all timeframes for TSLA
2026-02-01 02:15:29,123 - core.data_storage - INFO - [OK] Saved TSLA 4h to .\data/raw\TSLA\TSLA_4h_20260201.csv (119 rows)
2026-02-01 02:15:29,240 - core.data_storage - INFO - Metadata saved to .\data/metadata.json
2026-02-01 02:15:29,269 - core.data_storage - INFO - [OK] Saved TSLA 1d to .\data/raw\TSLA\TSLA_1d_20260201.csv (345 rows)
2026-02-01 02:15:29,355 - core.data_storage - INFO - Metadata saved to .\data/metadata.json
2026-02-01 02:15:29,370 - core.data_storage - INFO - [OK] Saved TSLA 1wk to .\data/raw\TSLA\TSLA_1wk_20260201.csv (104 rows)
2026-02-01 02:15:29,455 - core.data_storage - INFO - Metadata saved to .\data/metadata.json
2026-02-01 02:15:29,469 - core.data_storage - INFO - [OK] Saved TSLA 1mo to .\data/raw\TSLA\TSLA_1mo_20260201.csv (59 rows)
2026-02-01 02:15:29,515 - core.data_storage - INFO - Metadata saved to .\data/metadata.json
2026-02-01 02:15:29,526 - core.data_storage - INFO - [OK] Saved TSLA 3mo to .\data/raw\TSLA\TSLA_3mo_20260201.csv (20 rows)
2026-02-01 02:15:29,567 - core.data_storage - INFO - Metadata saved to .\data/metadata.json
2026-02-01 02:15:29,598 - core.data_storage - INFO - [OK] Saved TSLA 1h to .\data/raw\TSLA\TSLA_1h_20260201.csv (276 rows)
2026-02-01 02:15:29,658 - core.data_storage - INFO - Metadata saved to .\data/metadata.json
2026-02-01 02:15:29,689 - core.data_storage - INFO - [OK] Saved TSLA 30m to .\data/raw\TSLA\TSLA_30m_20260201.csv (260 rows)
2026-02-01 02:15:29,772 - core.data_storage - INFO - Metadata saved to .\data/metadata.json
2026-02-01 02:15:29,809 - core.data_storage - INFO - [OK] Saved TSLA 15m to .\data/raw\TSLA\TSLA_15m_20260201.csv (520 rows)
2026-02-01 02:15:29,893 - core.data_storage - INFO - Metadata saved to .\data/metadata.json
2026-02-01 02:15:29,925 - core.data_storage - INFO - [OK] Saved TSLA 5m to .\data/raw\TSLA\TSLA_5m_20260201.csv (312 rows)
2026-02-01 02:15:30,000 - core.data_storage - INFO - Metadata saved to .\data/metadata.json
2026-02-01 02:15:30,001 - core.data_storage - INFO - 
============================================================
2026-02-01 02:15:30,001 - core.data_storage - INFO - SAVE SUMMARY:
2026-02-01 02:15:30,002 - core.data_storage - INFO - Saved 9/12 files
2026-02-01 02:15:30,003 - core.data_storage - INFO - Success rate: 75.0%
2026-02-01 02:15:30,003 - core.data_storage - INFO - ============================================================
2026-02-01 02:19:12,649 - core.ticker_selector - INFO - Manual tickers set: ['TEST-TKR']
2026-02-01 02:19:13,469 - yfinance - ERROR - HTTP Error 404: {"quoteSummary":{"result":null,"error":{"code":"Not Found","description":"Quote not found for symbol: TEST-TKR"}}}
2026-02-01 02:19:13,691 - core.ticker_selector - WARNING - [FAIL] Invalid ticker: TEST-TKR (no data returned)
2026-02-01 02:19:13,693 - core.ticker_selector - INFO - Validation complete: 0/1 tickers valid
2026-02-01 02:19:13,694 - core.ticker_selector - WARNING - Invalid tickers found: ['TEST-TKR']
2026-02-01 02:19:44,434 - core.ticker_selector - INFO - Manual tickers set: ['MSFT']
2026-02-01 02:19:45,231 - core.ticker_selector - INFO - [OK] Valid ticker: MSFT
2026-02-01 02:19:45,231 - core.ticker_selector - INFO - Validation complete: 1/1 tickers valid
2026-02-01 02:19:45,232 - core.data_fetcher - INFO - 
============================================================
2026-02-01 02:19:45,234 - core.data_fetcher - INFO - Fetching all timeframes for MSFT
2026-02-01 02:19:45,235 - core.data_fetcher - INFO - ============================================================
2026-02-01 02:19:45,235 - core.data_fetcher - INFO - Fetching MSFT - 4h (attempt 1/3)
2026-02-01 02:19:45,494 - core.data_fetcher - INFO - Resampling hourly data to 4-hour intervals
2026-02-01 02:19:45,506 - core.data_fetcher - INFO - [OK] Successfully fetched 119 rows for MSFT at 4h
2026-02-01 02:19:45,508 - core.data_fetcher - INFO - Fetching MSFT - 1d (attempt 1/3)
2026-02-01 02:19:45,784 - core.data_fetcher - INFO - [OK] Successfully fetched 345 rows for MSFT at 1d
2026-02-01 02:19:45,784 - core.data_fetcher - INFO - Fetching MSFT - 1wk (attempt 1/3)
2026-02-01 02:19:45,972 - core.data_fetcher - INFO - [OK] Successfully fetched 104 rows for MSFT at 1wk
2026-02-01 02:19:45,972 - core.data_fetcher - INFO - Fetching MSFT - 1mo (attempt 1/3)
2026-02-01 02:19:46,125 - core.data_fetcher - INFO - [OK] Successfully fetched 59 rows for MSFT at 1mo
2026-02-01 02:19:46,127 - core.data_fetcher - INFO - Fetching MSFT - 3mo (attempt 1/3)
2026-02-01 02:19:46,293 - core.data_fetcher - INFO - [OK] Successfully fetched 20 rows for MSFT at 3mo
2026-02-01 02:19:46,294 - core.data_fetcher - INFO - Fetching MSFT - 1h (attempt 1/3)
2026-02-01 02:19:46,487 - core.data_fetcher - INFO - [OK] Successfully fetched 276 rows for MSFT at 1h
2026-02-01 02:19:46,487 - core.data_fetcher - INFO - Fetching MSFT - 30m (attempt 1/3)
2026-02-01 02:19:46,732 - core.data_fetcher - INFO - [OK] Successfully fetched 260 rows for MSFT at 30m
2026-02-01 02:19:46,734 - core.data_fetcher - INFO - Fetching MSFT - 15m (attempt 1/3)
2026-02-01 02:19:46,847 - core.data_fetcher - INFO - [OK] Successfully fetched 520 rows for MSFT at 15m
2026-02-01 02:19:46,848 - core.data_fetcher - INFO - Fetching MSFT - 5m (attempt 1/3)
2026-02-01 02:19:47,037 - core.data_fetcher - INFO - [OK] Successfully fetched 312 rows for MSFT at 5m
2026-02-01 02:19:47,038 - core.data_fetcher - INFO - Fetching MSFT - 3m (attempt 1/3)
2026-02-01 02:19:47,169 - core.data_fetcher - INFO - Resampling 1-minute data to 3-minute intervals
2026-02-01 02:19:47,175 - core.data_fetcher - WARNING - MSFT 3m: Only 0 rows (expected >= 15)
2026-02-01 02:19:47,175 - core.data_fetcher - WARNING - Data quality check failed for MSFT at 3m
2026-02-01 02:19:49,177 - core.data_fetcher - INFO - Fetching MSFT - 3m (attempt 2/3)
2026-02-01 02:19:49,316 - core.data_fetcher - INFO - Resampling 1-minute data to 3-minute intervals
2026-02-01 02:19:49,320 - core.data_fetcher - WARNING - MSFT 3m: Only 0 rows (expected >= 15)
2026-02-01 02:19:49,321 - core.data_fetcher - WARNING - Data quality check failed for MSFT at 3m
2026-02-01 02:19:51,321 - core.data_fetcher - INFO - Fetching MSFT - 3m (attempt 3/3)
2026-02-01 02:19:51,480 - core.data_fetcher - INFO - Resampling 1-minute data to 3-minute intervals
2026-02-01 02:19:51,485 - core.data_fetcher - WARNING - MSFT 3m: Only 0 rows (expected >= 15)
2026-02-01 02:19:51,485 - core.data_fetcher - WARNING - Data quality check failed for MSFT at 3m
2026-02-01 02:19:51,488 - core.data_fetcher - INFO - [OK] Successfully fetched 0 rows for MSFT at 3m
2026-02-01 02:19:51,488 - core.data_fetcher - INFO - Fetching MSFT - 2m (attempt 1/3)
2026-02-01 02:19:51,614 - core.data_fetcher - WARNING - MSFT 2m: Only 0 rows (expected >= 20)
2026-02-01 02:19:51,615 - core.data_fetcher - WARNING - Data quality check failed for MSFT at 2m
2026-02-01 02:19:53,615 - core.data_fetcher - INFO - Fetching MSFT - 2m (attempt 2/3)
2026-02-01 02:19:53,911 - core.data_fetcher - WARNING - MSFT 2m: Only 0 rows (expected >= 20)
2026-02-01 02:19:53,912 - core.data_fetcher - WARNING - Data quality check failed for MSFT at 2m
2026-02-01 02:19:55,913 - core.data_fetcher - INFO - Fetching MSFT - 2m (attempt 3/3)
2026-02-01 02:19:56,073 - core.data_fetcher - WARNING - MSFT 2m: Only 0 rows (expected >= 20)
2026-02-01 02:19:56,074 - core.data_fetcher - WARNING - Data quality check failed for MSFT at 2m
2026-02-01 02:19:56,076 - core.data_fetcher - INFO - [OK] Successfully fetched 0 rows for MSFT at 2m
2026-02-01 02:19:56,076 - core.data_fetcher - INFO - Fetching MSFT - 1m (attempt 1/3)
2026-02-01 02:19:56,216 - core.data_fetcher - WARNING - MSFT 1m: Only 0 rows (expected >= 30)
2026-02-01 02:19:56,216 - core.data_fetcher - WARNING - Data quality check failed for MSFT at 1m
2026-02-01 02:19:58,217 - core.data_fetcher - INFO - Fetching MSFT - 1m (attempt 2/3)
2026-02-01 02:19:58,337 - core.data_fetcher - WARNING - MSFT 1m: Only 0 rows (expected >= 30)
2026-02-01 02:19:58,337 - core.data_fetcher - WARNING - Data quality check failed for MSFT at 1m
2026-02-01 02:20:00,339 - core.data_fetcher - INFO - Fetching MSFT - 1m (attempt 3/3)
2026-02-01 02:20:00,501 - core.data_fetcher - WARNING - MSFT 1m: Only 0 rows (expected >= 30)
2026-02-01 02:20:00,501 - core.data_fetcher - WARNING - Data quality check failed for MSFT at 1m
2026-02-01 02:20:00,504 - core.data_fetcher - INFO - [OK] Successfully fetched 0 rows for MSFT at 1m
2026-02-01 02:20:01,508 - core.data_storage - INFO - 
Saving all timeframes for MSFT
2026-02-01 02:20:01,527 - core.data_storage - INFO - [OK] Saved MSFT 4h to .\data/raw\MSFT\MSFT_4h_20260201.csv (119 rows)
2026-02-01 02:20:01,558 - core.data_storage - INFO - Metadata saved to .\data/metadata.json
2026-02-01 02:20:01,570 - core.data_storage - INFO - [OK] Saved MSFT 1d to .\data/raw\MSFT\MSFT_1d_20260201.csv (345 rows)
2026-02-01 02:20:01,633 - core.data_storage - INFO - Metadata saved to .\data/metadata.json
2026-02-01 02:20:01,641 - core.data_storage - INFO - [OK] Saved MSFT 1wk to .\data/raw\MSFT\MSFT_1wk_20260201.csv (104 rows)
2026-02-01 02:20:01,687 - core.data_storage - INFO - Metadata saved to .\data/metadata.json
2026-02-01 02:20:01,693 - core.data_storage - INFO - [OK] Saved MSFT 1mo to .\data/raw\MSFT\MSFT_1mo_20260201.csv (59 rows)
2026-02-01 02:20:01,743 - core.data_storage - INFO - Metadata saved to .\data/metadata.json
2026-02-01 02:20:01,755 - core.data_storage - INFO - [OK] Saved MSFT 3mo to .\data/raw\MSFT\MSFT_3mo_20260201.csv (20 rows)
2026-02-01 02:20:01,809 - core.data_storage - INFO - Metadata saved to .\data/metadata.json
2026-02-01 02:20:01,823 - core.data_storage - INFO - [OK] Saved MSFT 1h to .\data/raw\MSFT\MSFT_1h_20260201.csv (276 rows)
2026-02-01 02:20:01,868 - core.data_storage - INFO - Metadata saved to .\data/metadata.json
2026-02-01 02:20:01,875 - core.data_storage - INFO - [OK] Saved MSFT 30m to .\data/raw\MSFT\MSFT_30m_20260201.csv (260 rows)
2026-02-01 02:20:01,899 - core.data_storage - INFO - Metadata saved to .\data/metadata.json
2026-02-01 02:20:01,906 - core.data_storage - INFO - [OK] Saved MSFT 15m to .\data/raw\MSFT\MSFT_15m_20260201.csv (520 rows)
2026-02-01 02:20:01,932 - core.data_storage - INFO - Metadata saved to .\data/metadata.json
2026-02-01 02:20:01,940 - core.data_storage - INFO - [OK] Saved MSFT 5m to .\data/raw\MSFT\MSFT_5m_20260201.csv (312 rows)
2026-02-01 02:20:01,969 - core.data_storage - INFO - Metadata saved to .\data/metadata.json
2026-02-01 02:20:01,969 - core.data_storage - INFO - 
============================================================
2026-02-01 02:20:01,969 - core.data_storage - INFO - SAVE SUMMARY:
2026-02-01 02:20:01,969 - core.data_storage - INFO - Saved 9/12 files
2026-02-01 02:20:01,969 - core.data_storage - INFO - Success rate: 75.0%
2026-02-01 02:20:01,969 - core.data_storage - INFO - ============================================================
2026-02-01 02:22:04,592 - core.ticker_selector - INFO - Manual tickers set: ['TSLA']
2026-02-01 02:22:05,259 - core.ticker_selector - INFO - [OK] Valid ticker: TSLA
2026-02-01 02:22:05,259 - core.ticker_selector - INFO - Validation complete: 1/1 tickers valid
2026-02-01 02:22:05,259 - core.data_fetcher - INFO - 
============================================================
2026-02-01 02:22:05,259 - core.data_fetcher - INFO - Fetching all timeframes for TSLA
2026-02-01 02:22:05,259 - core.data_fetcher - INFO - ============================================================
2026-02-01 02:22:05,260 - core.data_fetcher - INFO - Fetching TSLA - 4h (attempt 1/3)
2026-02-01 02:22:05,730 - core.data_fetcher - INFO - Resampling hourly data to 4-hour intervals
2026-02-01 02:22:05,743 - core.data_fetcher - INFO - [OK] Successfully fetched 119 rows for TSLA at 4h
2026-02-01 02:22:05,743 - core.data_fetcher - INFO - Fetching TSLA - 1d (attempt 1/3)
2026-02-01 02:22:05,918 - core.data_fetcher - INFO - [OK] Successfully fetched 345 rows for TSLA at 1d
2026-02-01 02:22:05,918 - core.data_fetcher - INFO - Fetching TSLA - 1wk (attempt 1/3)
2026-02-01 02:22:06,132 - core.data_fetcher - INFO - [OK] Successfully fetched 104 rows for TSLA at 1wk
2026-02-01 02:22:06,133 - core.data_fetcher - INFO - Fetching TSLA - 1mo (attempt 1/3)
2026-02-01 02:22:06,300 - core.data_fetcher - INFO - [OK] Successfully fetched 59 rows for TSLA at 1mo
2026-02-01 02:22:06,300 - core.data_fetcher - INFO - Fetching TSLA - 3mo (attempt 1/3)
2026-02-01 02:22:06,468 - core.data_fetcher - INFO - [OK] Successfully fetched 20 rows for TSLA at 3mo
2026-02-01 02:22:06,469 - core.data_fetcher - INFO - Fetching TSLA - 1h (attempt 1/3)
2026-02-01 02:22:06,663 - core.data_fetcher - INFO - [OK] Successfully fetched 276 rows for TSLA at 1h
2026-02-01 02:22:06,665 - core.data_fetcher - INFO - Fetching TSLA - 30m (attempt 1/3)
2026-02-01 02:22:06,914 - core.data_fetcher - INFO - [OK] Successfully fetched 260 rows for TSLA at 30m
2026-02-01 02:22:06,914 - core.data_fetcher - INFO - Fetching TSLA - 15m (attempt 1/3)
2026-02-01 02:22:07,189 - core.data_fetcher - INFO - [OK] Successfully fetched 520 rows for TSLA at 15m
2026-02-01 02:22:07,190 - core.data_fetcher - INFO - Fetching TSLA - 5m (attempt 1/3)
2026-02-01 02:22:07,353 - core.data_fetcher - INFO - [OK] Successfully fetched 312 rows for TSLA at 5m
2026-02-01 02:22:07,353 - core.data_fetcher - INFO - Fetching TSLA - 3m (attempt 1/3)
2026-02-01 02:22:07,507 - core.data_fetcher - INFO - Resampling 1-minute data to 3-minute intervals
2026-02-01 02:22:07,511 - core.data_fetcher - WARNING - TSLA 3m: Only 0 rows (expected >= 15)
2026-02-01 02:22:07,511 - core.data_fetcher - WARNING - Data quality check failed for TSLA at 3m
2026-02-01 02:22:09,512 - core.data_fetcher - INFO - Fetching TSLA - 3m (attempt 2/3)
2026-02-01 02:22:09,694 - core.data_fetcher - INFO - Resampling 1-minute data to 3-minute intervals
2026-02-01 02:22:09,700 - core.data_fetcher - WARNING - TSLA 3m: Only 0 rows (expected >= 15)
2026-02-01 02:22:09,700 - core.data_fetcher - WARNING - Data quality check failed for TSLA at 3m
2026-02-01 02:22:11,702 - core.data_fetcher - INFO - Fetching TSLA - 3m (attempt 3/3)
2026-02-01 02:22:12,001 - core.data_fetcher - INFO - Resampling 1-minute data to 3-minute intervals
2026-02-01 02:22:12,006 - core.data_fetcher - WARNING - TSLA 3m: Only 0 rows (expected >= 15)
2026-02-01 02:22:12,006 - core.data_fetcher - WARNING - Data quality check failed for TSLA at 3m
2026-02-01 02:22:12,007 - core.data_fetcher - INFO - [OK] Successfully fetched 0 rows for TSLA at 3m
2026-02-01 02:22:12,007 - core.data_fetcher - INFO - Fetching TSLA - 2m (attempt 1/3)
2026-02-01 02:22:12,151 - core.data_fetcher - WARNING - TSLA 2m: Only 0 rows (expected >= 20)
2026-02-01 02:22:12,151 - core.data_fetcher - WARNING - Data quality check failed for TSLA at 2m
2026-02-01 02:22:14,151 - core.data_fetcher - INFO - Fetching TSLA - 2m (attempt 2/3)
2026-02-01 02:22:14,331 - core.data_fetcher - WARNING - TSLA 2m: Only 0 rows (expected >= 20)
2026-02-01 02:22:14,332 - core.data_fetcher - WARNING - Data quality check failed for TSLA at 2m
2026-02-01 02:22:16,334 - core.data_fetcher - INFO - Fetching TSLA - 2m (attempt 3/3)
2026-02-01 02:22:16,514 - core.data_fetcher - WARNING - TSLA 2m: Only 0 rows (expected >= 20)
2026-02-01 02:22:16,515 - core.data_fetcher - WARNING - Data quality check failed for TSLA at 2m
2026-02-01 02:22:16,517 - core.data_fetcher - INFO - [OK] Successfully fetched 0 rows for TSLA at 2m
2026-02-01 02:22:16,517 - core.data_fetcher - INFO - Fetching TSLA - 1m (attempt 1/3)
2026-02-01 02:22:16,699 - core.data_fetcher - WARNING - TSLA 1m: Only 0 rows (expected >= 30)
2026-02-01 02:22:16,699 - core.data_fetcher - WARNING - Data quality check failed for TSLA at 1m
2026-02-01 02:22:18,700 - core.data_fetcher - INFO - Fetching TSLA - 1m (attempt 2/3)
2026-02-01 02:22:18,880 - core.data_fetcher - WARNING - TSLA 1m: Only 0 rows (expected >= 30)
2026-02-01 02:22:18,880 - core.data_fetcher - WARNING - Data quality check failed for TSLA at 1m
2026-02-01 02:22:20,882 - core.data_fetcher - INFO - Fetching TSLA - 1m (attempt 3/3)
2026-02-01 02:22:21,342 - core.data_fetcher - WARNING - TSLA 1m: Only 0 rows (expected >= 30)
2026-02-01 02:22:21,343 - core.data_fetcher - WARNING - Data quality check failed for TSLA at 1m
2026-02-01 02:22:21,349 - core.data_fetcher - INFO - [OK] Successfully fetched 0 rows for TSLA at 1m
2026-02-01 02:22:22,377 - core.data_storage - INFO - 
Saving all timeframes for TSLA
2026-02-01 02:22:22,457 - core.data_storage - INFO - [OK] Saved TSLA 4h to .\data/raw\TSLA\TSLA_4h_20260201.csv (119 rows)
2026-02-01 02:22:22,684 - core.data_storage - INFO - Metadata saved to .\data/metadata.json
2026-02-01 02:22:22,739 - core.data_storage - INFO - [OK] Saved TSLA 1d to .\data/raw\TSLA\TSLA_1d_20260201.csv (345 rows)
2026-02-01 02:22:22,927 - core.data_storage - INFO - Metadata saved to .\data/metadata.json
2026-02-01 02:22:22,965 - core.data_storage - INFO - [OK] Saved TSLA 1wk to .\data/raw\TSLA\TSLA_1wk_20260201.csv (104 rows)
2026-02-01 02:22:23,123 - core.data_storage - INFO - Metadata saved to .\data/metadata.json
2026-02-01 02:22:23,153 - core.data_storage - INFO - [OK] Saved TSLA 1mo to .\data/raw\TSLA\TSLA_1mo_20260201.csv (59 rows)
2026-02-01 02:22:23,228 - core.data_storage - INFO - Metadata saved to .\data/metadata.json
2026-02-01 02:22:23,250 - core.data_storage - INFO - [OK] Saved TSLA 3mo to .\data/raw\TSLA\TSLA_3mo_20260201.csv (20 rows)
2026-02-01 02:22:23,343 - core.data_storage - INFO - Metadata saved to .\data/metadata.json
2026-02-01 02:22:23,401 - core.data_storage - INFO - [OK] Saved TSLA 1h to .\data/raw\TSLA\TSLA_1h_20260201.csv (276 rows)
2026-02-01 02:22:23,570 - core.data_storage - INFO - Metadata saved to .\data/metadata.json
2026-02-01 02:22:23,618 - core.data_storage - INFO - [OK] Saved TSLA 30m to .\data/raw\TSLA\TSLA_30m_20260201.csv (260 rows)
2026-02-01 02:22:23,806 - core.data_storage - INFO - Metadata saved to .\data/metadata.json
2026-02-01 02:22:23,874 - core.data_storage - INFO - [OK] Saved TSLA 15m to .\data/raw\TSLA\TSLA_15m_20260201.csv (520 rows)
2026-02-01 02:22:24,082 - core.data_storage - INFO - Metadata saved to .\data/metadata.json
2026-02-01 02:22:24,138 - core.data_storage - INFO - [OK] Saved TSLA 5m to .\data/raw\TSLA\TSLA_5m_20260201.csv (312 rows)
2026-02-01 02:22:24,354 - core.data_storage - INFO - Metadata saved to .\data/metadata.json
2026-02-01 02:22:24,356 - core.data_storage - INFO - 
============================================================
2026-02-01 02:22:24,356 - core.data_storage - INFO - SAVE SUMMARY:
2026-02-01 02:22:24,356 - core.data_storage - INFO - Saved 9/12 files
2026-02-01 02:22:24,356 - core.data_storage - INFO - Success rate: 75.0%
2026-02-01 02:22:24,356 - core.data_storage - INFO - ============================================================
2026-02-01 02:22:47,623 - core.ticker_selector - INFO - Manual tickers set: ['TSLA']
2026-02-01 02:22:48,323 - core.ticker_selector - INFO - [OK] Valid ticker: TSLA
2026-02-01 02:22:48,323 - core.ticker_selector - INFO - Validation complete: 1/1 tickers valid
2026-02-01 02:22:48,325 - core.data_fetcher - INFO - 
============================================================
2026-02-01 02:22:48,325 - core.data_fetcher - INFO - Fetching all timeframes for TSLA
2026-02-01 02:22:48,325 - core.data_fetcher - INFO - ============================================================
2026-02-01 02:22:48,326 - core.data_fetcher - INFO - Fetching TSLA - 4h (attempt 1/3)
2026-02-01 02:22:48,905 - core.data_fetcher - INFO - Resampling hourly data to 4-hour intervals
2026-02-01 02:22:48,917 - core.data_fetcher - INFO - [OK] Successfully fetched 119 rows for TSLA at 4h
2026-02-01 02:22:48,917 - core.data_fetcher - INFO - Fetching TSLA - 1d (attempt 1/3)
2026-02-01 02:22:49,132 - core.data_fetcher - INFO - [OK] Successfully fetched 345 rows for TSLA at 1d
2026-02-01 02:22:49,132 - core.data_fetcher - INFO - Fetching TSLA - 1wk (attempt 1/3)
2026-02-01 02:22:49,293 - core.data_fetcher - INFO - [OK] Successfully fetched 104 rows for TSLA at 1wk
2026-02-01 02:22:49,293 - core.data_fetcher - INFO - Fetching TSLA - 1mo (attempt 1/3)
2026-02-01 02:22:49,477 - core.data_fetcher - INFO - [OK] Successfully fetched 59 rows for TSLA at 1mo
2026-02-01 02:22:49,479 - core.data_fetcher - INFO - Fetching TSLA - 3mo (attempt 1/3)
2026-02-01 02:22:49,661 - core.data_fetcher - INFO - [OK] Successfully fetched 20 rows for TSLA at 3mo
2026-02-01 02:22:49,661 - core.data_fetcher - INFO - Fetching TSLA - 1h (attempt 1/3)
2026-02-01 02:22:49,869 - core.data_fetcher - INFO - [OK] Successfully fetched 276 rows for TSLA at 1h
2026-02-01 02:22:49,870 - core.data_fetcher - INFO - Fetching TSLA - 30m (attempt 1/3)
2026-02-01 02:22:50,093 - core.data_fetcher - INFO - [OK] Successfully fetched 260 rows for TSLA at 30m
2026-02-01 02:22:50,093 - core.data_fetcher - INFO - Fetching TSLA - 15m (attempt 1/3)
2026-02-01 02:22:50,323 - core.data_fetcher - INFO - [OK] Successfully fetched 520 rows for TSLA at 15m
2026-02-01 02:22:50,323 - core.data_fetcher - INFO - Fetching TSLA - 5m (attempt 1/3)
2026-02-01 02:22:50,499 - core.data_fetcher - INFO - [OK] Successfully fetched 312 rows for TSLA at 5m
2026-02-01 02:22:50,499 - core.data_fetcher - INFO - Fetching TSLA - 3m (attempt 1/3)
2026-02-01 02:22:50,678 - core.data_fetcher - INFO - Resampling 1-minute data to 3-minute intervals
2026-02-01 02:22:50,685 - core.data_fetcher - WARNING - TSLA 3m: Only 0 rows (expected >= 15)
2026-02-01 02:22:50,685 - core.data_fetcher - WARNING - Data quality check failed for TSLA at 3m
2026-02-01 02:22:52,686 - core.data_fetcher - INFO - Fetching TSLA - 3m (attempt 2/3)
2026-02-01 02:22:52,798 - core.data_fetcher - INFO - Resampling 1-minute data to 3-minute intervals
2026-02-01 02:22:52,800 - core.data_fetcher - WARNING - TSLA 3m: Only 0 rows (expected >= 15)
2026-02-01 02:22:52,800 - core.data_fetcher - WARNING - Data quality check failed for TSLA at 3m
2026-02-01 02:22:54,801 - core.data_fetcher - INFO - Fetching TSLA - 3m (attempt 3/3)
2026-02-01 02:22:54,917 - core.data_fetcher - INFO - Resampling 1-minute data to 3-minute intervals
2026-02-01 02:22:54,921 - core.data_fetcher - WARNING - TSLA 3m: Only 0 rows (expected >= 15)
2026-02-01 02:22:54,921 - core.data_fetcher - WARNING - Data quality check failed for TSLA at 3m
2026-02-01 02:22:54,922 - core.data_fetcher - INFO - [OK] Successfully fetched 0 rows for TSLA at 3m
2026-02-01 02:22:54,922 - core.data_fetcher - INFO - Fetching TSLA - 2m (attempt 1/3)
2026-02-01 02:22:55,041 - core.data_fetcher - WARNING - TSLA 2m: Only 0 rows (expected >= 20)
2026-02-01 02:22:55,041 - core.data_fetcher - WARNING - Data quality check failed for TSLA at 2m
2026-02-01 02:22:57,043 - core.data_fetcher - INFO - Fetching TSLA - 2m (attempt 2/3)
2026-02-01 02:22:57,187 - core.data_fetcher - WARNING - TSLA 2m: Only 0 rows (expected >= 20)
2026-02-01 02:22:57,189 - core.data_fetcher - WARNING - Data quality check failed for TSLA at 2m
2026-02-01 02:22:59,189 - core.data_fetcher - INFO - Fetching TSLA - 2m (attempt 3/3)
2026-02-01 02:22:59,347 - core.data_fetcher - WARNING - TSLA 2m: Only 0 rows (expected >= 20)
2026-02-01 02:22:59,347 - core.data_fetcher - WARNING - Data quality check failed for TSLA at 2m
2026-02-01 02:22:59,349 - core.data_fetcher - INFO - [OK] Successfully fetched 0 rows for TSLA at 2m
2026-02-01 02:22:59,349 - core.data_fetcher - INFO - Fetching TSLA - 1m (attempt 1/3)
2026-02-01 02:22:59,492 - core.data_fetcher - WARNING - TSLA 1m: Only 0 rows (expected >= 30)
2026-02-01 02:22:59,492 - core.data_fetcher - WARNING - Data quality check failed for TSLA at 1m
2026-02-01 02:23:01,493 - core.data_fetcher - INFO - Fetching TSLA - 1m (attempt 2/3)
2026-02-01 02:23:01,680 - core.data_fetcher - WARNING - TSLA 1m: Only 0 rows (expected >= 30)
2026-02-01 02:23:01,680 - core.data_fetcher - WARNING - Data quality check failed for TSLA at 1m
2026-02-01 02:23:03,682 - core.data_fetcher - INFO - Fetching TSLA - 1m (attempt 3/3)
2026-02-01 02:23:03,855 - core.data_fetcher - WARNING - TSLA 1m: Only 0 rows (expected >= 30)
2026-02-01 02:23:03,855 - core.data_fetcher - WARNING - Data quality check failed for TSLA at 1m
2026-02-01 02:23:03,859 - core.data_fetcher - INFO - [OK] Successfully fetched 0 rows for TSLA at 1m
2026-02-01 02:23:04,861 - core.data_storage - INFO - 
Saving all timeframes for TSLA
2026-02-01 02:23:04,875 - core.data_storage - INFO - [OK] Saved TSLA 4h to .\data/raw\TSLA\TSLA_4h_20260201.csv (119 rows)
2026-02-01 02:23:04,931 - core.data_storage - INFO - Metadata saved to .\data/metadata.json
2026-02-01 02:23:04,941 - core.data_storage - INFO - [OK] Saved TSLA 1d to .\data/raw\TSLA\TSLA_1d_20260201.csv (345 rows)
2026-02-01 02:23:04,982 - core.data_storage - INFO - Metadata saved to .\data/metadata.json
2026-02-01 02:23:04,989 - core.data_storage - INFO - [OK] Saved TSLA 1wk to .\data/raw\TSLA\TSLA_1wk_20260201.csv (104 rows)
2026-02-01 02:23:05,036 - core.data_storage - INFO - Metadata saved to .\data/metadata.json
2026-02-01 02:23:05,044 - core.data_storage - INFO - [OK] Saved TSLA 1mo to .\data/raw\TSLA\TSLA_1mo_20260201.csv (59 rows)
2026-02-01 02:23:05,068 - core.data_storage - INFO - Metadata saved to .\data/metadata.json
2026-02-01 02:23:05,073 - core.data_storage - INFO - [OK] Saved TSLA 3mo to .\data/raw\TSLA\TSLA_3mo_20260201.csv (20 rows)
2026-02-01 02:23:05,091 - core.data_storage - INFO - Metadata saved to .\data/metadata.json
2026-02-01 02:23:05,096 - core.data_storage - INFO - [OK] Saved TSLA 1h to .\data/raw\TSLA\TSLA_1h_20260201.csv (276 rows)
2026-02-01 02:23:05,141 - core.data_storage - INFO - Metadata saved to .\data/metadata.json
2026-02-01 02:23:05,149 - core.data_storage - INFO - [OK] Saved TSLA 30m to .\data/raw\TSLA\TSLA_30m_20260201.csv (260 rows)
2026-02-01 02:23:05,191 - core.data_storage - INFO - Metadata saved to .\data/metadata.json
2026-02-01 02:23:05,199 - core.data_storage - INFO - [OK] Saved TSLA 15m to .\data/raw\TSLA\TSLA_15m_20260201.csv (520 rows)
2026-02-01 02:23:05,246 - core.data_storage - INFO - Metadata saved to .\data/metadata.json
2026-02-01 02:23:05,259 - core.data_storage - INFO - [OK] Saved TSLA 5m to .\data/raw\TSLA\TSLA_5m_20260201.csv (312 rows)
2026-02-01 02:23:05,308 - core.data_storage - INFO - Metadata saved to .\data/metadata.json
2026-02-01 02:23:05,309 - core.data_storage - INFO - 
============================================================
2026-02-01 02:23:05,309 - core.data_storage - INFO - SAVE SUMMARY:
2026-02-01 02:23:05,309 - core.data_storage - INFO - Saved 9/12 files
2026-02-01 02:23:05,309 - core.data_storage - INFO - Success rate: 75.0%
2026-02-01 02:23:05,309 - core.data_storage - INFO - ============================================================
2026-02-01 02:24:39,479 - core.ticker_selector - INFO - Manual tickers set: ['AS']
2026-02-01 02:24:40,094 - core.ticker_selector - INFO - [OK] Valid ticker: AS
2026-02-01 02:24:40,094 - core.ticker_selector - INFO - Validation complete: 1/1 tickers valid
2026-02-01 02:24:40,094 - core.data_fetcher - INFO - 
============================================================
2026-02-01 02:24:40,094 - core.data_fetcher - INFO - Fetching all timeframes for AS
2026-02-01 02:24:40,094 - core.data_fetcher - INFO - ============================================================
2026-02-01 02:24:40,094 - core.data_fetcher - INFO - Fetching AS - 4h (attempt 1/3)
2026-02-01 02:24:40,466 - core.data_fetcher - INFO - Resampling hourly data to 4-hour intervals
2026-02-01 02:24:40,473 - core.data_fetcher - INFO - [OK] Successfully fetched 119 rows for AS at 4h
2026-02-01 02:24:40,473 - core.data_fetcher - INFO - Fetching AS - 1d (attempt 1/3)
2026-02-01 02:24:40,647 - core.data_fetcher - INFO - [OK] Successfully fetched 345 rows for AS at 1d
2026-02-01 02:24:40,647 - core.data_fetcher - INFO - Fetching AS - 1wk (attempt 1/3)
2026-02-01 02:24:40,758 - core.data_fetcher - INFO - [OK] Successfully fetched 104 rows for AS at 1wk
2026-02-01 02:24:40,760 - core.data_fetcher - INFO - Fetching AS - 1mo (attempt 1/3)
2026-02-01 02:24:40,914 - core.data_fetcher - WARNING - AS 1mo: Only 24 rows (expected >= 50)
2026-02-01 02:24:40,914 - core.data_fetcher - WARNING - Data quality check failed for AS at 1mo
2026-02-01 02:24:42,916 - core.data_fetcher - INFO - Fetching AS - 1mo (attempt 2/3)
2026-02-01 02:24:43,119 - core.data_fetcher - WARNING - AS 1mo: Only 24 rows (expected >= 50)
2026-02-01 02:24:43,120 - core.data_fetcher - WARNING - Data quality check failed for AS at 1mo
2026-02-01 02:24:45,121 - core.data_fetcher - INFO - Fetching AS - 1mo (attempt 3/3)
2026-02-01 02:24:45,298 - core.data_fetcher - WARNING - AS 1mo: Only 24 rows (expected >= 50)
2026-02-01 02:24:45,299 - core.data_fetcher - WARNING - Data quality check failed for AS at 1mo
2026-02-01 02:24:45,305 - core.data_fetcher - INFO - [OK] Successfully fetched 24 rows for AS at 1mo
2026-02-01 02:24:45,305 - core.data_fetcher - INFO - Fetching AS - 3mo (attempt 1/3)
2026-02-01 02:24:45,498 - core.data_fetcher - WARNING - AS 3mo: Only 8 rows (expected >= 15)
2026-02-01 02:24:45,498 - core.data_fetcher - WARNING - Data quality check failed for AS at 3mo
2026-02-01 02:24:47,499 - core.data_fetcher - INFO - Fetching AS - 3mo (attempt 2/3)
2026-02-01 02:24:47,679 - core.data_fetcher - WARNING - AS 3mo: Only 8 rows (expected >= 15)
2026-02-01 02:24:47,681 - core.data_fetcher - WARNING - Data quality check failed for AS at 3mo
2026-02-01 02:24:49,682 - core.data_fetcher - INFO - Fetching AS - 3mo (attempt 3/3)
2026-02-01 02:24:49,856 - core.data_fetcher - WARNING - AS 3mo: Only 8 rows (expected >= 15)
2026-02-01 02:24:49,856 - core.data_fetcher - WARNING - Data quality check failed for AS at 3mo
2026-02-01 02:24:49,861 - core.data_fetcher - INFO - [OK] Successfully fetched 8 rows for AS at 3mo
2026-02-01 02:24:49,861 - core.data_fetcher - INFO - Fetching AS - 1h (attempt 1/3)
2026-02-01 02:24:50,103 - core.data_fetcher - INFO - [OK] Successfully fetched 276 rows for AS at 1h
2026-02-01 02:24:50,105 - core.data_fetcher - INFO - Fetching AS - 30m (attempt 1/3)
2026-02-01 02:24:50,349 - core.data_fetcher - INFO - [OK] Successfully fetched 260 rows for AS at 30m
2026-02-01 02:24:50,350 - core.data_fetcher - INFO - Fetching AS - 15m (attempt 1/3)
2026-02-01 02:24:50,644 - core.data_fetcher - INFO - [OK] Successfully fetched 520 rows for AS at 15m
2026-02-01 02:24:50,644 - core.data_fetcher - INFO - Fetching AS - 5m (attempt 1/3)
2026-02-01 02:24:50,841 - core.data_fetcher - INFO - [OK] Successfully fetched 312 rows for AS at 5m
2026-02-01 02:24:50,842 - core.data_fetcher - INFO - Fetching AS - 3m (attempt 1/3)
2026-02-01 02:24:51,069 - core.data_fetcher - INFO - Resampling 1-minute data to 3-minute intervals
2026-02-01 02:24:51,082 - core.data_fetcher - WARNING - AS 3m: Only 0 rows (expected >= 15)
2026-02-01 02:24:51,082 - core.data_fetcher - WARNING - Data quality check failed for AS at 3m
2026-02-01 02:24:53,084 - core.data_fetcher - INFO - Fetching AS - 3m (attempt 2/3)
2026-02-01 02:24:53,261 - core.data_fetcher - INFO - Resampling 1-minute data to 3-minute intervals
2026-02-01 02:24:53,274 - core.data_fetcher - WARNING - AS 3m: Only 0 rows (expected >= 15)
2026-02-01 02:24:53,274 - core.data_fetcher - WARNING - Data quality check failed for AS at 3m
2026-02-01 02:24:55,276 - core.data_fetcher - INFO - Fetching AS - 3m (attempt 3/3)
2026-02-01 02:24:55,513 - core.data_fetcher - INFO - Resampling 1-minute data to 3-minute intervals
2026-02-01 02:24:55,521 - core.data_fetcher - WARNING - AS 3m: Only 0 rows (expected >= 15)
2026-02-01 02:24:55,521 - core.data_fetcher - WARNING - Data quality check failed for AS at 3m
2026-02-01 02:24:55,524 - core.data_fetcher - INFO - [OK] Successfully fetched 0 rows for AS at 3m
2026-02-01 02:24:55,524 - core.data_fetcher - INFO - Fetching AS - 2m (attempt 1/3)
2026-02-01 02:24:55,705 - core.data_fetcher - WARNING - AS 2m: Only 0 rows (expected >= 20)
2026-02-01 02:24:55,706 - core.data_fetcher - WARNING - Data quality check failed for AS at 2m
2026-02-01 02:24:57,706 - core.data_fetcher - INFO - Fetching AS - 2m (attempt 2/3)
2026-02-01 02:24:57,873 - core.data_fetcher - WARNING - AS 2m: Only 0 rows (expected >= 20)
2026-02-01 02:24:57,874 - core.data_fetcher - WARNING - Data quality check failed for AS at 2m
2026-02-01 02:24:59,875 - core.data_fetcher - INFO - Fetching AS - 2m (attempt 3/3)
2026-02-01 02:25:00,165 - core.data_fetcher - WARNING - AS 2m: Only 0 rows (expected >= 20)
2026-02-01 02:25:00,165 - core.data_fetcher - WARNING - Data quality check failed for AS at 2m
2026-02-01 02:25:00,172 - core.data_fetcher - INFO - [OK] Successfully fetched 0 rows for AS at 2m
2026-02-01 02:25:00,173 - core.data_fetcher - INFO - Fetching AS - 1m (attempt 1/3)
2026-02-01 02:25:00,386 - core.data_fetcher - WARNING - AS 1m: Only 0 rows (expected >= 30)
2026-02-01 02:25:00,387 - core.data_fetcher - WARNING - Data quality check failed for AS at 1m
2026-02-01 02:25:02,388 - core.data_fetcher - INFO - Fetching AS - 1m (attempt 2/3)
2026-02-01 02:25:02,611 - core.data_fetcher - WARNING - AS 1m: Only 0 rows (expected >= 30)
2026-02-01 02:25:02,611 - core.data_fetcher - WARNING - Data quality check failed for AS at 1m
2026-02-01 02:25:04,612 - core.data_fetcher - INFO - Fetching AS - 1m (attempt 3/3)
2026-02-01 02:25:04,795 - core.data_fetcher - WARNING - AS 1m: Only 0 rows (expected >= 30)
2026-02-01 02:25:04,797 - core.data_fetcher - WARNING - Data quality check failed for AS at 1m
2026-02-01 02:25:04,801 - core.data_fetcher - INFO - [OK] Successfully fetched 0 rows for AS at 1m
2026-02-01 02:25:05,809 - core.data_storage - INFO - 
Saving all timeframes for AS
2026-02-01 02:25:05,845 - core.data_storage - INFO - [OK] Saved AS 4h to .\data/raw\AS\AS_4h_20260201.csv (119 rows)
2026-02-01 02:25:05,931 - core.data_storage - INFO - Metadata saved to .\data/metadata.json
2026-02-01 02:25:05,951 - core.data_storage - INFO - [OK] Saved AS 1d to .\data/raw\AS\AS_1d_20260201.csv (345 rows)
2026-02-01 02:25:06,023 - core.data_storage - INFO - Metadata saved to .\data/metadata.json
2026-02-01 02:25:06,037 - core.data_storage - INFO - [OK] Saved AS 1wk to .\data/raw\AS\AS_1wk_20260201.csv (104 rows)
2026-02-01 02:25:06,129 - core.data_storage - INFO - Metadata saved to .\data/metadata.json
2026-02-01 02:25:06,141 - core.data_storage - INFO - [OK] Saved AS 1mo to .\data/raw\AS\AS_1mo_20260201.csv (24 rows)
2026-02-01 02:25:06,222 - core.data_storage - INFO - Metadata saved to .\data/metadata.json
2026-02-01 02:25:06,231 - core.data_storage - INFO - [OK] Saved AS 3mo to .\data/raw\AS\AS_3mo_20260201.csv (8 rows)
2026-02-01 02:25:06,306 - core.data_storage - INFO - Metadata saved to .\data/metadata.json
2026-02-01 02:25:06,331 - core.data_storage - INFO - [OK] Saved AS 1h to .\data/raw\AS\AS_1h_20260201.csv (276 rows)
2026-02-01 02:25:06,396 - core.data_storage - INFO - Metadata saved to .\data/metadata.json
2026-02-01 02:25:06,412 - core.data_storage - INFO - [OK] Saved AS 30m to .\data/raw\AS\AS_30m_20260201.csv (260 rows)
2026-02-01 02:25:06,488 - core.data_storage - INFO - Metadata saved to .\data/metadata.json
2026-02-01 02:25:06,541 - core.data_storage - INFO - [OK] Saved AS 15m to .\data/raw\AS\AS_15m_20260201.csv (520 rows)
2026-02-01 02:25:06,659 - core.data_storage - INFO - Metadata saved to .\data/metadata.json
2026-02-01 02:25:06,683 - core.data_storage - INFO - [OK] Saved AS 5m to .\data/raw\AS\AS_5m_20260201.csv (312 rows)
2026-02-01 02:25:06,739 - core.data_storage - INFO - Metadata saved to .\data/metadata.json
2026-02-01 02:25:06,739 - core.data_storage - INFO - 
============================================================
2026-02-01 02:25:06,739 - core.data_storage - INFO - SAVE SUMMARY:
2026-02-01 02:25:06,739 - core.data_storage - INFO - Saved 9/12 files
2026-02-01 02:25:06,739 - core.data_storage - INFO - Success rate: 75.0%
2026-02-01 02:25:06,739 - core.data_storage - INFO - ============================================================
2026-02-01 02:26:23,621 - core.ticker_selector - INFO - Manual tickers set: ['TSLA']
2026-02-01 02:26:24,270 - core.ticker_selector - INFO - [OK] Valid ticker: TSLA
2026-02-01 02:26:24,270 - core.ticker_selector - INFO - Validation complete: 1/1 tickers valid
2026-02-01 02:26:24,270 - core.data_fetcher - INFO - 
============================================================
2026-02-01 02:26:24,271 - core.data_fetcher - INFO - Fetching all timeframes for TSLA
2026-02-01 02:26:24,271 - core.data_fetcher - INFO - ============================================================
2026-02-01 02:26:24,271 - core.data_fetcher - INFO - Fetching TSLA - 4h (attempt 1/3)
2026-02-01 02:26:24,554 - core.data_fetcher - INFO - Resampling hourly data to 4-hour intervals
2026-02-01 02:26:24,567 - core.data_fetcher - INFO - [OK] Successfully fetched 119 rows for TSLA at 4h
2026-02-01 02:26:24,568 - core.data_fetcher - INFO - Fetching TSLA - 1d (attempt 1/3)
2026-02-01 02:26:24,723 - core.data_fetcher - INFO - [OK] Successfully fetched 345 rows for TSLA at 1d
2026-02-01 02:26:24,723 - core.data_fetcher - INFO - Fetching TSLA - 1wk (attempt 1/3)
2026-02-01 02:26:24,892 - core.data_fetcher - INFO - [OK] Successfully fetched 104 rows for TSLA at 1wk
2026-02-01 02:26:24,893 - core.data_fetcher - INFO - Fetching TSLA - 1mo (attempt 1/3)
2026-02-01 02:26:25,153 - core.data_fetcher - INFO - [OK] Successfully fetched 59 rows for TSLA at 1mo
2026-02-01 02:26:25,155 - core.data_fetcher - INFO - Fetching TSLA - 3mo (attempt 1/3)
2026-02-01 02:26:25,358 - core.data_fetcher - INFO - [OK] Successfully fetched 20 rows for TSLA at 3mo
2026-02-01 02:26:25,359 - core.data_fetcher - INFO - Fetching TSLA - 1h (attempt 1/3)
2026-02-01 02:26:25,597 - core.data_fetcher - INFO - [OK] Successfully fetched 276 rows for TSLA at 1h
2026-02-01 02:26:25,598 - core.data_fetcher - INFO - Fetching TSLA - 30m (attempt 1/3)
2026-02-01 02:26:25,862 - core.data_fetcher - INFO - [OK] Successfully fetched 260 rows for TSLA at 30m
2026-02-01 02:26:25,863 - core.data_fetcher - INFO - Fetching TSLA - 15m (attempt 1/3)
2026-02-01 02:26:26,178 - core.data_fetcher - INFO - [OK] Successfully fetched 520 rows for TSLA at 15m
2026-02-01 02:26:26,179 - core.data_fetcher - INFO - Fetching TSLA - 5m (attempt 1/3)
2026-02-01 02:26:26,406 - core.data_fetcher - INFO - [OK] Successfully fetched 312 rows for TSLA at 5m
2026-02-01 02:26:26,406 - core.data_fetcher - INFO - Fetching TSLA - 3m (attempt 1/3)
2026-02-01 02:26:26,587 - core.data_fetcher - INFO - Resampling 1-minute data to 3-minute intervals
2026-02-01 02:26:26,602 - core.data_fetcher - WARNING - TSLA 3m: Only 0 rows (expected >= 15)
2026-02-01 02:26:26,603 - core.data_fetcher - WARNING - Data quality check failed for TSLA at 3m
2026-02-01 02:26:28,603 - core.data_fetcher - INFO - Fetching TSLA - 3m (attempt 2/3)
2026-02-01 02:26:28,789 - core.data_fetcher - INFO - Resampling 1-minute data to 3-minute intervals
2026-02-01 02:26:28,804 - core.data_fetcher - WARNING - TSLA 3m: Only 0 rows (expected >= 15)
2026-02-01 02:26:28,805 - core.data_fetcher - WARNING - Data quality check failed for TSLA at 3m
2026-02-01 02:26:30,806 - core.data_fetcher - INFO - Fetching TSLA - 3m (attempt 3/3)
2026-02-01 02:26:31,077 - core.data_fetcher - INFO - Resampling 1-minute data to 3-minute intervals
2026-02-01 02:26:31,088 - core.data_fetcher - WARNING - TSLA 3m: Only 0 rows (expected >= 15)
2026-02-01 02:26:31,089 - core.data_fetcher - WARNING - Data quality check failed for TSLA at 3m
2026-02-01 02:26:31,093 - core.data_fetcher - INFO - [OK] Successfully fetched 0 rows for TSLA at 3m
2026-02-01 02:26:31,093 - core.data_fetcher - INFO - Fetching TSLA - 2m (attempt 1/3)
2026-02-01 02:26:31,288 - core.data_fetcher - WARNING - TSLA 2m: Only 0 rows (expected >= 20)
2026-02-01 02:26:31,288 - core.data_fetcher - WARNING - Data quality check failed for TSLA at 2m
2026-02-01 02:26:33,289 - core.data_fetcher - INFO - Fetching TSLA - 2m (attempt 2/3)
2026-02-01 02:26:33,450 - core.data_fetcher - WARNING - TSLA 2m: Only 0 rows (expected >= 20)
2026-02-01 02:26:33,451 - core.data_fetcher - WARNING - Data quality check failed for TSLA at 2m
2026-02-01 02:26:35,453 - core.data_fetcher - INFO - Fetching TSLA - 2m (attempt 3/3)
2026-02-01 02:26:35,651 - core.data_fetcher - WARNING - TSLA 2m: Only 0 rows (expected >= 20)
2026-02-01 02:26:35,652 - core.data_fetcher - WARNING - Data quality check failed for TSLA at 2m
2026-02-01 02:26:35,657 - core.data_fetcher - INFO - [OK] Successfully fetched 0 rows for TSLA at 2m
2026-02-01 02:26:35,657 - core.data_fetcher - INFO - Fetching TSLA - 1m (attempt 1/3)
2026-02-01 02:26:35,849 - core.data_fetcher - WARNING - TSLA 1m: Only 0 rows (expected >= 30)
2026-02-01 02:26:35,849 - core.data_fetcher - WARNING - Data quality check failed for TSLA at 1m
2026-02-01 02:26:37,850 - core.data_fetcher - INFO - Fetching TSLA - 1m (attempt 2/3)
2026-02-01 02:26:38,047 - core.data_fetcher - WARNING - TSLA 1m: Only 0 rows (expected >= 30)
2026-02-01 02:26:38,047 - core.data_fetcher - WARNING - Data quality check failed for TSLA at 1m
2026-02-01 02:26:40,048 - core.data_fetcher - INFO - Fetching TSLA - 1m (attempt 3/3)
2026-02-01 02:26:40,261 - core.data_fetcher - WARNING - TSLA 1m: Only 0 rows (expected >= 30)
2026-02-01 02:26:40,262 - core.data_fetcher - WARNING - Data quality check failed for TSLA at 1m
2026-02-01 02:26:40,268 - core.data_fetcher - INFO - [OK] Successfully fetched 0 rows for TSLA at 1m
2026-02-01 02:26:41,275 - core.data_storage - INFO - 
Saving all timeframes for TSLA
2026-02-01 02:26:41,307 - core.data_storage - INFO - [OK] Saved TSLA 4h to .\data/raw\TSLA\TSLA_4h_20260201.csv (119 rows)
2026-02-01 02:26:41,384 - core.data_storage - INFO - Metadata saved to .\data/metadata.json
2026-02-01 02:26:41,401 - core.data_storage - INFO - [OK] Saved TSLA 1d to .\data/raw\TSLA\TSLA_1d_20260201.csv (345 rows)
2026-02-01 02:26:41,471 - core.data_storage - INFO - Metadata saved to .\data/metadata.json
2026-02-01 02:26:41,485 - core.data_storage - INFO - [OK] Saved TSLA 1wk to .\data/raw\TSLA\TSLA_1wk_20260201.csv (104 rows)
2026-02-01 02:26:41,550 - core.data_storage - INFO - Metadata saved to .\data/metadata.json
2026-02-01 02:26:41,559 - core.data_storage - INFO - [OK] Saved TSLA 1mo to .\data/raw\TSLA\TSLA_1mo_20260201.csv (59 rows)
2026-02-01 02:26:41,598 - core.data_storage - INFO - Metadata saved to .\data/metadata.json
2026-02-01 02:26:41,606 - core.data_storage - INFO - [OK] Saved TSLA 3mo to .\data/raw\TSLA\TSLA_3mo_20260201.csv (20 rows)
2026-02-01 02:26:41,636 - core.data_storage - INFO - Metadata saved to .\data/metadata.json
2026-02-01 02:26:41,651 - core.data_storage - INFO - [OK] Saved TSLA 1h to .\data/raw\TSLA\TSLA_1h_20260201.csv (276 rows)
2026-02-01 02:26:41,717 - core.data_storage - INFO - Metadata saved to .\data/metadata.json
2026-02-01 02:26:41,740 - core.data_storage - INFO - [OK] Saved TSLA 30m to .\data/raw\TSLA\TSLA_30m_20260201.csv (260 rows)
2026-02-01 02:26:41,809 - core.data_storage - INFO - Metadata saved to .\data/metadata.json
2026-02-01 02:26:41,840 - core.data_storage - INFO - [OK] Saved TSLA 15m to .\data/raw\TSLA\TSLA_15m_20260201.csv (520 rows)
2026-02-01 02:26:41,917 - core.data_storage - INFO - Metadata saved to .\data/metadata.json
2026-02-01 02:26:41,941 - core.data_storage - INFO - [OK] Saved TSLA 5m to .\data/raw\TSLA\TSLA_5m_20260201.csv (312 rows)
2026-02-01 02:26:42,012 - core.data_storage - INFO - Metadata saved to .\data/metadata.json
2026-02-01 02:26:42,013 - core.data_storage - INFO - 
============================================================
2026-02-01 02:26:42,014 - core.data_storage - INFO - SAVE SUMMARY:
2026-02-01 02:26:42,014 - core.data_storage - INFO - Saved 9/12 files
2026-02-01 02:26:42,014 - core.data_storage - INFO - Success rate: 75.0%
2026-02-01 02:26:42,016 - core.data_storage - INFO - ============================================================
2026-02-01 02:32:03,134 - core.ticker_selector - INFO - Manual tickers set: ['AAPL']
2026-02-01 02:32:03,860 - core.ticker_selector - INFO - [OK] Valid ticker: AAPL
2026-02-01 02:32:03,861 - core.ticker_selector - INFO - Validation complete: 1/1 tickers valid
2026-02-01 02:32:03,861 - core.data_fetcher - INFO - 
============================================================
2026-02-01 02:32:03,861 - core.data_fetcher - INFO - Fetching all timeframes for AAPL
2026-02-01 02:32:03,862 - core.data_fetcher - INFO - ============================================================
2026-02-01 02:32:03,862 - core.data_fetcher - INFO - Fetching AAPL - 4h (attempt 1/3)
2026-02-01 02:32:04,622 - core.data_fetcher - INFO - Resampling hourly data to 4-hour intervals
2026-02-01 02:32:04,637 - core.data_fetcher - INFO - [OK] Successfully fetched 119 rows for AAPL at 4h
2026-02-01 02:32:04,637 - core.data_fetcher - INFO - Fetching AAPL - 1d (attempt 1/3)
2026-02-01 02:32:04,899 - core.data_fetcher - INFO - [OK] Successfully fetched 345 rows for AAPL at 1d
2026-02-01 02:32:04,899 - core.data_fetcher - INFO - Fetching AAPL - 1wk (attempt 1/3)
2026-02-01 02:32:05,097 - core.data_fetcher - INFO - [OK] Successfully fetched 104 rows for AAPL at 1wk
2026-02-01 02:32:05,098 - core.data_fetcher - INFO - Fetching AAPL - 1mo (attempt 1/3)
2026-02-01 02:32:05,310 - core.data_fetcher - INFO - [OK] Successfully fetched 59 rows for AAPL at 1mo
2026-02-01 02:32:05,310 - core.data_fetcher - INFO - Fetching AAPL - 3mo (attempt 1/3)
2026-02-01 02:32:05,502 - core.data_fetcher - INFO - [OK] Successfully fetched 20 rows for AAPL at 3mo
2026-02-01 02:32:05,503 - core.data_fetcher - INFO - Fetching AAPL - 1h (attempt 1/3)
2026-02-01 02:32:05,697 - core.data_fetcher - INFO - [OK] Successfully fetched 276 rows for AAPL at 1h
2026-02-01 02:32:05,697 - core.data_fetcher - INFO - Fetching AAPL - 30m (attempt 1/3)
2026-02-01 02:32:05,917 - core.data_fetcher - INFO - [OK] Successfully fetched 260 rows for AAPL at 30m
2026-02-01 02:32:05,917 - core.data_fetcher - INFO - Fetching AAPL - 15m (attempt 1/3)
2026-02-01 02:32:06,108 - core.data_fetcher - INFO - [OK] Successfully fetched 520 rows for AAPL at 15m
2026-02-01 02:32:06,108 - core.data_fetcher - INFO - Fetching AAPL - 5m (attempt 1/3)
2026-02-01 02:32:06,336 - core.data_fetcher - INFO - [OK] Successfully fetched 312 rows for AAPL at 5m
2026-02-01 02:32:06,336 - core.data_fetcher - INFO - Fetching AAPL - 3m (attempt 1/3)
2026-02-01 02:32:06,475 - core.data_fetcher - INFO - Resampling 1-minute data to 3-minute intervals
2026-02-01 02:32:06,480 - core.data_fetcher - WARNING - AAPL 3m: Only 0 rows (expected >= 15)
2026-02-01 02:32:06,480 - core.data_fetcher - WARNING - Data quality check failed for AAPL at 3m
2026-02-01 02:32:08,481 - core.data_fetcher - INFO - Fetching AAPL - 3m (attempt 2/3)
2026-02-01 02:32:08,670 - core.data_fetcher - INFO - Resampling 1-minute data to 3-minute intervals
2026-02-01 02:32:08,682 - core.data_fetcher - WARNING - AAPL 3m: Only 0 rows (expected >= 15)
2026-02-01 02:32:08,683 - core.data_fetcher - WARNING - Data quality check failed for AAPL at 3m
2026-02-01 02:32:10,685 - core.data_fetcher - INFO - Fetching AAPL - 3m (attempt 3/3)
2026-02-01 02:32:10,910 - core.data_fetcher - INFO - Resampling 1-minute data to 3-minute intervals
2026-02-01 02:32:10,923 - core.data_fetcher - WARNING - AAPL 3m: Only 0 rows (expected >= 15)
2026-02-01 02:32:10,923 - core.data_fetcher - WARNING - Data quality check failed for AAPL at 3m
2026-02-01 02:32:10,929 - core.data_fetcher - INFO - [OK] Successfully fetched 0 rows for AAPL at 3m
2026-02-01 02:32:10,929 - core.data_fetcher - INFO - Fetching AAPL - 2m (attempt 1/3)
2026-02-01 02:32:11,114 - core.data_fetcher - WARNING - AAPL 2m: Only 0 rows (expected >= 20)
2026-02-01 02:32:11,116 - core.data_fetcher - WARNING - Data quality check failed for AAPL at 2m
2026-02-01 02:32:13,116 - core.data_fetcher - INFO - Fetching AAPL - 2m (attempt 2/3)
2026-02-01 02:32:13,272 - core.data_fetcher - WARNING - AAPL 2m: Only 0 rows (expected >= 20)
2026-02-01 02:32:13,273 - core.data_fetcher - WARNING - Data quality check failed for AAPL at 2m
2026-02-01 02:32:15,273 - core.data_fetcher - INFO - Fetching AAPL - 2m (attempt 3/3)
2026-02-01 02:32:15,432 - core.data_fetcher - WARNING - AAPL 2m: Only 0 rows (expected >= 20)
2026-02-01 02:32:15,433 - core.data_fetcher - WARNING - Data quality check failed for AAPL at 2m
2026-02-01 02:32:15,435 - core.data_fetcher - INFO - [OK] Successfully fetched 0 rows for AAPL at 2m
2026-02-01 02:32:15,435 - core.data_fetcher - INFO - Fetching AAPL - 1m (attempt 1/3)
2026-02-01 02:32:15,565 - core.data_fetcher - WARNING - AAPL 1m: Only 0 rows (expected >= 30)
2026-02-01 02:32:15,565 - core.data_fetcher - WARNING - Data quality check failed for AAPL at 1m
2026-02-01 02:32:17,566 - core.data_fetcher - INFO - Fetching AAPL - 1m (attempt 2/3)
2026-02-01 02:32:17,705 - core.data_fetcher - WARNING - AAPL 1m: Only 0 rows (expected >= 30)
2026-02-01 02:32:17,705 - core.data_fetcher - WARNING - Data quality check failed for AAPL at 1m
2026-02-01 02:32:19,706 - core.data_fetcher - INFO - Fetching AAPL - 1m (attempt 3/3)
2026-02-01 02:32:19,851 - core.data_fetcher - WARNING - AAPL 1m: Only 0 rows (expected >= 30)
2026-02-01 02:32:19,851 - core.data_fetcher - WARNING - Data quality check failed for AAPL at 1m
2026-02-01 02:32:19,852 - core.data_fetcher - INFO - [OK] Successfully fetched 0 rows for AAPL at 1m
2026-02-01 02:32:20,856 - core.data_storage - INFO - 
Saving all timeframes for AAPL
2026-02-01 02:32:20,869 - core.data_storage - INFO - [OK] Saved AAPL 4h to .\data/raw\AAPL\AAPL_4h_20260201.csv (119 rows)
2026-02-01 02:32:20,924 - core.data_storage - INFO - Metadata saved to .\data/metadata.json
2026-02-01 02:32:20,933 - core.data_storage - INFO - [OK] Saved AAPL 1d to .\data/raw\AAPL\AAPL_1d_20260201.csv (345 rows)
2026-02-01 02:32:20,972 - core.data_storage - INFO - Metadata saved to .\data/metadata.json
2026-02-01 02:32:20,978 - core.data_storage - INFO - [OK] Saved AAPL 1wk to .\data/raw\AAPL\AAPL_1wk_20260201.csv (104 rows)
2026-02-01 02:32:21,025 - core.data_storage - INFO - Metadata saved to .\data/metadata.json
2026-02-01 02:32:21,028 - core.data_storage - INFO - [OK] Saved AAPL 1mo to .\data/raw\AAPL\AAPL_1mo_20260201.csv (59 rows)
2026-02-01 02:32:21,062 - core.data_storage - INFO - Metadata saved to .\data/metadata.json
2026-02-01 02:32:21,064 - core.data_storage - INFO - [OK] Saved AAPL 3mo to .\data/raw\AAPL\AAPL_3mo_20260201.csv (20 rows)
2026-02-01 02:32:21,105 - core.data_storage - INFO - Metadata saved to .\data/metadata.json
2026-02-01 02:32:21,112 - core.data_storage - INFO - [OK] Saved AAPL 1h to .\data/raw\AAPL\AAPL_1h_20260201.csv (276 rows)
2026-02-01 02:32:21,151 - core.data_storage - INFO - Metadata saved to .\data/metadata.json
2026-02-01 02:32:21,159 - core.data_storage - INFO - [OK] Saved AAPL 30m to .\data/raw\AAPL\AAPL_30m_20260201.csv (260 rows)
2026-02-01 02:32:21,200 - core.data_storage - INFO - Metadata saved to .\data/metadata.json
2026-02-01 02:32:21,208 - core.data_storage - INFO - [OK] Saved AAPL 15m to .\data/raw\AAPL\AAPL_15m_20260201.csv (520 rows)
2026-02-01 02:32:21,251 - core.data_storage - INFO - Metadata saved to .\data/metadata.json
2026-02-01 02:32:21,256 - core.data_storage - INFO - [OK] Saved AAPL 5m to .\data/raw\AAPL\AAPL_5m_20260201.csv (312 rows)
2026-02-01 02:32:21,290 - core.data_storage - INFO - Metadata saved to .\data/metadata.json
2026-02-01 02:32:21,290 - core.data_storage - INFO - 
============================================================
2026-02-01 02:32:21,290 - core.data_storage - INFO - SAVE SUMMARY:
2026-02-01 02:32:21,290 - core.data_storage - INFO - Saved 9/12 files
2026-02-01 02:32:21,290 - core.data_storage - INFO - Success rate: 75.0%
2026-02-01 02:32:21,290 - core.data_storage - INFO - ============================================================
2026-02-01 02:33:31,581 - core.ticker_selector - INFO - Manual tickers set: ['AAPL']
2026-02-01 02:33:32,300 - core.ticker_selector - INFO - [OK] Valid ticker: AAPL
2026-02-01 02:33:32,301 - core.ticker_selector - INFO - Validation complete: 1/1 tickers valid
2026-02-01 02:33:32,301 - core.data_fetcher - INFO - 
============================================================
2026-02-01 02:33:32,301 - core.data_fetcher - INFO - Fetching all timeframes for AAPL
2026-02-01 02:33:32,301 - core.data_fetcher - INFO - ============================================================
2026-02-01 02:33:32,301 - core.data_fetcher - INFO - Fetching AAPL - 4h (attempt 1/3)
2026-02-01 02:33:32,610 - core.data_fetcher - INFO - Resampling hourly data to 4-hour intervals
2026-02-01 02:33:32,622 - core.data_fetcher - INFO - [OK] Successfully fetched 119 rows for AAPL at 4h
2026-02-01 02:33:32,622 - core.data_fetcher - INFO - Fetching AAPL - 1d (attempt 1/3)
2026-02-01 02:33:32,811 - core.data_fetcher - INFO - [OK] Successfully fetched 345 rows for AAPL at 1d
2026-02-01 02:33:32,811 - core.data_fetcher - INFO - Fetching AAPL - 1wk (attempt 1/3)
2026-02-01 02:33:33,020 - core.data_fetcher - INFO - [OK] Successfully fetched 104 rows for AAPL at 1wk
2026-02-01 02:33:33,021 - core.data_fetcher - INFO - Fetching AAPL - 1mo (attempt 1/3)
2026-02-01 02:33:33,262 - core.data_fetcher - INFO - [OK] Successfully fetched 59 rows for AAPL at 1mo
2026-02-01 02:33:33,263 - core.data_fetcher - INFO - Fetching AAPL - 3mo (attempt 1/3)
2026-02-01 02:33:33,503 - core.data_fetcher - INFO - [OK] Successfully fetched 20 rows for AAPL at 3mo
2026-02-01 02:33:33,504 - core.data_fetcher - INFO - Fetching AAPL - 1h (attempt 1/3)
2026-02-01 02:33:33,697 - core.data_fetcher - INFO - [OK] Successfully fetched 276 rows for AAPL at 1h
2026-02-01 02:33:33,697 - core.data_fetcher - INFO - Fetching AAPL - 30m (attempt 1/3)
2026-02-01 02:33:33,929 - core.data_fetcher - INFO - [OK] Successfully fetched 260 rows for AAPL at 30m
2026-02-01 02:33:33,930 - core.data_fetcher - INFO - Fetching AAPL - 15m (attempt 1/3)
2026-02-01 02:33:34,162 - core.data_fetcher - INFO - [OK] Successfully fetched 520 rows for AAPL at 15m
2026-02-01 02:33:34,164 - core.data_fetcher - INFO - Fetching AAPL - 5m (attempt 1/3)
2026-02-01 02:33:34,373 - core.data_fetcher - INFO - [OK] Successfully fetched 312 rows for AAPL at 5m
2026-02-01 02:33:34,373 - core.data_fetcher - INFO - Fetching AAPL - 3m (attempt 1/3)
2026-02-01 02:33:34,567 - core.data_fetcher - INFO - Resampling 1-minute data to 3-minute intervals
2026-02-01 02:33:34,575 - core.data_fetcher - WARNING - AAPL 3m: Only 0 rows (expected >= 15)
2026-02-01 02:33:34,575 - core.data_fetcher - WARNING - Data quality check failed for AAPL at 3m
2026-02-01 02:33:36,577 - core.data_fetcher - INFO - Fetching AAPL - 3m (attempt 2/3)
2026-02-01 02:33:36,693 - core.data_fetcher - INFO - Resampling 1-minute data to 3-minute intervals
2026-02-01 02:33:36,706 - core.data_fetcher - WARNING - AAPL 3m: Only 0 rows (expected >= 15)
2026-02-01 02:33:36,706 - core.data_fetcher - WARNING - Data quality check failed for AAPL at 3m
2026-02-01 02:33:38,707 - core.data_fetcher - INFO - Fetching AAPL - 3m (attempt 3/3)
2026-02-01 02:33:38,919 - core.data_fetcher - INFO - Resampling 1-minute data to 3-minute intervals
2026-02-01 02:33:38,933 - core.data_fetcher - WARNING - AAPL 3m: Only 0 rows (expected >= 15)
2026-02-01 02:33:38,934 - core.data_fetcher - WARNING - Data quality check failed for AAPL at 3m
2026-02-01 02:33:38,939 - core.data_fetcher - INFO - [OK] Successfully fetched 0 rows for AAPL at 3m
2026-02-01 02:33:38,939 - core.data_fetcher - INFO - Fetching AAPL - 2m (attempt 1/3)
2026-02-01 02:33:39,119 - core.data_fetcher - WARNING - AAPL 2m: Only 0 rows (expected >= 20)
2026-02-01 02:33:39,121 - core.data_fetcher - WARNING - Data quality check failed for AAPL at 2m
2026-02-01 02:33:41,122 - core.data_fetcher - INFO - Fetching AAPL - 2m (attempt 2/3)
2026-02-01 02:33:41,272 - core.data_fetcher - WARNING - AAPL 2m: Only 0 rows (expected >= 20)
2026-02-01 02:33:41,273 - core.data_fetcher - WARNING - Data quality check failed for AAPL at 2m
2026-02-01 02:33:43,274 - core.data_fetcher - INFO - Fetching AAPL - 2m (attempt 3/3)
2026-02-01 02:33:43,405 - core.data_fetcher - WARNING - AAPL 2m: Only 0 rows (expected >= 20)
2026-02-01 02:33:43,406 - core.data_fetcher - WARNING - Data quality check failed for AAPL at 2m
2026-02-01 02:33:43,411 - core.data_fetcher - INFO - [OK] Successfully fetched 0 rows for AAPL at 2m
2026-02-01 02:33:43,412 - core.data_fetcher - INFO - Fetching AAPL - 1m (attempt 1/3)
2026-02-01 02:33:43,622 - core.data_fetcher - WARNING - AAPL 1m: Only 0 rows (expected >= 30)
2026-02-01 02:33:43,623 - core.data_fetcher - WARNING - Data quality check failed for AAPL at 1m
2026-02-01 02:33:45,624 - core.data_fetcher - INFO - Fetching AAPL - 1m (attempt 2/3)
2026-02-01 02:33:45,750 - core.data_fetcher - WARNING - AAPL 1m: Only 0 rows (expected >= 30)
2026-02-01 02:33:45,750 - core.data_fetcher - WARNING - Data quality check failed for AAPL at 1m
2026-02-01 02:33:47,751 - core.data_fetcher - INFO - Fetching AAPL - 1m (attempt 3/3)
2026-02-01 02:33:47,903 - core.data_fetcher - WARNING - AAPL 1m: Only 0 rows (expected >= 30)
2026-02-01 02:33:47,904 - core.data_fetcher - WARNING - Data quality check failed for AAPL at 1m
2026-02-01 02:33:47,906 - core.data_fetcher - INFO - [OK] Successfully fetched 0 rows for AAPL at 1m
2026-02-01 02:33:48,911 - core.data_storage - INFO - 
Saving all timeframes for AAPL
2026-02-01 02:33:48,924 - core.data_storage - INFO - [OK] Saved AAPL 4h to .\data/raw\AAPL\AAPL_4h_20260201.csv (119 rows)
2026-02-01 02:33:48,990 - core.data_storage - INFO - Metadata saved to .\data/metadata.json
2026-02-01 02:33:48,997 - core.data_storage - INFO - [OK] Saved AAPL 1d to .\data/raw\AAPL\AAPL_1d_20260201.csv (345 rows)
2026-02-01 02:33:49,049 - core.data_storage - INFO - Metadata saved to .\data/metadata.json
2026-02-01 02:33:49,052 - core.data_storage - INFO - [OK] Saved AAPL 1wk to .\data/raw\AAPL\AAPL_1wk_20260201.csv (104 rows)
2026-02-01 02:33:49,102 - core.data_storage - INFO - Metadata saved to .\data/metadata.json
2026-02-01 02:33:49,106 - core.data_storage - INFO - [OK] Saved AAPL 1mo to .\data/raw\AAPL\AAPL_1mo_20260201.csv (59 rows)
2026-02-01 02:33:49,148 - core.data_storage - INFO - Metadata saved to .\data/metadata.json
2026-02-01 02:33:49,152 - core.data_storage - INFO - [OK] Saved AAPL 3mo to .\data/raw\AAPL\AAPL_3mo_20260201.csv (20 rows)
2026-02-01 02:33:49,197 - core.data_storage - INFO - Metadata saved to .\data/metadata.json
2026-02-01 02:33:49,206 - core.data_storage - INFO - [OK] Saved AAPL 1h to .\data/raw\AAPL\AAPL_1h_20260201.csv (276 rows)
2026-02-01 02:33:49,251 - core.data_storage - INFO - Metadata saved to .\data/metadata.json
2026-02-01 02:33:49,258 - core.data_storage - INFO - [OK] Saved AAPL 30m to .\data/raw\AAPL\AAPL_30m_20260201.csv (260 rows)
2026-02-01 02:33:49,301 - core.data_storage - INFO - Metadata saved to .\data/metadata.json
2026-02-01 02:33:49,311 - core.data_storage - INFO - [OK] Saved AAPL 15m to .\data/raw\AAPL\AAPL_15m_20260201.csv (520 rows)
2026-02-01 02:33:49,374 - core.data_storage - INFO - Metadata saved to .\data/metadata.json
2026-02-01 02:33:49,382 - core.data_storage - INFO - [OK] Saved AAPL 5m to .\data/raw\AAPL\AAPL_5m_20260201.csv (312 rows)
2026-02-01 02:33:49,423 - core.data_storage - INFO - Metadata saved to .\data/metadata.json
2026-02-01 02:33:49,424 - core.data_storage - INFO - 
============================================================
2026-02-01 02:33:49,424 - core.data_storage - INFO - SAVE SUMMARY:
2026-02-01 02:33:49,424 - core.data_storage - INFO - Saved 9/12 files
2026-02-01 02:33:49,424 - core.data_storage - INFO - Success rate: 75.0%
2026-02-01 02:33:49,424 - core.data_storage - INFO - ============================================================
2026-02-01 02:35:05,225 - core.ticker_selector - INFO - Manual tickers set: ['AAPL']
2026-02-01 02:35:05,858 - core.ticker_selector - INFO - [OK] Valid ticker: AAPL
2026-02-01 02:35:05,859 - core.ticker_selector - INFO - Validation complete: 1/1 tickers valid
2026-02-01 02:35:05,859 - core.data_fetcher - INFO - 
============================================================
2026-02-01 02:35:05,859 - core.data_fetcher - INFO - Fetching all timeframes for AAPL
2026-02-01 02:35:05,859 - core.data_fetcher - INFO - ============================================================
2026-02-01 02:35:05,860 - core.data_fetcher - INFO - Fetching AAPL - 4h (attempt 1/3)
2026-02-01 02:35:06,090 - core.data_fetcher - INFO - Resampling hourly data to 4-hour intervals
2026-02-01 02:35:06,098 - core.data_fetcher - INFO - [OK] Successfully fetched 119 rows for AAPL at 4h
2026-02-01 02:35:06,098 - core.data_fetcher - INFO - Fetching AAPL - 1d (attempt 1/3)
2026-02-01 02:35:06,290 - core.data_fetcher - INFO - [OK] Successfully fetched 345 rows for AAPL at 1d
2026-02-01 02:35:06,290 - core.data_fetcher - INFO - Fetching AAPL - 1wk (attempt 1/3)
2026-02-01 02:35:06,469 - core.data_fetcher - INFO - [OK] Successfully fetched 104 rows for AAPL at 1wk
2026-02-01 02:35:06,471 - core.data_fetcher - INFO - Fetching AAPL - 1mo (attempt 1/3)
2026-02-01 02:35:06,658 - core.data_fetcher - INFO - [OK] Successfully fetched 59 rows for AAPL at 1mo
2026-02-01 02:35:06,658 - core.data_fetcher - INFO - Fetching AAPL - 3mo (attempt 1/3)
2026-02-01 02:35:06,819 - core.data_fetcher - INFO - [OK] Successfully fetched 20 rows for AAPL at 3mo
2026-02-01 02:35:06,820 - core.data_fetcher - INFO - Fetching AAPL - 1h (attempt 1/3)
2026-02-01 02:35:06,980 - core.data_fetcher - INFO - [OK] Successfully fetched 276 rows for AAPL at 1h
2026-02-01 02:35:06,980 - core.data_fetcher - INFO - Fetching AAPL - 30m (attempt 1/3)
2026-02-01 02:35:07,162 - core.data_fetcher - INFO - [OK] Successfully fetched 260 rows for AAPL at 30m
2026-02-01 02:35:07,162 - core.data_fetcher - INFO - Fetching AAPL - 15m (attempt 1/3)
2026-02-01 02:35:07,268 - core.data_fetcher - INFO - [OK] Successfully fetched 520 rows for AAPL at 15m
2026-02-01 02:35:07,268 - core.data_fetcher - INFO - Fetching AAPL - 5m (attempt 1/3)
2026-02-01 02:35:07,417 - core.data_fetcher - INFO - [OK] Successfully fetched 312 rows for AAPL at 5m
2026-02-01 02:35:07,418 - core.data_fetcher - INFO - Fetching AAPL - 3m (attempt 1/3)
2026-02-01 02:35:07,565 - core.data_fetcher - INFO - Resampling 1-minute data to 3-minute intervals
2026-02-01 02:35:07,571 - core.data_fetcher - WARNING - AAPL 3m: Only 0 rows (expected >= 15)
2026-02-01 02:35:07,572 - core.data_fetcher - WARNING - Data quality check failed for AAPL at 3m
2026-02-01 02:35:09,573 - core.data_fetcher - INFO - Fetching AAPL - 3m (attempt 2/3)
2026-02-01 02:35:09,772 - core.data_fetcher - INFO - Resampling 1-minute data to 3-minute intervals
2026-02-01 02:35:09,785 - core.data_fetcher - WARNING - AAPL 3m: Only 0 rows (expected >= 15)
2026-02-01 02:35:09,786 - core.data_fetcher - WARNING - Data quality check failed for AAPL at 3m
2026-02-01 02:35:11,787 - core.data_fetcher - INFO - Fetching AAPL - 3m (attempt 3/3)
2026-02-01 02:35:11,940 - core.data_fetcher - INFO - Resampling 1-minute data to 3-minute intervals
2026-02-01 02:35:11,951 - core.data_fetcher - WARNING - AAPL 3m: Only 0 rows (expected >= 15)
2026-02-01 02:35:11,951 - core.data_fetcher - WARNING - Data quality check failed for AAPL at 3m
2026-02-01 02:35:11,957 - core.data_fetcher - INFO - [OK] Successfully fetched 0 rows for AAPL at 3m
2026-02-01 02:35:11,957 - core.data_fetcher - INFO - Fetching AAPL - 2m (attempt 1/3)
2026-02-01 02:35:12,162 - core.data_fetcher - WARNING - AAPL 2m: Only 0 rows (expected >= 20)
2026-02-01 02:35:12,162 - core.data_fetcher - WARNING - Data quality check failed for AAPL at 2m
2026-02-01 02:35:14,163 - core.data_fetcher - INFO - Fetching AAPL - 2m (attempt 2/3)
2026-02-01 02:35:14,364 - core.data_fetcher - WARNING - AAPL 2m: Only 0 rows (expected >= 20)
2026-02-01 02:35:14,364 - core.data_fetcher - WARNING - Data quality check failed for AAPL at 2m
2026-02-01 02:35:16,366 - core.data_fetcher - INFO - Fetching AAPL - 2m (attempt 3/3)
2026-02-01 02:35:16,565 - core.data_fetcher - WARNING - AAPL 2m: Only 0 rows (expected >= 20)
2026-02-01 02:35:16,567 - core.data_fetcher - WARNING - Data quality check failed for AAPL at 2m
2026-02-01 02:35:16,572 - core.data_fetcher - INFO - [OK] Successfully fetched 0 rows for AAPL at 2m
2026-02-01 02:35:16,572 - core.data_fetcher - INFO - Fetching AAPL - 1m (attempt 1/3)
2026-02-01 02:35:16,801 - core.data_fetcher - WARNING - AAPL 1m: Only 0 rows (expected >= 30)
2026-02-01 02:35:16,801 - core.data_fetcher - WARNING - Data quality check failed for AAPL at 1m
2026-02-01 02:35:18,802 - core.data_fetcher - INFO - Fetching AAPL - 1m (attempt 2/3)
2026-02-01 02:35:19,056 - core.data_fetcher - WARNING - AAPL 1m: Only 0 rows (expected >= 30)
2026-02-01 02:35:19,057 - core.data_fetcher - WARNING - Data quality check failed for AAPL at 1m
2026-02-01 02:35:21,057 - core.data_fetcher - INFO - Fetching AAPL - 1m (attempt 3/3)
2026-02-01 02:35:21,207 - core.data_fetcher - WARNING - AAPL 1m: Only 0 rows (expected >= 30)
2026-02-01 02:35:21,208 - core.data_fetcher - WARNING - Data quality check failed for AAPL at 1m
2026-02-01 02:35:21,212 - core.data_fetcher - INFO - [OK] Successfully fetched 0 rows for AAPL at 1m
2026-02-01 02:35:22,218 - core.data_storage - INFO - 
Saving all timeframes for AAPL
2026-02-01 02:35:22,247 - core.data_storage - INFO - [OK] Saved AAPL 4h to .\data/raw\AAPL\AAPL_4h_20260201.csv (119 rows)
2026-02-01 02:35:22,337 - core.data_storage - INFO - Metadata saved to .\data/metadata.json
2026-02-01 02:35:22,351 - core.data_storage - INFO - [OK] Saved AAPL 1d to .\data/raw\AAPL\AAPL_1d_20260201.csv (345 rows)
2026-02-01 02:35:22,402 - core.data_storage - INFO - Metadata saved to .\data/metadata.json
2026-02-01 02:35:22,409 - core.data_storage - INFO - [OK] Saved AAPL 1wk to .\data/raw\AAPL\AAPL_1wk_20260201.csv (104 rows)
2026-02-01 02:35:22,463 - core.data_storage - INFO - Metadata saved to .\data/metadata.json
2026-02-01 02:35:22,469 - core.data_storage - INFO - [OK] Saved AAPL 1mo to .\data/raw\AAPL\AAPL_1mo_20260201.csv (59 rows)
2026-02-01 02:35:22,522 - core.data_storage - INFO - Metadata saved to .\data/metadata.json
2026-02-01 02:35:22,528 - core.data_storage - INFO - [OK] Saved AAPL 3mo to .\data/raw\AAPL\AAPL_3mo_20260201.csv (20 rows)
2026-02-01 02:35:22,572 - core.data_storage - INFO - Metadata saved to .\data/metadata.json
2026-02-01 02:35:22,583 - core.data_storage - INFO - [OK] Saved AAPL 1h to .\data/raw\AAPL\AAPL_1h_20260201.csv (276 rows)
2026-02-01 02:35:22,637 - core.data_storage - INFO - Metadata saved to .\data/metadata.json
2026-02-01 02:35:22,648 - core.data_storage - INFO - [OK] Saved AAPL 30m to .\data/raw\AAPL\AAPL_30m_20260201.csv (260 rows)
2026-02-01 02:35:22,702 - core.data_storage - INFO - Metadata saved to .\data/metadata.json
2026-02-01 02:35:22,723 - core.data_storage - INFO - [OK] Saved AAPL 15m to .\data/raw\AAPL\AAPL_15m_20260201.csv (520 rows)
2026-02-01 02:35:22,796 - core.data_storage - INFO - Metadata saved to .\data/metadata.json
2026-02-01 02:35:22,813 - core.data_storage - INFO - [OK] Saved AAPL 5m to .\data/raw\AAPL\AAPL_5m_20260201.csv (312 rows)
2026-02-01 02:35:22,875 - core.data_storage - INFO - Metadata saved to .\data/metadata.json
2026-02-01 02:35:22,875 - core.data_storage - INFO - 
============================================================
2026-02-01 02:35:22,875 - core.data_storage - INFO - SAVE SUMMARY:
2026-02-01 02:35:22,875 - core.data_storage - INFO - Saved 9/12 files
2026-02-01 02:35:22,875 - core.data_storage - INFO - Success rate: 75.0%
2026-02-01 02:35:22,876 - core.data_storage - INFO - ============================================================
2026-02-01 02:48:53,879 - core.ticker_selector - INFO - Manual tickers set: ['BTC-EUR']
2026-02-01 02:48:54,547 - core.ticker_selector - INFO - [OK] Valid ticker: BTC-EUR
2026-02-01 02:48:54,547 - core.ticker_selector - INFO - Validation complete: 1/1 tickers valid
2026-02-01 02:48:54,547 - core.data_fetcher - INFO - 
============================================================
2026-02-01 02:48:54,549 - core.data_fetcher - INFO - Fetching all timeframes for BTC-EUR
2026-02-01 02:48:54,549 - core.data_fetcher - INFO - ============================================================
2026-02-01 02:48:54,549 - core.data_fetcher - INFO - Fetching BTC-EUR - 4h (attempt 1/3)
2026-02-01 02:48:54,736 - core.data_fetcher - INFO - Resampling hourly data to 4-hour intervals
2026-02-01 02:48:54,745 - core.data_fetcher - INFO - [OK] Successfully fetched 360 rows for BTC-EUR at 4h
2026-02-01 02:48:54,745 - core.data_fetcher - INFO - Fetching BTC-EUR - 1d (attempt 1/3)
2026-02-01 02:48:54,891 - core.data_fetcher - INFO - [OK] Successfully fetched 503 rows for BTC-EUR at 1d
2026-02-01 02:48:54,893 - core.data_fetcher - INFO - Fetching BTC-EUR - 1wk (attempt 1/3)
2026-02-01 02:48:55,010 - core.data_fetcher - INFO - [OK] Successfully fetched 104 rows for BTC-EUR at 1wk
2026-02-01 02:48:55,011 - core.data_fetcher - INFO - Fetching BTC-EUR - 1mo (attempt 1/3)
2026-02-01 02:48:55,126 - core.data_fetcher - INFO - [OK] Successfully fetched 60 rows for BTC-EUR at 1mo
2026-02-01 02:48:55,126 - core.data_fetcher - INFO - Fetching BTC-EUR - 3mo (attempt 1/3)
2026-02-01 02:48:55,254 - core.data_fetcher - INFO - [OK] Successfully fetched 20 rows for BTC-EUR at 3mo
2026-02-01 02:48:55,254 - core.data_fetcher - INFO - Fetching BTC-EUR - 1h (attempt 1/3)
2026-02-01 02:48:55,490 - core.data_fetcher - WARNING - BTC-EUR 1h: 51.4% rows have zero volume
2026-02-01 02:48:55,494 - core.data_fetcher - INFO - [OK] Successfully fetched 1437 rows for BTC-EUR at 1h
2026-02-01 02:48:55,495 - core.data_fetcher - INFO - Fetching BTC-EUR - 30m (attempt 1/3)
2026-02-01 02:48:55,852 - core.data_fetcher - INFO - [OK] Successfully fetched 1434 rows for BTC-EUR at 30m
2026-02-01 02:48:55,852 - core.data_fetcher - INFO - Fetching BTC-EUR - 15m (attempt 1/3)
2026-02-01 02:48:56,153 - core.data_fetcher - INFO - [OK] Successfully fetched 2867 rows for BTC-EUR at 15m
2026-02-01 02:48:56,154 - core.data_fetcher - INFO - Fetching BTC-EUR - 5m (attempt 1/3)
2026-02-01 02:48:56,365 - core.data_fetcher - WARNING - BTC-EUR 5m: 48.3% rows have zero volume
2026-02-01 02:48:56,373 - core.data_fetcher - INFO - [OK] Successfully fetched 1135 rows for BTC-EUR at 5m
2026-02-01 02:48:56,373 - core.data_fetcher - INFO - Fetching BTC-EUR - 3m (attempt 1/3)
2026-02-01 02:48:56,537 - core.data_fetcher - INFO - Resampling 1-minute data to 3-minute intervals
2026-02-01 02:48:56,555 - core.data_fetcher - INFO - [OK] Successfully fetched 19 rows for BTC-EUR at 3m
2026-02-01 02:48:56,555 - core.data_fetcher - INFO - Fetching BTC-EUR - 2m (attempt 1/3)
2026-02-01 02:48:56,741 - core.data_fetcher - INFO - [OK] Successfully fetched 29 rows for BTC-EUR at 2m
2026-02-01 02:48:56,741 - core.data_fetcher - INFO - Fetching BTC-EUR - 1m (attempt 1/3)
2026-02-01 02:48:56,875 - core.data_fetcher - WARNING - BTC-EUR 1m: 52.9% rows have zero volume
2026-02-01 02:48:56,878 - core.data_fetcher - INFO - [OK] Successfully fetched 51 rows for BTC-EUR at 1m
2026-02-01 02:48:57,884 - core.data_storage - INFO - 
Saving all timeframes for BTC-EUR
2026-02-01 02:48:57,899 - core.data_storage - INFO - [OK] Saved BTC-EUR 4h to .\data/raw\BTC-EUR\BTC-EUR_4h_20260201.csv (360 rows)
2026-02-01 02:48:57,967 - core.data_storage - INFO - Metadata saved to .\data/metadata.json
2026-02-01 02:48:57,976 - core.data_storage - INFO - [OK] Saved BTC-EUR 1d to .\data/raw\BTC-EUR\BTC-EUR_1d_20260201.csv (503 rows)
2026-02-01 02:48:58,035 - core.data_storage - INFO - Metadata saved to .\data/metadata.json
2026-02-01 02:48:58,040 - core.data_storage - INFO - [OK] Saved BTC-EUR 1wk to .\data/raw\BTC-EUR\BTC-EUR_1wk_20260201.csv (104 rows)
2026-02-01 02:48:58,090 - core.data_storage - INFO - Metadata saved to .\data/metadata.json
2026-02-01 02:48:58,094 - core.data_storage - INFO - [OK] Saved BTC-EUR 1mo to .\data/raw\BTC-EUR\BTC-EUR_1mo_20260201.csv (60 rows)
2026-02-01 02:48:58,141 - core.data_storage - INFO - Metadata saved to .\data/metadata.json
2026-02-01 02:48:58,149 - core.data_storage - INFO - [OK] Saved BTC-EUR 3mo to .\data/raw\BTC-EUR\BTC-EUR_3mo_20260201.csv (20 rows)
2026-02-01 02:48:58,202 - core.data_storage - INFO - Metadata saved to .\data/metadata.json
2026-02-01 02:48:58,225 - core.data_storage - INFO - [OK] Saved BTC-EUR 1h to .\data/raw\BTC-EUR\BTC-EUR_1h_20260201.csv (1437 rows)
2026-02-01 02:48:58,287 - core.data_storage - INFO - Metadata saved to .\data/metadata.json
2026-02-01 02:48:58,311 - core.data_storage - INFO - [OK] Saved BTC-EUR 30m to .\data/raw\BTC-EUR\BTC-EUR_30m_20260201.csv (1434 rows)
2026-02-01 02:48:58,344 - core.data_storage - INFO - Metadata saved to .\data/metadata.json
2026-02-01 02:48:58,372 - core.data_storage - INFO - [OK] Saved BTC-EUR 15m to .\data/raw\BTC-EUR\BTC-EUR_15m_20260201.csv (2867 rows)
2026-02-01 02:48:58,427 - core.data_storage - INFO - Metadata saved to .\data/metadata.json
2026-02-01 02:48:58,452 - core.data_storage - INFO - [OK] Saved BTC-EUR 5m to .\data/raw\BTC-EUR\BTC-EUR_5m_20260201.csv (1135 rows)
2026-02-01 02:48:58,498 - core.data_storage - INFO - Metadata saved to .\data/metadata.json
2026-02-01 02:48:58,502 - core.data_storage - INFO - [OK] Saved BTC-EUR 3m to .\data/raw\BTC-EUR\BTC-EUR_3m_20260201.csv (19 rows)
2026-02-01 02:48:58,543 - core.data_storage - INFO - Metadata saved to .\data/metadata.json
2026-02-01 02:48:58,549 - core.data_storage - INFO - [OK] Saved BTC-EUR 2m to .\data/raw\BTC-EUR\BTC-EUR_2m_20260201.csv (29 rows)
2026-02-01 02:48:58,602 - core.data_storage - INFO - Metadata saved to .\data/metadata.json
2026-02-01 02:48:58,607 - core.data_storage - INFO - [OK] Saved BTC-EUR 1m to .\data/raw\BTC-EUR\BTC-EUR_1m_20260201.csv (51 rows)
2026-02-01 02:48:58,658 - core.data_storage - INFO - Metadata saved to .\data/metadata.json
2026-02-01 02:48:58,658 - core.data_storage - INFO - 
============================================================
2026-02-01 02:48:58,658 - core.data_storage - INFO - SAVE SUMMARY:
2026-02-01 02:48:58,658 - core.data_storage - INFO - Saved 12/12 files
2026-02-01 02:48:58,658 - core.data_storage - INFO - Success rate: 100.0%
2026-02-01 02:48:58,658 - core.data_storage - INFO - ============================================================
2026-02-01 02:50:45,305 - core.ticker_selector - INFO - Manual tickers set: ['AA']
2026-02-01 02:50:45,959 - core.ticker_selector - INFO - [OK] Valid ticker: AA
2026-02-01 02:50:45,960 - core.ticker_selector - INFO - Validation complete: 1/1 tickers valid
2026-02-01 02:50:45,960 - core.data_fetcher - INFO - 
============================================================
2026-02-01 02:50:45,960 - core.data_fetcher - INFO - Fetching all timeframes for AA
2026-02-01 02:50:45,960 - core.data_fetcher - INFO - ============================================================
2026-02-01 02:50:45,960 - core.data_fetcher - INFO - Fetching AA - 4h (attempt 1/3)
2026-02-01 02:50:46,268 - core.data_fetcher - INFO - Resampling hourly data to 4-hour intervals
2026-02-01 02:50:46,279 - core.data_fetcher - INFO - [OK] Successfully fetched 119 rows for AA at 4h
2026-02-01 02:50:46,279 - core.data_fetcher - INFO - Fetching AA - 1d (attempt 1/3)
2026-02-01 02:50:46,565 - core.data_fetcher - INFO - [OK] Successfully fetched 345 rows for AA at 1d
2026-02-01 02:50:46,565 - core.data_fetcher - INFO - Fetching AA - 1wk (attempt 1/3)
2026-02-01 02:50:46,809 - core.data_fetcher - INFO - [OK] Successfully fetched 104 rows for AA at 1wk
2026-02-01 02:50:46,809 - core.data_fetcher - INFO - Fetching AA - 1mo (attempt 1/3)
2026-02-01 02:50:47,039 - core.data_fetcher - INFO - [OK] Successfully fetched 59 rows for AA at 1mo
2026-02-01 02:50:47,040 - core.data_fetcher - INFO - Fetching AA - 3mo (attempt 1/3)
2026-02-01 02:50:47,258 - core.data_fetcher - INFO - [OK] Successfully fetched 20 rows for AA at 3mo
2026-02-01 02:50:47,259 - core.data_fetcher - INFO - Fetching AA - 1h (attempt 1/3)
2026-02-01 02:50:47,404 - core.data_fetcher - INFO - [OK] Successfully fetched 276 rows for AA at 1h
2026-02-01 02:50:47,404 - core.data_fetcher - INFO - Fetching AA - 30m (attempt 1/3)
2026-02-01 02:50:47,649 - core.data_fetcher - INFO - [OK] Successfully fetched 260 rows for AA at 30m
2026-02-01 02:50:47,649 - core.data_fetcher - INFO - Fetching AA - 15m (attempt 1/3)
2026-02-01 02:50:47,717 - core.data_fetcher - INFO - [OK] Successfully fetched 520 rows for AA at 15m
2026-02-01 02:50:47,717 - core.data_fetcher - INFO - Fetching AA - 5m (attempt 1/3)
2026-02-01 02:50:47,861 - core.data_fetcher - INFO - [OK] Successfully fetched 312 rows for AA at 5m
2026-02-01 02:50:47,861 - core.data_fetcher - INFO - Fetching AA - 3m (attempt 1/3)
2026-02-01 02:50:47,987 - core.data_fetcher - INFO - Resampling 1-minute data to 3-minute intervals
2026-02-01 02:50:47,993 - core.data_fetcher - WARNING - AA 3m: Only 0 rows (expected >= 15)
2026-02-01 02:50:47,993 - core.data_fetcher - WARNING - Data quality check failed for AA at 3m
2026-02-01 02:50:49,994 - core.data_fetcher - INFO - Fetching AA - 3m (attempt 2/3)
2026-02-01 02:50:50,121 - core.data_fetcher - INFO - Resampling 1-minute data to 3-minute intervals
2026-02-01 02:50:50,125 - core.data_fetcher - WARNING - AA 3m: Only 0 rows (expected >= 15)
2026-02-01 02:50:50,125 - core.data_fetcher - WARNING - Data quality check failed for AA at 3m
2026-02-01 02:50:52,125 - core.data_fetcher - INFO - Fetching AA - 3m (attempt 3/3)
2026-02-01 02:50:52,252 - core.data_fetcher - INFO - Resampling 1-minute data to 3-minute intervals
2026-02-01 02:50:52,254 - core.data_fetcher - WARNING - AA 3m: Only 0 rows (expected >= 15)
2026-02-01 02:50:52,254 - core.data_fetcher - WARNING - Data quality check failed for AA at 3m
2026-02-01 02:50:52,255 - core.data_fetcher - INFO - [OK] Successfully fetched 0 rows for AA at 3m
2026-02-01 02:50:52,256 - core.data_fetcher - INFO - Fetching AA - 2m (attempt 1/3)
2026-02-01 02:50:52,407 - core.data_fetcher - WARNING - AA 2m: Only 0 rows (expected >= 20)
2026-02-01 02:50:52,407 - core.data_fetcher - WARNING - Data quality check failed for AA at 2m
2026-02-01 02:50:54,410 - core.data_fetcher - INFO - Fetching AA - 2m (attempt 2/3)
2026-02-01 02:50:54,593 - core.data_fetcher - WARNING - AA 2m: Only 0 rows (expected >= 20)
2026-02-01 02:50:54,595 - core.data_fetcher - WARNING - Data quality check failed for AA at 2m
2026-02-01 02:50:56,595 - core.data_fetcher - INFO - Fetching AA - 2m (attempt 3/3)
2026-02-01 02:50:56,774 - core.data_fetcher - WARNING - AA 2m: Only 0 rows (expected >= 20)
2026-02-01 02:50:56,775 - core.data_fetcher - WARNING - Data quality check failed for AA at 2m
2026-02-01 02:50:56,777 - core.data_fetcher - INFO - [OK] Successfully fetched 0 rows for AA at 2m
2026-02-01 02:50:56,777 - core.data_fetcher - INFO - Fetching AA - 1m (attempt 1/3)
2026-02-01 02:50:56,947 - core.data_fetcher - WARNING - AA 1m: Only 0 rows (expected >= 30)
2026-02-01 02:50:56,947 - core.data_fetcher - WARNING - Data quality check failed for AA at 1m
2026-02-01 02:50:58,948 - core.data_fetcher - INFO - Fetching AA - 1m (attempt 2/3)
2026-02-01 02:50:59,151 - core.data_fetcher - WARNING - AA 1m: Only 0 rows (expected >= 30)
2026-02-01 02:50:59,151 - core.data_fetcher - WARNING - Data quality check failed for AA at 1m
2026-02-01 02:51:01,152 - core.data_fetcher - INFO - Fetching AA - 1m (attempt 3/3)
2026-02-01 02:51:01,325 - core.data_fetcher - WARNING - AA 1m: Only 0 rows (expected >= 30)
2026-02-01 02:51:01,325 - core.data_fetcher - WARNING - Data quality check failed for AA at 1m
2026-02-01 02:51:01,328 - core.data_fetcher - INFO - [OK] Successfully fetched 0 rows for AA at 1m
2026-02-01 02:51:02,334 - core.data_storage - INFO - 
Saving all timeframes for AA
2026-02-01 02:51:02,422 - core.data_storage - INFO - [OK] Saved AA 4h to .\data/raw\AA\AA_4h_20260201.csv (119 rows)
2026-02-01 02:51:02,493 - core.data_storage - INFO - Metadata saved to .\data/metadata.json
2026-02-01 02:51:02,505 - core.data_storage - INFO - [OK] Saved AA 1d to .\data/raw\AA\AA_1d_20260201.csv (345 rows)
2026-02-01 02:51:02,572 - core.data_storage - INFO - Metadata saved to .\data/metadata.json
2026-02-01 02:51:02,582 - core.data_storage - INFO - [OK] Saved AA 1wk to .\data/raw\AA\AA_1wk_20260201.csv (104 rows)
2026-02-01 02:51:02,642 - core.data_storage - INFO - Metadata saved to .\data/metadata.json
2026-02-01 02:51:02,650 - core.data_storage - INFO - [OK] Saved AA 1mo to .\data/raw\AA\AA_1mo_20260201.csv (59 rows)
2026-02-01 02:51:02,714 - core.data_storage - INFO - Metadata saved to .\data/metadata.json
2026-02-01 02:51:02,719 - core.data_storage - INFO - [OK] Saved AA 3mo to .\data/raw\AA\AA_3mo_20260201.csv (20 rows)
2026-02-01 02:51:02,776 - core.data_storage - INFO - Metadata saved to .\data/metadata.json
2026-02-01 02:51:02,793 - core.data_storage - INFO - [OK] Saved AA 1h to .\data/raw\AA\AA_1h_20260201.csv (276 rows)
2026-02-01 02:51:02,843 - core.data_storage - INFO - Metadata saved to .\data/metadata.json
2026-02-01 02:51:02,859 - core.data_storage - INFO - [OK] Saved AA 30m to .\data/raw\AA\AA_30m_20260201.csv (260 rows)
2026-02-01 02:51:02,906 - core.data_storage - INFO - Metadata saved to .\data/metadata.json
2026-02-01 02:51:02,925 - core.data_storage - INFO - [OK] Saved AA 15m to .\data/raw\AA\AA_15m_20260201.csv (520 rows)
2026-02-01 02:51:02,970 - core.data_storage - INFO - Metadata saved to .\data/metadata.json
2026-02-01 02:51:02,983 - core.data_storage - INFO - [OK] Saved AA 5m to .\data/raw\AA\AA_5m_20260201.csv (312 rows)
2026-02-01 02:51:03,075 - core.data_storage - INFO - Metadata saved to .\data/metadata.json
2026-02-01 02:51:03,075 - core.data_storage - INFO - 
============================================================
2026-02-01 02:51:03,076 - core.data_storage - INFO - SAVE SUMMARY:
2026-02-01 02:51:03,076 - core.data_storage - INFO - Saved 9/12 files
2026-02-01 02:51:03,076 - core.data_storage - INFO - Success rate: 75.0%
2026-02-01 02:51:03,076 - core.data_storage - INFO - ============================================================
2026-02-01 02:51:03,079 - core.news_fetcher - INFO - Fetching news for AA...
2026-02-01 02:51:03,294 - core.data_storage - INFO - [OK] Saved 10 news articles for AA to .\data\news\AA_news.json
2026-02-01 02:51:03,295 - root - ERROR - Pipeline failed: 'charmap' codec can't encode character '\u2717' in position 0: character maps to <undefined>
Traceback (most recent call last):
  File "C:\Users\ahmty\Desktop\finAdvice\algotrade_datascience\main_data_pipeline.py", line 160, in run_pipeline
    print(f"✓ ({len(news_df_limited)} articles)")
  File "C:\Program Files\WindowsApps\PythonSoftwareFoundation.Python.3.11_3.11.2544.0_x64__qbz5n2kfra8p0\Lib\encodings\cp1252.py", line 19, in encode
    return codecs.charmap_encode(input,self.errors,encoding_table)[0]
           ^^^^^^^^^^^^^^^^^^^^^^^^^^^^^^^^^^^^^^^^^^^^^^^^^^^^^^^
UnicodeEncodeError: 'charmap' codec can't encode character '\u2713' in position 0: character maps to <undefined>

During handling of the above exception, another exception occurred:

Traceback (most recent call last):
  File "C:\Users\ahmty\Desktop\finAdvice\algotrade_datascience\main_data_pipeline.py", line 236, in main
    run_pipeline(
  File "C:\Users\ahmty\Desktop\finAdvice\algotrade_datascience\main_data_pipeline.py", line 168, in run_pipeline
    print(f"✗ (error: {e})")
  File "C:\Program Files\WindowsApps\PythonSoftwareFoundation.Python.3.11_3.11.2544.0_x64__qbz5n2kfra8p0\Lib\encodings\cp1252.py", line 19, in encode
    return codecs.charmap_encode(input,self.errors,encoding_table)[0]
           ^^^^^^^^^^^^^^^^^^^^^^^^^^^^^^^^^^^^^^^^^^^^^^^^^^^^^^^
UnicodeEncodeError: 'charmap' codec can't encode character '\u2717' in position 0: character maps to <undefined>
2026-02-01 02:51:08,286 - core.ticker_selector - INFO - Manual tickers set: ['AAPL']
2026-02-01 02:51:08,881 - core.ticker_selector - INFO - [OK] Valid ticker: AAPL
2026-02-01 02:51:08,881 - core.ticker_selector - INFO - Validation complete: 1/1 tickers valid
2026-02-01 02:51:08,884 - core.data_fetcher - INFO - 
============================================================
2026-02-01 02:51:08,884 - core.data_fetcher - INFO - Fetching all timeframes for AAPL
2026-02-01 02:51:08,884 - core.data_fetcher - INFO - ============================================================
2026-02-01 02:51:08,885 - core.data_fetcher - INFO - Fetching AAPL - 4h (attempt 1/3)
2026-02-01 02:51:09,085 - core.data_fetcher - INFO - Resampling hourly data to 4-hour intervals
2026-02-01 02:51:09,091 - core.data_fetcher - INFO - [OK] Successfully fetched 119 rows for AAPL at 4h
2026-02-01 02:51:09,091 - core.data_fetcher - INFO - Fetching AAPL - 1d (attempt 1/3)
2026-02-01 02:51:09,308 - core.data_fetcher - INFO - [OK] Successfully fetched 345 rows for AAPL at 1d
2026-02-01 02:51:09,308 - core.data_fetcher - INFO - Fetching AAPL - 1wk (attempt 1/3)
2026-02-01 02:51:09,482 - core.data_fetcher - INFO - [OK] Successfully fetched 104 rows for AAPL at 1wk
2026-02-01 02:51:09,484 - core.data_fetcher - INFO - Fetching AAPL - 1mo (attempt 1/3)
2026-02-01 02:51:09,647 - core.data_fetcher - INFO - [OK] Successfully fetched 59 rows for AAPL at 1mo
2026-02-01 02:51:09,647 - core.data_fetcher - INFO - Fetching AAPL - 3mo (attempt 1/3)
2026-02-01 02:51:09,831 - core.data_fetcher - INFO - [OK] Successfully fetched 20 rows for AAPL at 3mo
2026-02-01 02:51:09,831 - core.data_fetcher - INFO - Fetching AAPL - 1h (attempt 1/3)
2026-02-01 02:51:09,968 - core.data_fetcher - INFO - [OK] Successfully fetched 276 rows for AAPL at 1h
2026-02-01 02:51:09,969 - core.data_fetcher - INFO - Fetching AAPL - 30m (attempt 1/3)
2026-02-01 02:51:10,153 - core.data_fetcher - INFO - [OK] Successfully fetched 260 rows for AAPL at 30m
2026-02-01 02:51:10,153 - core.data_fetcher - INFO - Fetching AAPL - 15m (attempt 1/3)
2026-02-01 02:51:10,325 - core.data_fetcher - INFO - [OK] Successfully fetched 520 rows for AAPL at 15m
2026-02-01 02:51:10,325 - core.data_fetcher - INFO - Fetching AAPL - 5m (attempt 1/3)
2026-02-01 02:51:10,449 - core.data_fetcher - INFO - [OK] Successfully fetched 312 rows for AAPL at 5m
2026-02-01 02:51:10,451 - core.data_fetcher - INFO - Fetching AAPL - 3m (attempt 1/3)
2026-02-01 02:51:10,590 - core.data_fetcher - INFO - Resampling 1-minute data to 3-minute intervals
2026-02-01 02:51:10,595 - core.data_fetcher - WARNING - AAPL 3m: Only 0 rows (expected >= 15)
2026-02-01 02:51:10,595 - core.data_fetcher - WARNING - Data quality check failed for AAPL at 3m
2026-02-01 02:51:12,596 - core.data_fetcher - INFO - Fetching AAPL - 3m (attempt 2/3)
2026-02-01 02:51:12,714 - core.data_fetcher - INFO - Resampling 1-minute data to 3-minute intervals
2026-02-01 02:51:12,718 - core.data_fetcher - WARNING - AAPL 3m: Only 0 rows (expected >= 15)
2026-02-01 02:51:12,718 - core.data_fetcher - WARNING - Data quality check failed for AAPL at 3m
2026-02-01 02:51:14,718 - core.data_fetcher - INFO - Fetching AAPL - 3m (attempt 3/3)
2026-02-01 02:51:14,833 - core.data_fetcher - INFO - Resampling 1-minute data to 3-minute intervals
2026-02-01 02:51:14,839 - core.data_fetcher - WARNING - AAPL 3m: Only 0 rows (expected >= 15)
2026-02-01 02:51:14,839 - core.data_fetcher - WARNING - Data quality check failed for AAPL at 3m
2026-02-01 02:51:14,840 - core.data_fetcher - INFO - [OK] Successfully fetched 0 rows for AAPL at 3m
2026-02-01 02:51:14,842 - core.data_fetcher - INFO - Fetching AAPL - 2m (attempt 1/3)
2026-02-01 02:51:14,964 - core.data_fetcher - WARNING - AAPL 2m: Only 0 rows (expected >= 20)
2026-02-01 02:51:14,964 - core.data_fetcher - WARNING - Data quality check failed for AAPL at 2m
2026-02-01 02:51:16,965 - core.data_fetcher - INFO - Fetching AAPL - 2m (attempt 2/3)
2026-02-01 02:51:17,126 - core.data_fetcher - WARNING - AAPL 2m: Only 0 rows (expected >= 20)
2026-02-01 02:51:17,126 - core.data_fetcher - WARNING - Data quality check failed for AAPL at 2m
2026-02-01 02:51:19,127 - core.data_fetcher - INFO - Fetching AAPL - 2m (attempt 3/3)
2026-02-01 02:51:19,231 - core.data_fetcher - WARNING - AAPL 2m: Only 0 rows (expected >= 20)
2026-02-01 02:51:19,232 - core.data_fetcher - WARNING - Data quality check failed for AAPL at 2m
2026-02-01 02:51:19,234 - core.data_fetcher - INFO - [OK] Successfully fetched 0 rows for AAPL at 2m
2026-02-01 02:51:19,234 - core.data_fetcher - INFO - Fetching AAPL - 1m (attempt 1/3)
2026-02-01 02:51:19,396 - core.data_fetcher - WARNING - AAPL 1m: Only 0 rows (expected >= 30)
2026-02-01 02:51:19,398 - core.data_fetcher - WARNING - Data quality check failed for AAPL at 1m
2026-02-01 02:51:21,399 - core.data_fetcher - INFO - Fetching AAPL - 1m (attempt 2/3)
2026-02-01 02:51:21,500 - core.data_fetcher - WARNING - AAPL 1m: Only 0 rows (expected >= 30)
2026-02-01 02:51:21,500 - core.data_fetcher - WARNING - Data quality check failed for AAPL at 1m
2026-02-01 02:51:23,501 - core.data_fetcher - INFO - Fetching AAPL - 1m (attempt 3/3)
2026-02-01 02:51:23,678 - core.data_fetcher - WARNING - AAPL 1m: Only 0 rows (expected >= 30)
2026-02-01 02:51:23,679 - core.data_fetcher - WARNING - Data quality check failed for AAPL at 1m
2026-02-01 02:51:23,692 - core.data_fetcher - INFO - [OK] Successfully fetched 0 rows for AAPL at 1m
2026-02-01 02:51:24,702 - core.data_storage - INFO - 
Saving all timeframes for AAPL
2026-02-01 02:51:24,731 - core.data_storage - INFO - [OK] Saved AAPL 4h to .\data/raw\AAPL\AAPL_4h_20260201.csv (119 rows)
2026-02-01 02:51:24,812 - core.data_storage - INFO - Metadata saved to .\data/metadata.json
2026-02-01 02:51:24,831 - core.data_storage - INFO - [OK] Saved AAPL 1d to .\data/raw\AAPL\AAPL_1d_20260201.csv (345 rows)
2026-02-01 02:51:24,901 - core.data_storage - INFO - Metadata saved to .\data/metadata.json
2026-02-01 02:51:24,912 - core.data_storage - INFO - [OK] Saved AAPL 1wk to .\data/raw\AAPL\AAPL_1wk_20260201.csv (104 rows)
2026-02-01 02:51:24,982 - core.data_storage - INFO - Metadata saved to .\data/metadata.json
2026-02-01 02:51:24,994 - core.data_storage - INFO - [OK] Saved AAPL 1mo to .\data/raw\AAPL\AAPL_1mo_20260201.csv (59 rows)
2026-02-01 02:51:25,093 - core.data_storage - INFO - Metadata saved to .\data/metadata.json
2026-02-01 02:51:25,136 - core.data_storage - INFO - [OK] Saved AAPL 3mo to .\data/raw\AAPL\AAPL_3mo_20260201.csv (20 rows)
2026-02-01 02:51:25,248 - core.data_storage - INFO - Metadata saved to .\data/metadata.json
2026-02-01 02:51:25,266 - core.data_storage - INFO - [OK] Saved AAPL 1h to .\data/raw\AAPL\AAPL_1h_20260201.csv (276 rows)
2026-02-01 02:51:25,319 - core.data_storage - INFO - Metadata saved to .\data/metadata.json
2026-02-01 02:51:25,332 - core.data_storage - INFO - [OK] Saved AAPL 30m to .\data/raw\AAPL\AAPL_30m_20260201.csv (260 rows)
2026-02-01 02:51:25,379 - core.data_storage - INFO - Metadata saved to .\data/metadata.json
2026-02-01 02:51:25,394 - core.data_storage - INFO - [OK] Saved AAPL 15m to .\data/raw\AAPL\AAPL_15m_20260201.csv (520 rows)
2026-02-01 02:51:25,479 - core.data_storage - INFO - Metadata saved to .\data/metadata.json
2026-02-01 02:51:25,506 - core.data_storage - INFO - [OK] Saved AAPL 5m to .\data/raw\AAPL\AAPL_5m_20260201.csv (312 rows)
2026-02-01 02:51:25,599 - core.data_storage - INFO - Metadata saved to .\data/metadata.json
2026-02-01 02:51:25,599 - core.data_storage - INFO - 
============================================================
2026-02-01 02:51:25,601 - core.data_storage - INFO - SAVE SUMMARY:
2026-02-01 02:51:25,602 - core.data_storage - INFO - Saved 9/12 files
2026-02-01 02:51:25,604 - core.data_storage - INFO - Success rate: 75.0%
2026-02-01 02:51:25,605 - core.data_storage - INFO - ============================================================
2026-02-01 02:51:25,616 - core.news_fetcher - INFO - Fetching news for AAPL...
2026-02-01 02:51:25,932 - core.data_storage - INFO - [OK] Saved 10 news articles for AAPL to .\data\news\AAPL_news.json
2026-02-01 02:52:22,027 - core.ticker_selector - INFO - Manual tickers set: ['AAPL']
2026-02-01 02:52:22,655 - core.ticker_selector - INFO - [OK] Valid ticker: AAPL
2026-02-01 02:52:22,655 - core.ticker_selector - INFO - Validation complete: 1/1 tickers valid
2026-02-01 02:52:22,656 - core.data_fetcher - INFO - 
============================================================
2026-02-01 02:52:22,656 - core.data_fetcher - INFO - Fetching all timeframes for AAPL
2026-02-01 02:52:22,656 - core.data_fetcher - INFO - ============================================================
2026-02-01 02:52:22,656 - core.data_fetcher - INFO - Fetching AAPL - 4h (attempt 1/3)
2026-02-01 02:52:22,926 - core.data_fetcher - INFO - Resampling hourly data to 4-hour intervals
2026-02-01 02:52:22,944 - core.data_fetcher - INFO - [OK] Successfully fetched 119 rows for AAPL at 4h
2026-02-01 02:52:22,944 - core.data_fetcher - INFO - Fetching AAPL - 1d (attempt 1/3)
2026-02-01 02:52:23,229 - core.data_fetcher - INFO - [OK] Successfully fetched 345 rows for AAPL at 1d
2026-02-01 02:52:23,229 - core.data_fetcher - INFO - Fetching AAPL - 1wk (attempt 1/3)
2026-02-01 02:52:23,433 - core.data_fetcher - INFO - [OK] Successfully fetched 104 rows for AAPL at 1wk
2026-02-01 02:52:23,434 - core.data_fetcher - INFO - Fetching AAPL - 1mo (attempt 1/3)
2026-02-01 02:52:23,628 - core.data_fetcher - INFO - [OK] Successfully fetched 59 rows for AAPL at 1mo
2026-02-01 02:52:23,628 - core.data_fetcher - INFO - Fetching AAPL - 3mo (attempt 1/3)
2026-02-01 02:52:23,828 - core.data_fetcher - INFO - [OK] Successfully fetched 20 rows for AAPL at 3mo
2026-02-01 02:52:23,829 - core.data_fetcher - INFO - Fetching AAPL - 1h (attempt 1/3)
2026-02-01 02:52:23,980 - core.data_fetcher - INFO - [OK] Successfully fetched 276 rows for AAPL at 1h
2026-02-01 02:52:23,981 - core.data_fetcher - INFO - Fetching AAPL - 30m (attempt 1/3)
2026-02-01 02:52:24,172 - core.data_fetcher - INFO - [OK] Successfully fetched 260 rows for AAPL at 30m
2026-02-01 02:52:24,173 - core.data_fetcher - INFO - Fetching AAPL - 15m (attempt 1/3)
2026-02-01 02:52:24,384 - core.data_fetcher - INFO - [OK] Successfully fetched 520 rows for AAPL at 15m
2026-02-01 02:52:24,384 - core.data_fetcher - INFO - Fetching AAPL - 5m (attempt 1/3)
2026-02-01 02:52:24,603 - core.data_fetcher - INFO - [OK] Successfully fetched 312 rows for AAPL at 5m
2026-02-01 02:52:24,604 - core.data_fetcher - INFO - Fetching AAPL - 3m (attempt 1/3)
2026-02-01 02:52:24,781 - core.data_fetcher - INFO - Resampling 1-minute data to 3-minute intervals
2026-02-01 02:52:24,793 - core.data_fetcher - WARNING - AAPL 3m: Only 0 rows (expected >= 15)
2026-02-01 02:52:24,794 - core.data_fetcher - WARNING - Data quality check failed for AAPL at 3m
2026-02-01 02:52:26,795 - core.data_fetcher - INFO - Fetching AAPL - 3m (attempt 2/3)
2026-02-01 02:52:26,923 - core.data_fetcher - INFO - Resampling 1-minute data to 3-minute intervals
2026-02-01 02:52:26,929 - core.data_fetcher - WARNING - AAPL 3m: Only 0 rows (expected >= 15)
2026-02-01 02:52:26,929 - core.data_fetcher - WARNING - Data quality check failed for AAPL at 3m
2026-02-01 02:52:28,930 - core.data_fetcher - INFO - Fetching AAPL - 3m (attempt 3/3)
2026-02-01 02:52:29,032 - core.data_fetcher - INFO - Resampling 1-minute data to 3-minute intervals
2026-02-01 02:52:29,041 - core.data_fetcher - WARNING - AAPL 3m: Only 0 rows (expected >= 15)
2026-02-01 02:52:29,041 - core.data_fetcher - WARNING - Data quality check failed for AAPL at 3m
2026-02-01 02:52:29,045 - core.data_fetcher - INFO - [OK] Successfully fetched 0 rows for AAPL at 3m
2026-02-01 02:52:29,045 - core.data_fetcher - INFO - Fetching AAPL - 2m (attempt 1/3)
2026-02-01 02:52:29,220 - core.data_fetcher - WARNING - AAPL 2m: Only 0 rows (expected >= 20)
2026-02-01 02:52:29,221 - core.data_fetcher - WARNING - Data quality check failed for AAPL at 2m
2026-02-01 02:52:31,222 - core.data_fetcher - INFO - Fetching AAPL - 2m (attempt 2/3)
2026-02-01 02:52:31,353 - core.data_fetcher - WARNING - AAPL 2m: Only 0 rows (expected >= 20)
2026-02-01 02:52:31,353 - core.data_fetcher - WARNING - Data quality check failed for AAPL at 2m
2026-02-01 02:52:33,355 - core.data_fetcher - INFO - Fetching AAPL - 2m (attempt 3/3)
2026-02-01 02:52:33,478 - core.data_fetcher - WARNING - AAPL 2m: Only 0 rows (expected >= 20)
2026-02-01 02:52:33,478 - core.data_fetcher - WARNING - Data quality check failed for AAPL at 2m
2026-02-01 02:52:33,481 - core.data_fetcher - INFO - [OK] Successfully fetched 0 rows for AAPL at 2m
2026-02-01 02:52:33,481 - core.data_fetcher - INFO - Fetching AAPL - 1m (attempt 1/3)
2026-02-01 02:52:33,636 - core.data_fetcher - WARNING - AAPL 1m: Only 0 rows (expected >= 30)
2026-02-01 02:52:33,636 - core.data_fetcher - WARNING - Data quality check failed for AAPL at 1m
2026-02-01 02:52:35,637 - core.data_fetcher - INFO - Fetching AAPL - 1m (attempt 2/3)
2026-02-01 02:52:35,863 - core.data_fetcher - WARNING - AAPL 1m: Only 0 rows (expected >= 30)
2026-02-01 02:52:35,864 - core.data_fetcher - WARNING - Data quality check failed for AAPL at 1m
2026-02-01 02:52:37,864 - core.data_fetcher - INFO - Fetching AAPL - 1m (attempt 3/3)
2026-02-01 02:52:38,007 - core.data_fetcher - WARNING - AAPL 1m: Only 0 rows (expected >= 30)
2026-02-01 02:52:38,007 - core.data_fetcher - WARNING - Data quality check failed for AAPL at 1m
2026-02-01 02:52:38,008 - core.data_fetcher - INFO - [OK] Successfully fetched 0 rows for AAPL at 1m
2026-02-01 02:52:39,057 - core.data_storage - INFO - 
Saving all timeframes for AAPL
2026-02-01 02:52:39,070 - core.data_storage - INFO - [OK] Saved AAPL 4h to .\data/raw\AAPL\AAPL_4h_20260201.csv (119 rows)
2026-02-01 02:52:39,127 - core.data_storage - INFO - Metadata saved to .\data/metadata.json
2026-02-01 02:52:39,135 - core.data_storage - INFO - [OK] Saved AAPL 1d to .\data/raw\AAPL\AAPL_1d_20260201.csv (345 rows)
2026-02-01 02:52:39,182 - core.data_storage - INFO - Metadata saved to .\data/metadata.json
2026-02-01 02:52:39,188 - core.data_storage - INFO - [OK] Saved AAPL 1wk to .\data/raw\AAPL\AAPL_1wk_20260201.csv (104 rows)
2026-02-01 02:52:39,239 - core.data_storage - INFO - Metadata saved to .\data/metadata.json
2026-02-01 02:52:39,244 - core.data_storage - INFO - [OK] Saved AAPL 1mo to .\data/raw\AAPL\AAPL_1mo_20260201.csv (59 rows)
2026-02-01 02:52:39,291 - core.data_storage - INFO - Metadata saved to .\data/metadata.json
2026-02-01 02:52:39,300 - core.data_storage - INFO - [OK] Saved AAPL 3mo to .\data/raw\AAPL\AAPL_3mo_20260201.csv (20 rows)
2026-02-01 02:52:39,343 - core.data_storage - INFO - Metadata saved to .\data/metadata.json
2026-02-01 02:52:39,349 - core.data_storage - INFO - [OK] Saved AAPL 1h to .\data/raw\AAPL\AAPL_1h_20260201.csv (276 rows)
2026-02-01 02:52:39,386 - core.data_storage - INFO - Metadata saved to .\data/metadata.json
2026-02-01 02:52:39,390 - core.data_storage - INFO - [OK] Saved AAPL 30m to .\data/raw\AAPL\AAPL_30m_20260201.csv (260 rows)
2026-02-01 02:52:39,436 - core.data_storage - INFO - Metadata saved to .\data/metadata.json
2026-02-01 02:52:39,448 - core.data_storage - INFO - [OK] Saved AAPL 15m to .\data/raw\AAPL\AAPL_15m_20260201.csv (520 rows)
2026-02-01 02:52:39,501 - core.data_storage - INFO - Metadata saved to .\data/metadata.json
2026-02-01 02:52:39,553 - core.data_storage - INFO - [OK] Saved AAPL 5m to .\data/raw\AAPL\AAPL_5m_20260201.csv (312 rows)
2026-02-01 02:52:39,612 - core.data_storage - INFO - Metadata saved to .\data/metadata.json
2026-02-01 02:52:39,612 - core.data_storage - INFO - 
============================================================
2026-02-01 02:52:39,612 - core.data_storage - INFO - SAVE SUMMARY:
2026-02-01 02:52:39,612 - core.data_storage - INFO - Saved 9/12 files
2026-02-01 02:52:39,612 - core.data_storage - INFO - Success rate: 75.0%
2026-02-01 02:52:39,612 - core.data_storage - INFO - ============================================================
2026-02-01 02:52:39,614 - core.news_fetcher - INFO - Fetching news for AAPL...
2026-02-01 02:52:39,819 - core.data_storage - INFO - [OK] Saved 10 news articles for AAPL to .\data\news\AAPL_news.json
2026-02-01 02:52:39,819 - root - ERROR - Pipeline failed: 'charmap' codec can't encode character '\u2717' in position 0: character maps to <undefined>
Traceback (most recent call last):
  File "C:\Users\ahmty\Desktop\finAdvice\algotrade_datascience\main_data_pipeline.py", line 160, in run_pipeline
    print(f"✓ ({len(news_df_limited)} articles)")
  File "C:\Program Files\WindowsApps\PythonSoftwareFoundation.Python.3.11_3.11.2544.0_x64__qbz5n2kfra8p0\Lib\encodings\cp1252.py", line 19, in encode
    return codecs.charmap_encode(input,self.errors,encoding_table)[0]
           ^^^^^^^^^^^^^^^^^^^^^^^^^^^^^^^^^^^^^^^^^^^^^^^^^^^^^^^
UnicodeEncodeError: 'charmap' codec can't encode character '\u2713' in position 0: character maps to <undefined>

During handling of the above exception, another exception occurred:

Traceback (most recent call last):
  File "C:\Users\ahmty\Desktop\finAdvice\algotrade_datascience\main_data_pipeline.py", line 236, in main
    run_pipeline(
  File "C:\Users\ahmty\Desktop\finAdvice\algotrade_datascience\main_data_pipeline.py", line 168, in run_pipeline
    print(f"✗ (error: {e})")
  File "C:\Program Files\WindowsApps\PythonSoftwareFoundation.Python.3.11_3.11.2544.0_x64__qbz5n2kfra8p0\Lib\encodings\cp1252.py", line 19, in encode
    return codecs.charmap_encode(input,self.errors,encoding_table)[0]
           ^^^^^^^^^^^^^^^^^^^^^^^^^^^^^^^^^^^^^^^^^^^^^^^^^^^^^^^
UnicodeEncodeError: 'charmap' codec can't encode character '\u2717' in position 0: character maps to <undefined>
2026-02-01 13:26:25,180 - core.ticker_selector - INFO - Manual tickers set: ['AAPL']
2026-02-01 13:26:26,097 - core.ticker_selector - INFO - [OK] Valid ticker: AAPL
2026-02-01 13:26:26,098 - core.ticker_selector - INFO - Validation complete: 1/1 tickers valid
2026-02-01 13:26:26,098 - core.data_fetcher - INFO - 
============================================================
2026-02-01 13:26:26,098 - core.data_fetcher - INFO - Fetching all timeframes for AAPL
2026-02-01 13:26:26,098 - core.data_fetcher - INFO - ============================================================
2026-02-01 13:26:26,099 - core.data_fetcher - INFO - Fetching AAPL - 4h (attempt 1/3)
2026-02-01 13:26:36,215 - core.data_fetcher - INFO - Resampling hourly data to 4-hour intervals
2026-02-01 13:26:36,228 - core.data_fetcher - INFO - [OK] Successfully fetched 118 rows for AAPL at 4h
2026-02-01 13:26:36,228 - core.data_fetcher - INFO - Fetching AAPL - 1d (attempt 1/3)
2026-02-01 13:26:36,445 - core.data_fetcher - INFO - [OK] Successfully fetched 345 rows for AAPL at 1d
2026-02-01 13:26:36,446 - core.data_fetcher - INFO - Fetching AAPL - 1wk (attempt 1/3)
2026-02-01 13:26:36,615 - core.data_fetcher - INFO - [OK] Successfully fetched 104 rows for AAPL at 1wk
2026-02-01 13:26:36,615 - core.data_fetcher - INFO - Fetching AAPL - 1mo (attempt 1/3)
2026-02-01 13:26:36,820 - core.data_fetcher - INFO - [OK] Successfully fetched 59 rows for AAPL at 1mo
2026-02-01 13:26:36,820 - core.data_fetcher - INFO - Fetching AAPL - 3mo (attempt 1/3)
2026-02-01 13:26:36,997 - core.data_fetcher - INFO - [OK] Successfully fetched 20 rows for AAPL at 3mo
2026-02-01 13:26:36,997 - core.data_fetcher - INFO - Fetching AAPL - 1h (attempt 1/3)
2026-02-01 13:26:37,083 - core.data_fetcher - INFO - [OK] Successfully fetched 276 rows for AAPL at 1h
2026-02-01 13:26:37,084 - core.data_fetcher - INFO - Fetching AAPL - 30m (attempt 1/3)
2026-02-01 13:26:37,247 - core.data_fetcher - INFO - [OK] Successfully fetched 260 rows for AAPL at 30m
2026-02-01 13:26:37,247 - core.data_fetcher - INFO - Fetching AAPL - 15m (attempt 1/3)
2026-02-01 13:26:37,414 - core.data_fetcher - INFO - [OK] Successfully fetched 520 rows for AAPL at 15m
2026-02-01 13:26:37,414 - core.data_fetcher - INFO - Fetching AAPL - 5m (attempt 1/3)
2026-02-01 13:26:37,560 - core.data_fetcher - INFO - [OK] Successfully fetched 312 rows for AAPL at 5m
2026-02-01 13:26:37,560 - core.data_fetcher - INFO - Fetching AAPL - 3m (attempt 1/3)
2026-02-01 13:26:37,755 - core.data_fetcher - INFO - Resampling 1-minute data to 3-minute intervals
2026-02-01 13:26:37,759 - core.data_fetcher - WARNING - AAPL 3m: Only 0 rows (expected >= 15)
2026-02-01 13:26:37,759 - core.data_fetcher - WARNING - Data quality check failed for AAPL at 3m
2026-02-01 13:26:39,761 - core.data_fetcher - INFO - Fetching AAPL - 3m (attempt 2/3)
2026-02-01 13:26:39,916 - core.data_fetcher - INFO - Resampling 1-minute data to 3-minute intervals
2026-02-01 13:26:39,920 - core.data_fetcher - WARNING - AAPL 3m: Only 0 rows (expected >= 15)
2026-02-01 13:26:39,920 - core.data_fetcher - WARNING - Data quality check failed for AAPL at 3m
2026-02-01 13:26:41,921 - core.data_fetcher - INFO - Fetching AAPL - 3m (attempt 3/3)
2026-02-01 13:26:42,018 - core.data_fetcher - INFO - Resampling 1-minute data to 3-minute intervals
2026-02-01 13:26:42,023 - core.data_fetcher - WARNING - AAPL 3m: Only 0 rows (expected >= 15)
2026-02-01 13:26:42,023 - core.data_fetcher - WARNING - Data quality check failed for AAPL at 3m
2026-02-01 13:26:42,024 - core.data_fetcher - INFO - [OK] Successfully fetched 0 rows for AAPL at 3m
2026-02-01 13:26:42,024 - core.data_fetcher - INFO - Fetching AAPL - 2m (attempt 1/3)
2026-02-01 13:26:42,166 - core.data_fetcher - WARNING - AAPL 2m: Only 0 rows (expected >= 20)
2026-02-01 13:26:42,166 - core.data_fetcher - WARNING - Data quality check failed for AAPL at 2m
2026-02-01 13:26:44,167 - core.data_fetcher - INFO - Fetching AAPL - 2m (attempt 2/3)
2026-02-01 13:26:44,275 - core.data_fetcher - WARNING - AAPL 2m: Only 0 rows (expected >= 20)
2026-02-01 13:26:44,275 - core.data_fetcher - WARNING - Data quality check failed for AAPL at 2m
2026-02-01 13:26:46,276 - core.data_fetcher - INFO - Fetching AAPL - 2m (attempt 3/3)
2026-02-01 13:26:46,408 - core.data_fetcher - WARNING - AAPL 2m: Only 0 rows (expected >= 20)
2026-02-01 13:26:46,409 - core.data_fetcher - WARNING - Data quality check failed for AAPL at 2m
2026-02-01 13:26:46,409 - core.data_fetcher - INFO - [OK] Successfully fetched 0 rows for AAPL at 2m
2026-02-01 13:26:46,410 - core.data_fetcher - INFO - Fetching AAPL - 1m (attempt 1/3)
2026-02-01 13:26:46,532 - core.data_fetcher - WARNING - AAPL 1m: Only 0 rows (expected >= 30)
2026-02-01 13:26:46,534 - core.data_fetcher - WARNING - Data quality check failed for AAPL at 1m
2026-02-01 13:26:48,535 - core.data_fetcher - INFO - Fetching AAPL - 1m (attempt 2/3)
2026-02-01 13:26:48,625 - core.data_fetcher - WARNING - AAPL 1m: Only 0 rows (expected >= 30)
2026-02-01 13:26:48,625 - core.data_fetcher - WARNING - Data quality check failed for AAPL at 1m
2026-02-01 13:26:50,627 - core.data_fetcher - INFO - Fetching AAPL - 1m (attempt 3/3)
2026-02-01 13:26:50,773 - core.data_fetcher - WARNING - AAPL 1m: Only 0 rows (expected >= 30)
2026-02-01 13:26:50,773 - core.data_fetcher - WARNING - Data quality check failed for AAPL at 1m
2026-02-01 13:26:50,775 - core.data_fetcher - INFO - [OK] Successfully fetched 0 rows for AAPL at 1m
2026-02-01 13:26:51,780 - core.data_storage - INFO - 
Saving all timeframes for AAPL
2026-02-01 13:26:51,794 - core.data_storage - INFO - [OK] Saved AAPL 4h to .\data/raw\AAPL\AAPL_4h_20260201.csv (118 rows)
2026-02-01 13:26:51,840 - core.data_storage - INFO - Metadata saved to .\data/metadata.json
2026-02-01 13:26:51,848 - core.data_storage - INFO - [OK] Saved AAPL 1d to .\data/raw\AAPL\AAPL_1d_20260201.csv (345 rows)
2026-02-01 13:26:51,893 - core.data_storage - INFO - Metadata saved to .\data/metadata.json
2026-02-01 13:26:51,899 - core.data_storage - INFO - [OK] Saved AAPL 1wk to .\data/raw\AAPL\AAPL_1wk_20260201.csv (104 rows)
2026-02-01 13:26:51,938 - core.data_storage - INFO - Metadata saved to .\data/metadata.json
2026-02-01 13:26:51,942 - core.data_storage - INFO - [OK] Saved AAPL 1mo to .\data/raw\AAPL\AAPL_1mo_20260201.csv (59 rows)
2026-02-01 13:26:51,978 - core.data_storage - INFO - Metadata saved to .\data/metadata.json
2026-02-01 13:26:51,981 - core.data_storage - INFO - [OK] Saved AAPL 3mo to .\data/raw\AAPL\AAPL_3mo_20260201.csv (20 rows)
2026-02-01 13:26:52,015 - core.data_storage - INFO - Metadata saved to .\data/metadata.json
2026-02-01 13:26:52,022 - core.data_storage - INFO - [OK] Saved AAPL 1h to .\data/raw\AAPL\AAPL_1h_20260201.csv (276 rows)
2026-02-01 13:26:52,063 - core.data_storage - INFO - Metadata saved to .\data/metadata.json
2026-02-01 13:26:52,071 - core.data_storage - INFO - [OK] Saved AAPL 30m to .\data/raw\AAPL\AAPL_30m_20260201.csv (260 rows)
2026-02-01 13:26:52,108 - core.data_storage - INFO - Metadata saved to .\data/metadata.json
2026-02-01 13:26:52,118 - core.data_storage - INFO - [OK] Saved AAPL 15m to .\data/raw\AAPL\AAPL_15m_20260201.csv (520 rows)
2026-02-01 13:26:52,162 - core.data_storage - INFO - Metadata saved to .\data/metadata.json
2026-02-01 13:26:52,204 - core.data_storage - INFO - [OK] Saved AAPL 5m to .\data/raw\AAPL\AAPL_5m_20260201.csv (312 rows)
2026-02-01 13:26:52,247 - core.data_storage - INFO - Metadata saved to .\data/metadata.json
2026-02-01 13:26:52,247 - core.data_storage - INFO - 
============================================================
2026-02-01 13:26:52,247 - core.data_storage - INFO - SAVE SUMMARY:
2026-02-01 13:26:52,248 - core.data_storage - INFO - Saved 9/12 files
2026-02-01 13:26:52,248 - core.data_storage - INFO - Success rate: 75.0%
2026-02-01 13:26:52,248 - core.data_storage - INFO - ============================================================
2026-02-01 13:26:52,249 - core.news_fetcher - INFO - Fetching news for AAPL...
2026-02-01 13:26:52,475 - core.data_storage - INFO - [OK] Saved 10 news articles for AAPL to .\data\news\AAPL_news.json
2026-02-01 13:26:52,476 - root - ERROR - Pipeline failed: 'charmap' codec can't encode character '\u2717' in position 0: character maps to <undefined>
Traceback (most recent call last):
  File "C:\Users\ahmty\Desktop\finAdvice\algotrade_datascience\main_data_pipeline.py", line 160, in run_pipeline
    print(f"✓ ({len(news_df_limited)} articles)")
  File "C:\Program Files\WindowsApps\PythonSoftwareFoundation.Python.3.11_3.11.2544.0_x64__qbz5n2kfra8p0\Lib\encodings\cp1252.py", line 19, in encode
    return codecs.charmap_encode(input,self.errors,encoding_table)[0]
           ^^^^^^^^^^^^^^^^^^^^^^^^^^^^^^^^^^^^^^^^^^^^^^^^^^^^^^^
UnicodeEncodeError: 'charmap' codec can't encode character '\u2713' in position 0: character maps to <undefined>

During handling of the above exception, another exception occurred:

Traceback (most recent call last):
  File "C:\Users\ahmty\Desktop\finAdvice\algotrade_datascience\main_data_pipeline.py", line 236, in main
    run_pipeline(
  File "C:\Users\ahmty\Desktop\finAdvice\algotrade_datascience\main_data_pipeline.py", line 168, in run_pipeline
    print(f"✗ (error: {e})")
  File "C:\Program Files\WindowsApps\PythonSoftwareFoundation.Python.3.11_3.11.2544.0_x64__qbz5n2kfra8p0\Lib\encodings\cp1252.py", line 19, in encode
    return codecs.charmap_encode(input,self.errors,encoding_table)[0]
           ^^^^^^^^^^^^^^^^^^^^^^^^^^^^^^^^^^^^^^^^^^^^^^^^^^^^^^^
UnicodeEncodeError: 'charmap' codec can't encode character '\u2717' in position 0: character maps to <undefined>
2026-02-01 13:55:05,381 - core.ticker_selector - INFO - Manual tickers set: ['AAPL']
2026-02-01 13:55:06,285 - core.ticker_selector - INFO - [OK] Valid ticker: AAPL
2026-02-01 13:55:06,285 - core.ticker_selector - INFO - Validation complete: 1/1 tickers valid
2026-02-01 13:55:06,287 - core.data_fetcher - INFO - 
============================================================
2026-02-01 13:55:06,287 - core.data_fetcher - INFO - Fetching all timeframes for AAPL
2026-02-01 13:55:06,288 - core.data_fetcher - INFO - ============================================================
2026-02-01 13:55:06,289 - core.data_fetcher - INFO - Fetching AAPL - 4h (attempt 1/3)
2026-02-01 13:55:07,450 - core.data_fetcher - INFO - Resampling hourly data to 4-hour intervals
2026-02-01 13:55:07,517 - core.data_fetcher - INFO - [OK] Successfully fetched 118 rows for AAPL at 4h
2026-02-01 13:55:07,518 - core.data_fetcher - INFO - Fetching AAPL - 1d (attempt 1/3)
2026-02-01 13:55:07,922 - core.data_fetcher - INFO - [OK] Successfully fetched 345 rows for AAPL at 1d
2026-02-01 13:55:07,922 - core.data_fetcher - INFO - Fetching AAPL - 1wk (attempt 1/3)
2026-02-01 13:55:08,272 - core.data_fetcher - INFO - [OK] Successfully fetched 104 rows for AAPL at 1wk
2026-02-01 13:55:08,274 - core.data_fetcher - INFO - Fetching AAPL - 1mo (attempt 1/3)
2026-02-01 13:55:08,603 - core.data_fetcher - INFO - [OK] Successfully fetched 59 rows for AAPL at 1mo
2026-02-01 13:55:08,604 - core.data_fetcher - INFO - Fetching AAPL - 3mo (attempt 1/3)
2026-02-01 13:55:08,957 - core.data_fetcher - INFO - [OK] Successfully fetched 20 rows for AAPL at 3mo
2026-02-01 13:55:08,957 - core.data_fetcher - INFO - Fetching AAPL - 1h (attempt 1/3)
2026-02-01 13:55:09,302 - core.data_fetcher - INFO - [OK] Successfully fetched 276 rows for AAPL at 1h
2026-02-01 13:55:09,303 - core.data_fetcher - INFO - Fetching AAPL - 30m (attempt 1/3)
2026-02-01 13:55:09,702 - core.data_fetcher - INFO - [OK] Successfully fetched 260 rows for AAPL at 30m
2026-02-01 13:55:09,702 - core.data_fetcher - INFO - Fetching AAPL - 15m (attempt 1/3)
2026-02-01 13:55:10,077 - core.data_fetcher - INFO - [OK] Successfully fetched 520 rows for AAPL at 15m
2026-02-01 13:55:10,078 - core.data_fetcher - INFO - Fetching AAPL - 5m (attempt 1/3)
2026-02-01 13:55:10,439 - core.data_fetcher - INFO - [OK] Successfully fetched 312 rows for AAPL at 5m
2026-02-01 13:55:10,441 - core.data_fetcher - INFO - Fetching AAPL - 3m (attempt 1/3)
2026-02-01 13:55:10,703 - core.data_fetcher - INFO - Resampling 1-minute data to 3-minute intervals
2026-02-01 13:55:10,726 - core.data_fetcher - WARNING - AAPL 3m: Only 0 rows (expected >= 15)
2026-02-01 13:55:10,726 - core.data_fetcher - WARNING - Data quality check failed for AAPL at 3m
2026-02-01 13:55:12,729 - core.data_fetcher - INFO - Fetching AAPL - 3m (attempt 2/3)
2026-02-01 13:55:13,112 - core.data_fetcher - INFO - Resampling 1-minute data to 3-minute intervals
2026-02-01 13:55:13,134 - core.data_fetcher - WARNING - AAPL 3m: Only 0 rows (expected >= 15)
2026-02-01 13:55:13,135 - core.data_fetcher - WARNING - Data quality check failed for AAPL at 3m
2026-02-01 13:55:15,136 - core.data_fetcher - INFO - Fetching AAPL - 3m (attempt 3/3)
2026-02-01 13:55:15,449 - core.data_fetcher - INFO - Resampling 1-minute data to 3-minute intervals
2026-02-01 13:55:15,472 - core.data_fetcher - WARNING - AAPL 3m: Only 0 rows (expected >= 15)
2026-02-01 13:55:15,472 - core.data_fetcher - WARNING - Data quality check failed for AAPL at 3m
2026-02-01 13:55:15,483 - core.data_fetcher - INFO - [OK] Successfully fetched 0 rows for AAPL at 3m
2026-02-01 13:55:15,484 - core.data_fetcher - INFO - Fetching AAPL - 2m (attempt 1/3)
2026-02-01 13:55:15,756 - core.data_fetcher - WARNING - AAPL 2m: Only 0 rows (expected >= 20)
2026-02-01 13:55:15,757 - core.data_fetcher - WARNING - Data quality check failed for AAPL at 2m
2026-02-01 13:55:17,759 - core.data_fetcher - INFO - Fetching AAPL - 2m (attempt 2/3)
2026-02-01 13:55:17,990 - core.data_fetcher - WARNING - AAPL 2m: Only 0 rows (expected >= 20)
2026-02-01 13:55:17,993 - core.data_fetcher - WARNING - Data quality check failed for AAPL at 2m
2026-02-01 13:55:19,995 - core.data_fetcher - INFO - Fetching AAPL - 2m (attempt 3/3)
2026-02-01 13:55:20,223 - core.data_fetcher - WARNING - AAPL 2m: Only 0 rows (expected >= 20)
2026-02-01 13:55:20,225 - core.data_fetcher - WARNING - Data quality check failed for AAPL at 2m
2026-02-01 13:55:20,231 - core.data_fetcher - INFO - [OK] Successfully fetched 0 rows for AAPL at 2m
2026-02-01 13:55:20,231 - core.data_fetcher - INFO - Fetching AAPL - 1m (attempt 1/3)
2026-02-01 13:55:20,439 - core.data_fetcher - WARNING - AAPL 1m: Only 0 rows (expected >= 30)
2026-02-01 13:55:20,439 - core.data_fetcher - WARNING - Data quality check failed for AAPL at 1m
2026-02-01 13:55:22,440 - core.data_fetcher - INFO - Fetching AAPL - 1m (attempt 2/3)
2026-02-01 13:55:22,810 - core.data_fetcher - WARNING - AAPL 1m: Only 0 rows (expected >= 30)
2026-02-01 13:55:22,811 - core.data_fetcher - WARNING - Data quality check failed for AAPL at 1m
2026-02-01 13:55:24,812 - core.data_fetcher - INFO - Fetching AAPL - 1m (attempt 3/3)
2026-02-01 13:55:25,055 - core.data_fetcher - WARNING - AAPL 1m: Only 0 rows (expected >= 30)
2026-02-01 13:55:25,057 - core.data_fetcher - WARNING - Data quality check failed for AAPL at 1m
2026-02-01 13:55:25,065 - core.data_fetcher - INFO - [OK] Successfully fetched 0 rows for AAPL at 1m
2026-02-01 13:55:26,091 - core.data_storage - INFO - 
Saving all timeframes for AAPL
2026-02-01 13:55:26,136 - core.data_storage - INFO - [OK] Saved AAPL 4h to .\data/raw\AAPL\AAPL_4h_20260201.csv (118 rows)
2026-02-01 13:55:26,288 - core.data_storage - INFO - Metadata saved to .\data/metadata.json
2026-02-01 13:55:26,320 - core.data_storage - INFO - [OK] Saved AAPL 1d to .\data/raw\AAPL\AAPL_1d_20260201.csv (345 rows)
2026-02-01 13:55:26,461 - core.data_storage - INFO - Metadata saved to .\data/metadata.json
2026-02-01 13:55:26,479 - core.data_storage - INFO - [OK] Saved AAPL 1wk to .\data/raw\AAPL\AAPL_1wk_20260201.csv (104 rows)
2026-02-01 13:55:26,599 - core.data_storage - INFO - Metadata saved to .\data/metadata.json
2026-02-01 13:55:26,613 - core.data_storage - INFO - [OK] Saved AAPL 1mo to .\data/raw\AAPL\AAPL_1mo_20260201.csv (59 rows)
2026-02-01 13:55:26,734 - core.data_storage - INFO - Metadata saved to .\data/metadata.json
2026-02-01 13:55:26,747 - core.data_storage - INFO - [OK] Saved AAPL 3mo to .\data/raw\AAPL\AAPL_3mo_20260201.csv (20 rows)
2026-02-01 13:55:26,856 - core.data_storage - INFO - Metadata saved to .\data/metadata.json
2026-02-01 13:55:26,887 - core.data_storage - INFO - [OK] Saved AAPL 1h to .\data/raw\AAPL\AAPL_1h_20260201.csv (276 rows)
2026-02-01 13:55:26,998 - core.data_storage - INFO - Metadata saved to .\data/metadata.json
2026-02-01 13:55:27,026 - core.data_storage - INFO - [OK] Saved AAPL 30m to .\data/raw\AAPL\AAPL_30m_20260201.csv (260 rows)
2026-02-01 13:55:27,146 - core.data_storage - INFO - Metadata saved to .\data/metadata.json
2026-02-01 13:55:27,195 - core.data_storage - INFO - [OK] Saved AAPL 15m to .\data/raw\AAPL\AAPL_15m_20260201.csv (520 rows)
2026-02-01 13:55:27,319 - core.data_storage - INFO - Metadata saved to .\data/metadata.json
2026-02-01 13:55:27,451 - core.data_storage - INFO - [OK] Saved AAPL 5m to .\data/raw\AAPL\AAPL_5m_20260201.csv (312 rows)
2026-02-01 13:55:27,590 - core.data_storage - INFO - Metadata saved to .\data/metadata.json
2026-02-01 13:55:27,591 - core.data_storage - INFO - 
============================================================
2026-02-01 13:55:27,592 - core.data_storage - INFO - SAVE SUMMARY:
2026-02-01 13:55:27,592 - core.data_storage - INFO - Saved 9/12 files
2026-02-01 13:55:27,592 - core.data_storage - INFO - Success rate: 75.0%
2026-02-01 13:55:27,593 - core.data_storage - INFO - ============================================================
2026-02-01 13:55:27,597 - core.news_fetcher - INFO - Fetching news for AAPL...
2026-02-01 13:55:27,890 - core.data_storage - INFO - [OK] Saved 10 news articles for AAPL to .\data\news\AAPL_news.json
2026-02-01 13:55:27,891 - root - ERROR - Pipeline failed: 'charmap' codec can't encode character '\u2717' in position 0: character maps to <undefined>
Traceback (most recent call last):
  File "C:\Users\ahmty\Desktop\finAdvice\algotrade_datascience\main_data_pipeline.py", line 160, in run_pipeline
    print(f"✓ ({len(news_df_limited)} articles)")
  File "C:\Program Files\WindowsApps\PythonSoftwareFoundation.Python.3.11_3.11.2544.0_x64__qbz5n2kfra8p0\Lib\encodings\cp1252.py", line 19, in encode
    return codecs.charmap_encode(input,self.errors,encoding_table)[0]
           ^^^^^^^^^^^^^^^^^^^^^^^^^^^^^^^^^^^^^^^^^^^^^^^^^^^^^^^
UnicodeEncodeError: 'charmap' codec can't encode character '\u2713' in position 0: character maps to <undefined>

During handling of the above exception, another exception occurred:

Traceback (most recent call last):
  File "C:\Users\ahmty\Desktop\finAdvice\algotrade_datascience\main_data_pipeline.py", line 236, in main
    run_pipeline(
  File "C:\Users\ahmty\Desktop\finAdvice\algotrade_datascience\main_data_pipeline.py", line 168, in run_pipeline
    print(f"✗ (error: {e})")
  File "C:\Program Files\WindowsApps\PythonSoftwareFoundation.Python.3.11_3.11.2544.0_x64__qbz5n2kfra8p0\Lib\encodings\cp1252.py", line 19, in encode
    return codecs.charmap_encode(input,self.errors,encoding_table)[0]
           ^^^^^^^^^^^^^^^^^^^^^^^^^^^^^^^^^^^^^^^^^^^^^^^^^^^^^^^
UnicodeEncodeError: 'charmap' codec can't encode character '\u2717' in position 0: character maps to <undefined>
2026-02-01 13:57:00,386 - core.ticker_selector - INFO - Manual tickers set: ['BTC-EUR']
2026-02-01 13:57:01,108 - core.ticker_selector - INFO - [OK] Valid ticker: BTC-EUR
2026-02-01 13:57:01,108 - core.ticker_selector - INFO - Validation complete: 1/1 tickers valid
2026-02-01 13:57:01,109 - core.data_fetcher - INFO - 
============================================================
2026-02-01 13:57:01,109 - core.data_fetcher - INFO - Fetching all timeframes for BTC-EUR
2026-02-01 13:57:01,111 - core.data_fetcher - INFO - ============================================================
2026-02-01 13:57:01,111 - core.data_fetcher - INFO - Fetching BTC-EUR - 4h (attempt 1/3)
2026-02-01 13:57:01,536 - core.data_fetcher - INFO - Resampling hourly data to 4-hour intervals
2026-02-01 13:57:01,573 - core.data_fetcher - INFO - [OK] Successfully fetched 360 rows for BTC-EUR at 4h
2026-02-01 13:57:01,574 - core.data_fetcher - INFO - Fetching BTC-EUR - 1d (attempt 1/3)
2026-02-01 13:57:01,854 - core.data_fetcher - INFO - [OK] Successfully fetched 504 rows for BTC-EUR at 1d
2026-02-01 13:57:01,855 - core.data_fetcher - INFO - Fetching BTC-EUR - 1wk (attempt 1/3)
2026-02-01 13:57:02,111 - core.data_fetcher - INFO - [OK] Successfully fetched 104 rows for BTC-EUR at 1wk
2026-02-01 13:57:02,112 - core.data_fetcher - INFO - Fetching BTC-EUR - 1mo (attempt 1/3)
2026-02-01 13:57:02,359 - core.data_fetcher - INFO - [OK] Successfully fetched 60 rows for BTC-EUR at 1mo
2026-02-01 13:57:02,360 - core.data_fetcher - INFO - Fetching BTC-EUR - 3mo (attempt 1/3)
2026-02-01 13:57:02,643 - core.data_fetcher - INFO - [OK] Successfully fetched 20 rows for BTC-EUR at 3mo
2026-02-01 13:57:02,645 - core.data_fetcher - INFO - Fetching BTC-EUR - 1h (attempt 1/3)
2026-02-01 13:57:03,016 - core.data_fetcher - WARNING - BTC-EUR 1h: 51.2% rows have zero volume
2026-02-01 13:57:03,031 - core.data_fetcher - INFO - [OK] Successfully fetched 1440 rows for BTC-EUR at 1h
2026-02-01 13:57:03,032 - core.data_fetcher - INFO - Fetching BTC-EUR - 30m (attempt 1/3)
2026-02-01 13:57:03,636 - core.data_fetcher - INFO - [OK] Successfully fetched 1440 rows for BTC-EUR at 30m
2026-02-01 13:57:03,638 - core.data_fetcher - INFO - Fetching BTC-EUR - 15m (attempt 1/3)
2026-02-01 13:57:03,986 - core.data_fetcher - INFO - [OK] Successfully fetched 2880 rows for BTC-EUR at 15m
2026-02-01 13:57:03,987 - core.data_fetcher - INFO - Fetching BTC-EUR - 5m (attempt 1/3)
2026-02-01 13:57:04,331 - core.data_fetcher - WARNING - BTC-EUR 5m: 48.2% rows have zero volume
2026-02-01 13:57:04,344 - core.data_fetcher - INFO - [OK] Successfully fetched 1308 rows for BTC-EUR at 5m
2026-02-01 13:57:04,344 - core.data_fetcher - INFO - Fetching BTC-EUR - 3m (attempt 1/3)
2026-02-01 13:57:04,655 - core.data_fetcher - INFO - Resampling 1-minute data to 3-minute intervals
2026-02-01 13:57:04,688 - core.data_fetcher - INFO - [OK] Successfully fetched 19 rows for BTC-EUR at 3m
2026-02-01 13:57:04,690 - core.data_fetcher - INFO - Fetching BTC-EUR - 2m (attempt 1/3)
2026-02-01 13:57:05,036 - core.data_fetcher - WARNING - BTC-EUR 2m: 31.0% rows have zero volume
2026-02-01 13:57:05,044 - core.data_fetcher - INFO - [OK] Successfully fetched 29 rows for BTC-EUR at 2m
2026-02-01 13:57:05,044 - core.data_fetcher - INFO - Fetching BTC-EUR - 1m (attempt 1/3)
2026-02-01 13:57:05,343 - core.data_fetcher - WARNING - BTC-EUR 1m: 54.0% rows have zero volume
2026-02-01 13:57:05,349 - core.data_fetcher - INFO - [OK] Successfully fetched 50 rows for BTC-EUR at 1m
2026-02-01 13:57:06,362 - core.data_storage - INFO - 
Saving all timeframes for BTC-EUR
2026-02-01 13:57:06,423 - core.data_storage - INFO - [OK] Saved BTC-EUR 4h to .\data/raw\BTC-EUR\BTC-EUR_4h_20260201.csv (360 rows)
2026-02-01 13:57:06,560 - core.data_storage - INFO - Metadata saved to .\data/metadata.json
2026-02-01 13:57:06,589 - core.data_storage - INFO - [OK] Saved BTC-EUR 1d to .\data/raw\BTC-EUR\BTC-EUR_1d_20260201.csv (504 rows)
2026-02-01 13:57:06,715 - core.data_storage - INFO - Metadata saved to .\data/metadata.json
2026-02-01 13:57:06,734 - core.data_storage - INFO - [OK] Saved BTC-EUR 1wk to .\data/raw\BTC-EUR\BTC-EUR_1wk_20260201.csv (104 rows)
2026-02-01 13:57:06,859 - core.data_storage - INFO - Metadata saved to .\data/metadata.json
2026-02-01 13:57:06,876 - core.data_storage - INFO - [OK] Saved BTC-EUR 1mo to .\data/raw\BTC-EUR\BTC-EUR_1mo_20260201.csv (60 rows)
2026-02-01 13:57:06,987 - core.data_storage - INFO - Metadata saved to .\data/metadata.json
2026-02-01 13:57:07,000 - core.data_storage - INFO - [OK] Saved BTC-EUR 3mo to .\data/raw\BTC-EUR\BTC-EUR_3mo_20260201.csv (20 rows)
2026-02-01 13:57:07,109 - core.data_storage - INFO - Metadata saved to .\data/metadata.json
2026-02-01 13:57:07,188 - core.data_storage - INFO - [OK] Saved BTC-EUR 1h to .\data/raw\BTC-EUR\BTC-EUR_1h_20260201.csv (1440 rows)
2026-02-01 13:57:07,371 - core.data_storage - INFO - Metadata saved to .\data/metadata.json
2026-02-01 13:57:07,469 - core.data_storage - INFO - [OK] Saved BTC-EUR 30m to .\data/raw\BTC-EUR\BTC-EUR_30m_20260201.csv (1440 rows)
2026-02-01 13:57:07,603 - core.data_storage - INFO - Metadata saved to .\data/metadata.json
2026-02-01 13:57:07,790 - core.data_storage - INFO - [OK] Saved BTC-EUR 15m to .\data/raw\BTC-EUR\BTC-EUR_15m_20260201.csv (2880 rows)
2026-02-01 13:57:08,136 - core.data_storage - INFO - Metadata saved to .\data/metadata.json
2026-02-01 13:57:08,225 - core.data_storage - INFO - [OK] Saved BTC-EUR 5m to .\data/raw\BTC-EUR\BTC-EUR_5m_20260201.csv (1308 rows)
2026-02-01 13:57:08,356 - core.data_storage - INFO - Metadata saved to .\data/metadata.json
2026-02-01 13:57:08,373 - core.data_storage - INFO - [OK] Saved BTC-EUR 3m to .\data/raw\BTC-EUR\BTC-EUR_3m_20260201.csv (19 rows)
2026-02-01 13:57:08,475 - core.data_storage - INFO - Metadata saved to .\data/metadata.json
2026-02-01 13:57:08,491 - core.data_storage - INFO - [OK] Saved BTC-EUR 2m to .\data/raw\BTC-EUR\BTC-EUR_2m_20260201.csv (29 rows)
2026-02-01 13:57:08,588 - core.data_storage - INFO - Metadata saved to .\data/metadata.json
2026-02-01 13:57:08,603 - core.data_storage - INFO - [OK] Saved BTC-EUR 1m to .\data/raw\BTC-EUR\BTC-EUR_1m_20260201.csv (50 rows)
2026-02-01 13:57:08,700 - core.data_storage - INFO - Metadata saved to .\data/metadata.json
2026-02-01 13:57:08,700 - core.data_storage - INFO - 
============================================================
2026-02-01 13:57:08,701 - core.data_storage - INFO - SAVE SUMMARY:
2026-02-01 13:57:08,701 - core.data_storage - INFO - Saved 12/12 files
2026-02-01 13:57:08,702 - core.data_storage - INFO - Success rate: 100.0%
2026-02-01 13:57:08,702 - core.data_storage - INFO - ============================================================
2026-02-01 13:57:08,705 - core.news_fetcher - INFO - Fetching news for BTC-EUR...
2026-02-01 13:57:08,960 - core.data_storage - INFO - [OK] Saved 7 news articles for BTC-EUR to .\data\news\BTC-EUR_news.json
2026-02-01 13:57:08,962 - root - ERROR - Pipeline failed: 'charmap' codec can't encode character '\u2717' in position 0: character maps to <undefined>
Traceback (most recent call last):
  File "C:\Users\ahmty\Desktop\finAdvice\algotrade_datascience\main_data_pipeline.py", line 160, in run_pipeline
    print(f"✓ ({len(news_df_limited)} articles)")
  File "C:\Program Files\WindowsApps\PythonSoftwareFoundation.Python.3.11_3.11.2544.0_x64__qbz5n2kfra8p0\Lib\encodings\cp1252.py", line 19, in encode
    return codecs.charmap_encode(input,self.errors,encoding_table)[0]
           ^^^^^^^^^^^^^^^^^^^^^^^^^^^^^^^^^^^^^^^^^^^^^^^^^^^^^^^
UnicodeEncodeError: 'charmap' codec can't encode character '\u2713' in position 0: character maps to <undefined>

During handling of the above exception, another exception occurred:

Traceback (most recent call last):
  File "C:\Users\ahmty\Desktop\finAdvice\algotrade_datascience\main_data_pipeline.py", line 236, in main
    run_pipeline(
  File "C:\Users\ahmty\Desktop\finAdvice\algotrade_datascience\main_data_pipeline.py", line 168, in run_pipeline
    print(f"✗ (error: {e})")
  File "C:\Program Files\WindowsApps\PythonSoftwareFoundation.Python.3.11_3.11.2544.0_x64__qbz5n2kfra8p0\Lib\encodings\cp1252.py", line 19, in encode
    return codecs.charmap_encode(input,self.errors,encoding_table)[0]
           ^^^^^^^^^^^^^^^^^^^^^^^^^^^^^^^^^^^^^^^^^^^^^^^^^^^^^^^
UnicodeEncodeError: 'charmap' codec can't encode character '\u2717' in position 0: character maps to <undefined>
2026-02-01 14:29:03,249 - core.ticker_selector - INFO - Manual tickers set: ['BTC-EUR']
2026-02-01 14:29:03,899 - core.ticker_selector - INFO - [OK] Valid ticker: BTC-EUR
2026-02-01 14:29:03,899 - core.ticker_selector - INFO - Validation complete: 1/1 tickers valid
2026-02-01 14:29:03,899 - core.data_fetcher - INFO - 
============================================================
2026-02-01 14:29:03,899 - core.data_fetcher - INFO - Fetching all timeframes for BTC-EUR
2026-02-01 14:29:03,899 - core.data_fetcher - INFO - ============================================================
2026-02-01 14:29:03,899 - core.data_fetcher - INFO - Fetching BTC-EUR - 4h (attempt 1/3)
2026-02-01 14:29:04,213 - core.data_fetcher - INFO - Resampling hourly data to 4-hour intervals
2026-02-01 14:29:04,252 - core.data_fetcher - INFO - [OK] Successfully fetched 360 rows for BTC-EUR at 4h
2026-02-01 14:29:04,252 - core.data_fetcher - INFO - Fetching BTC-EUR - 1d (attempt 1/3)
2026-02-01 14:29:04,499 - core.data_fetcher - INFO - [OK] Successfully fetched 504 rows for BTC-EUR at 1d
2026-02-01 14:29:04,499 - core.data_fetcher - INFO - Fetching BTC-EUR - 1wk (attempt 1/3)
2026-02-01 14:29:04,898 - core.data_fetcher - INFO - [OK] Successfully fetched 104 rows for BTC-EUR at 1wk
2026-02-01 14:29:04,900 - core.data_fetcher - INFO - Fetching BTC-EUR - 1mo (attempt 1/3)
2026-02-01 14:29:05,351 - core.data_fetcher - INFO - [OK] Successfully fetched 60 rows for BTC-EUR at 1mo
2026-02-01 14:29:05,352 - core.data_fetcher - INFO - Fetching BTC-EUR - 3mo (attempt 1/3)
2026-02-01 14:29:05,728 - core.data_fetcher - INFO - [OK] Successfully fetched 20 rows for BTC-EUR at 3mo
2026-02-01 14:29:05,728 - core.data_fetcher - INFO - Fetching BTC-EUR - 1h (attempt 1/3)
2026-02-01 14:29:06,057 - core.data_fetcher - WARNING - BTC-EUR 1h: 51.2% rows have zero volume
2026-02-01 14:29:06,068 - core.data_fetcher - INFO - [OK] Successfully fetched 1440 rows for BTC-EUR at 1h
2026-02-01 14:29:06,068 - core.data_fetcher - INFO - Fetching BTC-EUR - 30m (attempt 1/3)
2026-02-01 14:29:06,564 - core.data_fetcher - INFO - [OK] Successfully fetched 1440 rows for BTC-EUR at 30m
2026-02-01 14:29:06,565 - core.data_fetcher - INFO - Fetching BTC-EUR - 15m (attempt 1/3)
2026-02-01 14:29:07,010 - core.data_fetcher - INFO - [OK] Successfully fetched 2880 rows for BTC-EUR at 15m
2026-02-01 14:29:07,011 - core.data_fetcher - INFO - Fetching BTC-EUR - 5m (attempt 1/3)
2026-02-01 14:29:07,298 - core.data_fetcher - WARNING - BTC-EUR 5m: 48.0% rows have zero volume
2026-02-01 14:29:07,302 - core.data_fetcher - INFO - [OK] Successfully fetched 1314 rows for BTC-EUR at 5m
2026-02-01 14:29:07,302 - core.data_fetcher - INFO - Fetching BTC-EUR - 3m (attempt 1/3)
2026-02-01 14:29:07,464 - core.data_fetcher - INFO - Resampling 1-minute data to 3-minute intervals
2026-02-01 14:29:07,471 - core.data_fetcher - INFO - [OK] Successfully fetched 20 rows for BTC-EUR at 3m
2026-02-01 14:29:07,471 - core.data_fetcher - INFO - Fetching BTC-EUR - 2m (attempt 1/3)
2026-02-01 14:29:07,610 - core.data_fetcher - WARNING - BTC-EUR 2m: 31.0% rows have zero volume
2026-02-01 14:29:07,614 - core.data_fetcher - INFO - [OK] Successfully fetched 29 rows for BTC-EUR at 2m
2026-02-01 14:29:07,614 - core.data_fetcher - INFO - Fetching BTC-EUR - 1m (attempt 1/3)
2026-02-01 14:29:07,743 - core.data_fetcher - WARNING - BTC-EUR 1m: 54.0% rows have zero volume
2026-02-01 14:29:07,743 - core.data_fetcher - INFO - [OK] Successfully fetched 50 rows for BTC-EUR at 1m
2026-02-01 14:29:08,750 - core.data_storage - INFO - 
Saving all timeframes for BTC-EUR
2026-02-01 14:29:08,763 - core.data_storage - INFO - [OK] Saved BTC-EUR 4h to .\data/raw\BTC-EUR\BTC-EUR_4h_20260201.csv (360 rows)
2026-02-01 14:29:08,810 - core.data_storage - INFO - Metadata saved to .\data/metadata.json
2026-02-01 14:29:08,817 - core.data_storage - INFO - [OK] Saved BTC-EUR 1d to .\data/raw\BTC-EUR\BTC-EUR_1d_20260201.csv (504 rows)
2026-02-01 14:29:08,864 - core.data_storage - INFO - Metadata saved to .\data/metadata.json
2026-02-01 14:29:08,869 - core.data_storage - INFO - [OK] Saved BTC-EUR 1wk to .\data/raw\BTC-EUR\BTC-EUR_1wk_20260201.csv (104 rows)
2026-02-01 14:29:08,913 - core.data_storage - INFO - Metadata saved to .\data/metadata.json
2026-02-01 14:29:08,916 - core.data_storage - INFO - [OK] Saved BTC-EUR 1mo to .\data/raw\BTC-EUR\BTC-EUR_1mo_20260201.csv (60 rows)
2026-02-01 14:29:08,955 - core.data_storage - INFO - Metadata saved to .\data/metadata.json
2026-02-01 14:29:08,957 - core.data_storage - INFO - [OK] Saved BTC-EUR 3mo to .\data/raw\BTC-EUR\BTC-EUR_3mo_20260201.csv (20 rows)
2026-02-01 14:29:08,994 - core.data_storage - INFO - Metadata saved to .\data/metadata.json
2026-02-01 14:29:09,016 - core.data_storage - INFO - [OK] Saved BTC-EUR 1h to .\data/raw\BTC-EUR\BTC-EUR_1h_20260201.csv (1440 rows)
2026-02-01 14:29:09,064 - core.data_storage - INFO - Metadata saved to .\data/metadata.json
2026-02-01 14:29:09,080 - core.data_storage - INFO - [OK] Saved BTC-EUR 30m to .\data/raw\BTC-EUR\BTC-EUR_30m_20260201.csv (1440 rows)
2026-02-01 14:29:09,126 - core.data_storage - INFO - Metadata saved to .\data/metadata.json
2026-02-01 14:29:09,156 - core.data_storage - INFO - [OK] Saved BTC-EUR 15m to .\data/raw\BTC-EUR\BTC-EUR_15m_20260201.csv (2880 rows)
2026-02-01 14:29:09,205 - core.data_storage - INFO - Metadata saved to .\data/metadata.json
2026-02-01 14:29:09,219 - core.data_storage - INFO - [OK] Saved BTC-EUR 5m to .\data/raw\BTC-EUR\BTC-EUR_5m_20260201.csv (1314 rows)
2026-02-01 14:29:09,271 - core.data_storage - INFO - Metadata saved to .\data/metadata.json
2026-02-01 14:29:09,277 - core.data_storage - INFO - [OK] Saved BTC-EUR 3m to .\data/raw\BTC-EUR\BTC-EUR_3m_20260201.csv (20 rows)
2026-02-01 14:29:09,322 - core.data_storage - INFO - Metadata saved to .\data/metadata.json
2026-02-01 14:29:09,326 - core.data_storage - INFO - [OK] Saved BTC-EUR 2m to .\data/raw\BTC-EUR\BTC-EUR_2m_20260201.csv (29 rows)
2026-02-01 14:29:09,370 - core.data_storage - INFO - Metadata saved to .\data/metadata.json
2026-02-01 14:29:09,375 - core.data_storage - INFO - [OK] Saved BTC-EUR 1m to .\data/raw\BTC-EUR\BTC-EUR_1m_20260201.csv (50 rows)
2026-02-01 14:29:09,416 - core.data_storage - INFO - Metadata saved to .\data/metadata.json
2026-02-01 14:29:09,416 - core.data_storage - INFO - 
============================================================
2026-02-01 14:29:09,416 - core.data_storage - INFO - SAVE SUMMARY:
2026-02-01 14:29:09,416 - core.data_storage - INFO - Saved 12/12 files
2026-02-01 14:29:09,417 - core.data_storage - INFO - Success rate: 100.0%
2026-02-01 14:29:09,417 - core.data_storage - INFO - ============================================================
2026-02-01 14:29:09,418 - core.news_fetcher - INFO - Fetching news for BTC-EUR...
2026-02-01 14:29:09,666 - core.data_storage - INFO - [OK] Saved 7 news articles for BTC-EUR to .\data\news\BTC-EUR_news.json
2026-02-01 14:29:09,666 - root - ERROR - Pipeline failed: 'charmap' codec can't encode character '\u2717' in position 0: character maps to <undefined>
Traceback (most recent call last):
  File "C:\Users\ahmty\Desktop\finAdvice\algotrade_datascience\main_data_pipeline.py", line 160, in run_pipeline
    print(f"✓ ({len(news_df_limited)} articles)")
  File "C:\Program Files\WindowsApps\PythonSoftwareFoundation.Python.3.11_3.11.2544.0_x64__qbz5n2kfra8p0\Lib\encodings\cp1252.py", line 19, in encode
    return codecs.charmap_encode(input,self.errors,encoding_table)[0]
           ^^^^^^^^^^^^^^^^^^^^^^^^^^^^^^^^^^^^^^^^^^^^^^^^^^^^^^^
UnicodeEncodeError: 'charmap' codec can't encode character '\u2713' in position 0: character maps to <undefined>

During handling of the above exception, another exception occurred:

Traceback (most recent call last):
  File "C:\Users\ahmty\Desktop\finAdvice\algotrade_datascience\main_data_pipeline.py", line 236, in main
    run_pipeline(
  File "C:\Users\ahmty\Desktop\finAdvice\algotrade_datascience\main_data_pipeline.py", line 168, in run_pipeline
    print(f"✗ (error: {e})")
  File "C:\Program Files\WindowsApps\PythonSoftwareFoundation.Python.3.11_3.11.2544.0_x64__qbz5n2kfra8p0\Lib\encodings\cp1252.py", line 19, in encode
    return codecs.charmap_encode(input,self.errors,encoding_table)[0]
           ^^^^^^^^^^^^^^^^^^^^^^^^^^^^^^^^^^^^^^^^^^^^^^^^^^^^^^^
UnicodeEncodeError: 'charmap' codec can't encode character '\u2717' in position 0: character maps to <undefined>
2026-02-01 14:40:57,488 - core.ticker_selector - INFO - Manual tickers set: ['BTC-EUR']
2026-02-01 14:40:58,346 - core.ticker_selector - INFO - [OK] Valid ticker: BTC-EUR
2026-02-01 14:40:58,347 - core.ticker_selector - INFO - Validation complete: 1/1 tickers valid
2026-02-01 14:40:58,347 - core.data_fetcher - INFO - 
============================================================
2026-02-01 14:40:58,347 - core.data_fetcher - INFO - Fetching all timeframes for BTC-EUR
2026-02-01 14:40:58,348 - core.data_fetcher - INFO - ============================================================
2026-02-01 14:40:58,348 - core.data_fetcher - INFO - Fetching BTC-EUR - 4h (attempt 1/3)
2026-02-01 14:40:58,629 - core.data_fetcher - INFO - Resampling hourly data to 4-hour intervals
2026-02-01 14:40:58,649 - core.data_fetcher - INFO - [OK] Successfully fetched 360 rows for BTC-EUR at 4h
2026-02-01 14:40:58,649 - core.data_fetcher - INFO - Fetching BTC-EUR - 1d (attempt 1/3)
2026-02-01 14:40:58,825 - core.data_fetcher - INFO - [OK] Successfully fetched 504 rows for BTC-EUR at 1d
2026-02-01 14:40:58,825 - core.data_fetcher - INFO - Fetching BTC-EUR - 1wk (attempt 1/3)
2026-02-01 14:40:58,991 - core.data_fetcher - INFO - [OK] Successfully fetched 104 rows for BTC-EUR at 1wk
2026-02-01 14:40:58,992 - core.data_fetcher - INFO - Fetching BTC-EUR - 1mo (attempt 1/3)
2026-02-01 14:40:59,140 - core.data_fetcher - INFO - [OK] Successfully fetched 60 rows for BTC-EUR at 1mo
2026-02-01 14:40:59,140 - core.data_fetcher - INFO - Fetching BTC-EUR - 3mo (attempt 1/3)
2026-02-01 14:40:59,268 - core.data_fetcher - INFO - [OK] Successfully fetched 20 rows for BTC-EUR at 3mo
2026-02-01 14:40:59,268 - core.data_fetcher - INFO - Fetching BTC-EUR - 1h (attempt 1/3)
2026-02-01 14:40:59,480 - core.data_fetcher - WARNING - BTC-EUR 1h: 51.2% rows have zero volume
2026-02-01 14:40:59,486 - core.data_fetcher - INFO - [OK] Successfully fetched 1440 rows for BTC-EUR at 1h
2026-02-01 14:40:59,486 - core.data_fetcher - INFO - Fetching BTC-EUR - 30m (attempt 1/3)
2026-02-01 14:40:59,794 - core.data_fetcher - INFO - [OK] Successfully fetched 1440 rows for BTC-EUR at 30m
2026-02-01 14:40:59,795 - core.data_fetcher - INFO - Fetching BTC-EUR - 15m (attempt 1/3)
2026-02-01 14:41:00,003 - core.data_fetcher - INFO - [OK] Successfully fetched 2880 rows for BTC-EUR at 15m
2026-02-01 14:41:00,005 - core.data_fetcher - INFO - Fetching BTC-EUR - 5m (attempt 1/3)
2026-02-01 14:41:00,228 - core.data_fetcher - WARNING - BTC-EUR 5m: 47.9% rows have zero volume
2026-02-01 14:41:00,234 - core.data_fetcher - INFO - [OK] Successfully fetched 1316 rows for BTC-EUR at 5m
2026-02-01 14:41:00,234 - core.data_fetcher - INFO - Fetching BTC-EUR - 3m (attempt 1/3)
2026-02-01 14:41:00,378 - core.data_fetcher - INFO - Resampling 1-minute data to 3-minute intervals
2026-02-01 14:41:00,385 - core.data_fetcher - INFO - [OK] Successfully fetched 20 rows for BTC-EUR at 3m
2026-02-01 14:41:00,386 - core.data_fetcher - INFO - Fetching BTC-EUR - 2m (attempt 1/3)
2026-02-01 14:41:00,564 - core.data_fetcher - WARNING - BTC-EUR 2m: 34.5% rows have zero volume
2026-02-01 14:41:00,566 - core.data_fetcher - INFO - [OK] Successfully fetched 29 rows for BTC-EUR at 2m
2026-02-01 14:41:00,568 - core.data_fetcher - INFO - Fetching BTC-EUR - 1m (attempt 1/3)
2026-02-01 14:41:00,733 - core.data_fetcher - WARNING - BTC-EUR 1m: 56.0% rows have zero volume
2026-02-01 14:41:00,735 - core.data_fetcher - INFO - [OK] Successfully fetched 50 rows for BTC-EUR at 1m
2026-02-01 14:41:01,748 - core.data_storage - INFO - 
Saving all timeframes for BTC-EUR
2026-02-01 14:41:01,793 - core.data_storage - INFO - [OK] Saved BTC-EUR 4h to .\data/raw\BTC-EUR\BTC-EUR_4h_20260201.csv (360 rows)
2026-02-01 14:41:01,906 - core.data_storage - INFO - Metadata saved to .\data/metadata.json
2026-02-01 14:41:01,925 - core.data_storage - INFO - [OK] Saved BTC-EUR 1d to .\data/raw\BTC-EUR\BTC-EUR_1d_20260201.csv (504 rows)
2026-02-01 14:41:02,042 - core.data_storage - INFO - Metadata saved to .\data/metadata.json
2026-02-01 14:41:02,057 - core.data_storage - INFO - [OK] Saved BTC-EUR 1wk to .\data/raw\BTC-EUR\BTC-EUR_1wk_20260201.csv (104 rows)
2026-02-01 14:41:02,153 - core.data_storage - INFO - Metadata saved to .\data/metadata.json
2026-02-01 14:41:02,162 - core.data_storage - INFO - [OK] Saved BTC-EUR 1mo to .\data/raw\BTC-EUR\BTC-EUR_1mo_20260201.csv (60 rows)
2026-02-01 14:41:02,250 - core.data_storage - INFO - Metadata saved to .\data/metadata.json
2026-02-01 14:41:02,260 - core.data_storage - INFO - [OK] Saved BTC-EUR 3mo to .\data/raw\BTC-EUR\BTC-EUR_3mo_20260201.csv (20 rows)
2026-02-01 14:41:02,346 - core.data_storage - INFO - Metadata saved to .\data/metadata.json
2026-02-01 14:41:02,418 - core.data_storage - INFO - [OK] Saved BTC-EUR 1h to .\data/raw\BTC-EUR\BTC-EUR_1h_20260201.csv (1440 rows)
2026-02-01 14:41:02,527 - core.data_storage - INFO - Metadata saved to .\data/metadata.json
2026-02-01 14:41:02,601 - core.data_storage - INFO - [OK] Saved BTC-EUR 30m to .\data/raw\BTC-EUR\BTC-EUR_30m_20260201.csv (1440 rows)
2026-02-01 14:41:02,702 - core.data_storage - INFO - Metadata saved to .\data/metadata.json
2026-02-01 14:41:02,854 - core.data_storage - INFO - [OK] Saved BTC-EUR 15m to .\data/raw\BTC-EUR\BTC-EUR_15m_20260201.csv (2880 rows)
2026-02-01 14:41:03,021 - core.data_storage - INFO - Metadata saved to .\data/metadata.json
2026-02-01 14:41:03,088 - core.data_storage - INFO - [OK] Saved BTC-EUR 5m to .\data/raw\BTC-EUR\BTC-EUR_5m_20260201.csv (1316 rows)
2026-02-01 14:41:03,187 - core.data_storage - INFO - Metadata saved to .\data/metadata.json
2026-02-01 14:41:03,196 - core.data_storage - INFO - [OK] Saved BTC-EUR 3m to .\data/raw\BTC-EUR\BTC-EUR_3m_20260201.csv (20 rows)
2026-02-01 14:41:03,293 - core.data_storage - INFO - Metadata saved to .\data/metadata.json
2026-02-01 14:41:03,303 - core.data_storage - INFO - [OK] Saved BTC-EUR 2m to .\data/raw\BTC-EUR\BTC-EUR_2m_20260201.csv (29 rows)
2026-02-01 14:41:03,403 - core.data_storage - INFO - Metadata saved to .\data/metadata.json
2026-02-01 14:41:03,418 - core.data_storage - INFO - [OK] Saved BTC-EUR 1m to .\data/raw\BTC-EUR\BTC-EUR_1m_20260201.csv (50 rows)
2026-02-01 14:41:03,522 - core.data_storage - INFO - Metadata saved to .\data/metadata.json
2026-02-01 14:41:03,524 - core.data_storage - INFO - 
============================================================
2026-02-01 14:41:03,524 - core.data_storage - INFO - SAVE SUMMARY:
2026-02-01 14:41:03,524 - core.data_storage - INFO - Saved 12/12 files
2026-02-01 14:41:03,524 - core.data_storage - INFO - Success rate: 100.0%
2026-02-01 14:41:03,524 - core.data_storage - INFO - ============================================================
2026-02-01 14:41:03,528 - core.news_fetcher - INFO - Fetching news for BTC-EUR...
2026-02-01 14:41:03,736 - core.data_storage - INFO - [OK] Saved 7 news articles for BTC-EUR to .\data\news\BTC-EUR_news.json
2026-02-01 14:41:03,736 - root - ERROR - Pipeline failed: 'charmap' codec can't encode character '\u2717' in position 0: character maps to <undefined>
Traceback (most recent call last):
  File "C:\Users\ahmty\Desktop\finAdvice\algotrade_datascience\main_data_pipeline.py", line 160, in run_pipeline
    print(f"✓ ({len(news_df_limited)} articles)")
  File "C:\Program Files\WindowsApps\PythonSoftwareFoundation.Python.3.11_3.11.2544.0_x64__qbz5n2kfra8p0\Lib\encodings\cp1252.py", line 19, in encode
    return codecs.charmap_encode(input,self.errors,encoding_table)[0]
           ^^^^^^^^^^^^^^^^^^^^^^^^^^^^^^^^^^^^^^^^^^^^^^^^^^^^^^^
UnicodeEncodeError: 'charmap' codec can't encode character '\u2713' in position 0: character maps to <undefined>

During handling of the above exception, another exception occurred:

Traceback (most recent call last):
  File "C:\Users\ahmty\Desktop\finAdvice\algotrade_datascience\main_data_pipeline.py", line 236, in main
    run_pipeline(
  File "C:\Users\ahmty\Desktop\finAdvice\algotrade_datascience\main_data_pipeline.py", line 168, in run_pipeline
    print(f"✗ (error: {e})")
  File "C:\Program Files\WindowsApps\PythonSoftwareFoundation.Python.3.11_3.11.2544.0_x64__qbz5n2kfra8p0\Lib\encodings\cp1252.py", line 19, in encode
    return codecs.charmap_encode(input,self.errors,encoding_table)[0]
           ^^^^^^^^^^^^^^^^^^^^^^^^^^^^^^^^^^^^^^^^^^^^^^^^^^^^^^^
UnicodeEncodeError: 'charmap' codec can't encode character '\u2717' in position 0: character maps to <undefined>
2026-02-01 15:51:39,851 - core.ticker_selector - INFO - Manual tickers set: ['BTC-EUR']
2026-02-01 15:51:40,685 - core.ticker_selector - INFO - [OK] Valid ticker: BTC-EUR
2026-02-01 15:51:40,687 - core.ticker_selector - INFO - Validation complete: 1/1 tickers valid
2026-02-01 15:51:40,687 - core.data_fetcher - INFO - 
============================================================
2026-02-01 15:51:40,688 - core.data_fetcher - INFO - Fetching all timeframes for BTC-EUR
2026-02-01 15:51:40,688 - core.data_fetcher - INFO - ============================================================
2026-02-01 15:51:40,688 - core.data_fetcher - INFO - Fetching BTC-EUR - 4h (attempt 1/3)
2026-02-01 15:51:41,080 - core.data_fetcher - INFO - Resampling hourly data to 4-hour intervals
2026-02-01 15:51:41,115 - core.data_fetcher - INFO - [OK] Successfully fetched 360 rows for BTC-EUR at 4h
2026-02-01 15:51:41,117 - core.data_fetcher - INFO - Fetching BTC-EUR - 1d (attempt 1/3)
2026-02-01 15:51:41,355 - core.data_fetcher - INFO - [OK] Successfully fetched 504 rows for BTC-EUR at 1d
2026-02-01 15:51:41,355 - core.data_fetcher - INFO - Fetching BTC-EUR - 1wk (attempt 1/3)
2026-02-01 15:51:41,631 - core.data_fetcher - INFO - [OK] Successfully fetched 104 rows for BTC-EUR at 1wk
2026-02-01 15:51:41,632 - core.data_fetcher - INFO - Fetching BTC-EUR - 1mo (attempt 1/3)
2026-02-01 15:51:41,806 - core.data_fetcher - INFO - [OK] Successfully fetched 60 rows for BTC-EUR at 1mo
2026-02-01 15:51:41,806 - core.data_fetcher - INFO - Fetching BTC-EUR - 3mo (attempt 1/3)
2026-02-01 15:51:41,992 - core.data_fetcher - INFO - [OK] Successfully fetched 20 rows for BTC-EUR at 3mo
2026-02-01 15:51:41,992 - core.data_fetcher - INFO - Fetching BTC-EUR - 1h (attempt 1/3)
2026-02-01 15:51:42,248 - core.data_fetcher - WARNING - BTC-EUR 1h: 51.2% rows have zero volume
2026-02-01 15:51:42,252 - core.data_fetcher - INFO - [OK] Successfully fetched 1440 rows for BTC-EUR at 1h
2026-02-01 15:51:42,253 - core.data_fetcher - INFO - Fetching BTC-EUR - 30m (attempt 1/3)
2026-02-01 15:51:42,631 - core.data_fetcher - INFO - [OK] Successfully fetched 1440 rows for BTC-EUR at 30m
2026-02-01 15:51:42,631 - core.data_fetcher - INFO - Fetching BTC-EUR - 15m (attempt 1/3)
2026-02-01 15:51:43,199 - core.data_fetcher - INFO - [OK] Successfully fetched 2880 rows for BTC-EUR at 15m
2026-02-01 15:51:43,201 - core.data_fetcher - INFO - Fetching BTC-EUR - 5m (attempt 1/3)
2026-02-01 15:51:43,486 - core.data_fetcher - WARNING - BTC-EUR 5m: 47.4% rows have zero volume
2026-02-01 15:51:43,492 - core.data_fetcher - INFO - [OK] Successfully fetched 1330 rows for BTC-EUR at 5m
2026-02-01 15:51:43,493 - core.data_fetcher - INFO - Fetching BTC-EUR - 3m (attempt 1/3)
2026-02-01 15:51:43,790 - core.data_fetcher - INFO - Resampling 1-minute data to 3-minute intervals
2026-02-01 15:51:43,811 - core.data_fetcher - WARNING - BTC-EUR 3m: 31.6% rows have zero volume
2026-02-01 15:51:43,817 - core.data_fetcher - INFO - [OK] Successfully fetched 19 rows for BTC-EUR at 3m
2026-02-01 15:51:43,817 - core.data_fetcher - INFO - Fetching BTC-EUR - 2m (attempt 1/3)
2026-02-01 15:51:44,087 - core.data_fetcher - WARNING - BTC-EUR 2m: 37.9% rows have zero volume
2026-02-01 15:51:44,094 - core.data_fetcher - INFO - [OK] Successfully fetched 29 rows for BTC-EUR at 2m
2026-02-01 15:51:44,095 - core.data_fetcher - INFO - Fetching BTC-EUR - 1m (attempt 1/3)
2026-02-01 15:51:44,338 - core.data_fetcher - WARNING - BTC-EUR 1m: 54.9% rows have zero volume
2026-02-01 15:51:44,345 - core.data_fetcher - INFO - [OK] Successfully fetched 51 rows for BTC-EUR at 1m
2026-02-01 15:51:45,359 - core.data_storage - INFO - 
Saving all timeframes for BTC-EUR
2026-02-01 15:51:45,406 - core.data_storage - INFO - [OK] Saved BTC-EUR 4h to .\data/raw\BTC-EUR\BTC-EUR_4h_20260201.csv (360 rows)
2026-02-01 15:51:45,491 - core.data_storage - INFO - Metadata saved to .\data/metadata.json
2026-02-01 15:51:45,503 - core.data_storage - INFO - [OK] Saved BTC-EUR 1d to .\data/raw\BTC-EUR\BTC-EUR_1d_20260201.csv (504 rows)
2026-02-01 15:51:45,562 - core.data_storage - INFO - Metadata saved to .\data/metadata.json
2026-02-01 15:51:45,569 - core.data_storage - INFO - [OK] Saved BTC-EUR 1wk to .\data/raw\BTC-EUR\BTC-EUR_1wk_20260201.csv (104 rows)
2026-02-01 15:51:45,629 - core.data_storage - INFO - Metadata saved to .\data/metadata.json
2026-02-01 15:51:45,638 - core.data_storage - INFO - [OK] Saved BTC-EUR 1mo to .\data/raw\BTC-EUR\BTC-EUR_1mo_20260201.csv (60 rows)
2026-02-01 15:51:45,724 - core.data_storage - INFO - Metadata saved to .\data/metadata.json
2026-02-01 15:51:45,733 - core.data_storage - INFO - [OK] Saved BTC-EUR 3mo to .\data/raw\BTC-EUR\BTC-EUR_3mo_20260201.csv (20 rows)
2026-02-01 15:51:45,831 - core.data_storage - INFO - Metadata saved to .\data/metadata.json
2026-02-01 15:51:45,869 - core.data_storage - INFO - [OK] Saved BTC-EUR 1h to .\data/raw\BTC-EUR\BTC-EUR_1h_20260201.csv (1440 rows)
2026-02-01 15:51:45,936 - core.data_storage - INFO - Metadata saved to .\data/metadata.json
2026-02-01 15:51:45,979 - core.data_storage - INFO - [OK] Saved BTC-EUR 30m to .\data/raw\BTC-EUR\BTC-EUR_30m_20260201.csv (1440 rows)
2026-02-01 15:51:46,054 - core.data_storage - INFO - Metadata saved to .\data/metadata.json
2026-02-01 15:51:46,120 - core.data_storage - INFO - [OK] Saved BTC-EUR 15m to .\data/raw\BTC-EUR\BTC-EUR_15m_20260201.csv (2880 rows)
2026-02-01 15:51:46,222 - core.data_storage - INFO - Metadata saved to .\data/metadata.json
2026-02-01 15:51:46,285 - core.data_storage - INFO - [OK] Saved BTC-EUR 5m to .\data/raw\BTC-EUR\BTC-EUR_5m_20260201.csv (1330 rows)
2026-02-01 15:51:46,366 - core.data_storage - INFO - Metadata saved to .\data/metadata.json
2026-02-01 15:51:46,373 - core.data_storage - INFO - [OK] Saved BTC-EUR 3m to .\data/raw\BTC-EUR\BTC-EUR_3m_20260201.csv (19 rows)
2026-02-01 15:51:46,451 - core.data_storage - INFO - Metadata saved to .\data/metadata.json
2026-02-01 15:51:46,462 - core.data_storage - INFO - [OK] Saved BTC-EUR 2m to .\data/raw\BTC-EUR\BTC-EUR_2m_20260201.csv (29 rows)
2026-02-01 15:51:46,548 - core.data_storage - INFO - Metadata saved to .\data/metadata.json
2026-02-01 15:51:46,556 - core.data_storage - INFO - [OK] Saved BTC-EUR 1m to .\data/raw\BTC-EUR\BTC-EUR_1m_20260201.csv (51 rows)
2026-02-01 15:51:46,651 - core.data_storage - INFO - Metadata saved to .\data/metadata.json
2026-02-01 15:51:46,651 - core.data_storage - INFO - 
============================================================
2026-02-01 15:51:46,651 - core.data_storage - INFO - SAVE SUMMARY:
2026-02-01 15:51:46,652 - core.data_storage - INFO - Saved 12/12 files
2026-02-01 15:51:46,652 - core.data_storage - INFO - Success rate: 100.0%
2026-02-01 15:51:46,653 - core.data_storage - INFO - ============================================================
2026-02-01 15:51:46,656 - core.news_fetcher - INFO - Fetching news for BTC-EUR...
2026-02-01 15:51:46,866 - core.data_storage - INFO - [OK] Saved 7 news articles for BTC-EUR to .\data\news\BTC-EUR_news.json
2026-02-01 15:51:46,866 - root - ERROR - Pipeline failed: 'charmap' codec can't encode character '\u2717' in position 0: character maps to <undefined>
Traceback (most recent call last):
  File "C:\Users\ahmty\Desktop\finAdvice\algotrade_datascience\main_data_pipeline.py", line 160, in run_pipeline
    print(f"✓ ({len(news_df_limited)} articles)")
  File "C:\Program Files\WindowsApps\PythonSoftwareFoundation.Python.3.11_3.11.2544.0_x64__qbz5n2kfra8p0\Lib\encodings\cp1252.py", line 19, in encode
    return codecs.charmap_encode(input,self.errors,encoding_table)[0]
           ^^^^^^^^^^^^^^^^^^^^^^^^^^^^^^^^^^^^^^^^^^^^^^^^^^^^^^^
UnicodeEncodeError: 'charmap' codec can't encode character '\u2713' in position 0: character maps to <undefined>

During handling of the above exception, another exception occurred:

Traceback (most recent call last):
  File "C:\Users\ahmty\Desktop\finAdvice\algotrade_datascience\main_data_pipeline.py", line 236, in main
    run_pipeline(
  File "C:\Users\ahmty\Desktop\finAdvice\algotrade_datascience\main_data_pipeline.py", line 168, in run_pipeline
    print(f"✗ (error: {e})")
  File "C:\Program Files\WindowsApps\PythonSoftwareFoundation.Python.3.11_3.11.2544.0_x64__qbz5n2kfra8p0\Lib\encodings\cp1252.py", line 19, in encode
    return codecs.charmap_encode(input,self.errors,encoding_table)[0]
           ^^^^^^^^^^^^^^^^^^^^^^^^^^^^^^^^^^^^^^^^^^^^^^^^^^^^^^^
UnicodeEncodeError: 'charmap' codec can't encode character '\u2717' in position 0: character maps to <undefined>
2026-02-01 17:52:05,811 - core.ticker_selector - INFO - Manual tickers set: ['BTC-EUR']
2026-02-01 17:52:06,521 - core.ticker_selector - INFO - [OK] Valid ticker: BTC-EUR
2026-02-01 17:52:06,521 - core.ticker_selector - INFO - Validation complete: 1/1 tickers valid
2026-02-01 17:52:06,521 - core.data_fetcher - INFO - 
============================================================
2026-02-01 17:52:06,521 - core.data_fetcher - INFO - Fetching all timeframes for BTC-EUR
2026-02-01 17:52:06,521 - core.data_fetcher - INFO - ============================================================
2026-02-01 17:52:06,521 - core.data_fetcher - INFO - Fetching BTC-EUR - 4h (attempt 1/3)
2026-02-01 17:52:06,793 - core.data_fetcher - INFO - Resampling hourly data to 4-hour intervals
2026-02-01 17:52:06,810 - core.data_fetcher - INFO - [OK] Successfully fetched 360 rows for BTC-EUR at 4h
2026-02-01 17:52:06,810 - core.data_fetcher - INFO - Fetching BTC-EUR - 1d (attempt 1/3)
2026-02-01 17:52:06,971 - core.data_fetcher - INFO - [OK] Successfully fetched 504 rows for BTC-EUR at 1d
2026-02-01 17:52:06,971 - core.data_fetcher - INFO - Fetching BTC-EUR - 1wk (attempt 1/3)
2026-02-01 17:52:07,121 - core.data_fetcher - INFO - [OK] Successfully fetched 104 rows for BTC-EUR at 1wk
2026-02-01 17:52:07,121 - core.data_fetcher - INFO - Fetching BTC-EUR - 1mo (attempt 1/3)
2026-02-01 17:52:07,235 - core.data_fetcher - INFO - [OK] Successfully fetched 60 rows for BTC-EUR at 1mo
2026-02-01 17:52:07,235 - core.data_fetcher - INFO - Fetching BTC-EUR - 3mo (attempt 1/3)
2026-02-01 17:52:07,363 - core.data_fetcher - INFO - [OK] Successfully fetched 20 rows for BTC-EUR at 3mo
2026-02-01 17:52:07,363 - core.data_fetcher - INFO - Fetching BTC-EUR - 1h (attempt 1/3)
2026-02-01 17:52:07,565 - core.data_fetcher - WARNING - BTC-EUR 1h: 51.0% rows have zero volume
2026-02-01 17:52:07,568 - core.data_fetcher - INFO - [OK] Successfully fetched 1440 rows for BTC-EUR at 1h
2026-02-01 17:52:07,568 - core.data_fetcher - INFO - Fetching BTC-EUR - 30m (attempt 1/3)
2026-02-01 17:52:07,838 - core.data_fetcher - INFO - [OK] Successfully fetched 1440 rows for BTC-EUR at 30m
2026-02-01 17:52:07,839 - core.data_fetcher - INFO - Fetching BTC-EUR - 15m (attempt 1/3)
2026-02-01 17:52:08,068 - core.data_fetcher - INFO - [OK] Successfully fetched 2880 rows for BTC-EUR at 15m
2026-02-01 17:52:08,068 - core.data_fetcher - INFO - Fetching BTC-EUR - 5m (attempt 1/3)
2026-02-01 17:52:08,237 - core.data_fetcher - WARNING - BTC-EUR 5m: 46.7% rows have zero volume
2026-02-01 17:52:08,240 - core.data_fetcher - INFO - [OK] Successfully fetched 1355 rows for BTC-EUR at 5m
2026-02-01 17:52:08,240 - core.data_fetcher - INFO - Fetching BTC-EUR - 3m (attempt 1/3)
2026-02-01 17:52:08,415 - core.data_fetcher - INFO - Resampling 1-minute data to 3-minute intervals
2026-02-01 17:52:08,421 - core.data_fetcher - WARNING - BTC-EUR 3m: 36.8% rows have zero volume
2026-02-01 17:52:08,423 - core.data_fetcher - INFO - [OK] Successfully fetched 19 rows for BTC-EUR at 3m
2026-02-01 17:52:08,423 - core.data_fetcher - INFO - Fetching BTC-EUR - 2m (attempt 1/3)
2026-02-01 17:52:08,554 - core.data_fetcher - WARNING - BTC-EUR 2m: 51.7% rows have zero volume
2026-02-01 17:52:08,555 - core.data_fetcher - INFO - [OK] Successfully fetched 29 rows for BTC-EUR at 2m
2026-02-01 17:52:08,555 - core.data_fetcher - INFO - Fetching BTC-EUR - 1m (attempt 1/3)
2026-02-01 17:52:08,668 - core.data_fetcher - WARNING - BTC-EUR 1m: 68.6% rows have zero volume
2026-02-01 17:52:08,671 - core.data_fetcher - INFO - [OK] Successfully fetched 51 rows for BTC-EUR at 1m
2026-02-01 17:52:09,677 - core.data_storage - INFO - 
Saving all timeframes for BTC-EUR
2026-02-01 17:52:09,689 - core.data_storage - INFO - [OK] Saved BTC-EUR 4h to .\data/raw\BTC-EUR\BTC-EUR_4h_20260201.csv (360 rows)
2026-02-01 17:52:09,737 - core.data_storage - INFO - Metadata saved to .\data/metadata.json
2026-02-01 17:52:09,745 - core.data_storage - INFO - [OK] Saved BTC-EUR 1d to .\data/raw\BTC-EUR\BTC-EUR_1d_20260201.csv (504 rows)
2026-02-01 17:52:09,787 - core.data_storage - INFO - Metadata saved to .\data/metadata.json
2026-02-01 17:52:09,792 - core.data_storage - INFO - [OK] Saved BTC-EUR 1wk to .\data/raw\BTC-EUR\BTC-EUR_1wk_20260201.csv (104 rows)
2026-02-01 17:52:09,820 - core.data_storage - INFO - Metadata saved to .\data/metadata.json
2026-02-01 17:52:09,823 - core.data_storage - INFO - [OK] Saved BTC-EUR 1mo to .\data/raw\BTC-EUR\BTC-EUR_1mo_20260201.csv (60 rows)
2026-02-01 17:52:09,863 - core.data_storage - INFO - Metadata saved to .\data/metadata.json
2026-02-01 17:52:09,867 - core.data_storage - INFO - [OK] Saved BTC-EUR 3mo to .\data/raw\BTC-EUR\BTC-EUR_3mo_20260201.csv (20 rows)
2026-02-01 17:52:09,911 - core.data_storage - INFO - Metadata saved to .\data/metadata.json
2026-02-01 17:52:09,929 - core.data_storage - INFO - [OK] Saved BTC-EUR 1h to .\data/raw\BTC-EUR\BTC-EUR_1h_20260201.csv (1440 rows)
2026-02-01 17:52:09,971 - core.data_storage - INFO - Metadata saved to .\data/metadata.json
2026-02-01 17:52:09,987 - core.data_storage - INFO - [OK] Saved BTC-EUR 30m to .\data/raw\BTC-EUR\BTC-EUR_30m_20260201.csv (1440 rows)
2026-02-01 17:52:10,021 - core.data_storage - INFO - Metadata saved to .\data/metadata.json
2026-02-01 17:52:10,052 - core.data_storage - INFO - [OK] Saved BTC-EUR 15m to .\data/raw\BTC-EUR\BTC-EUR_15m_20260201.csv (2880 rows)
2026-02-01 17:52:10,124 - core.data_storage - INFO - Metadata saved to .\data/metadata.json
2026-02-01 17:52:10,138 - core.data_storage - INFO - [OK] Saved BTC-EUR 5m to .\data/raw\BTC-EUR\BTC-EUR_5m_20260201.csv (1355 rows)
2026-02-01 17:52:10,185 - core.data_storage - INFO - Metadata saved to .\data/metadata.json
2026-02-01 17:52:10,191 - core.data_storage - INFO - [OK] Saved BTC-EUR 3m to .\data/raw\BTC-EUR\BTC-EUR_3m_20260201.csv (19 rows)
2026-02-01 17:52:10,231 - core.data_storage - INFO - Metadata saved to .\data/metadata.json
2026-02-01 17:52:10,237 - core.data_storage - INFO - [OK] Saved BTC-EUR 2m to .\data/raw\BTC-EUR\BTC-EUR_2m_20260201.csv (29 rows)
2026-02-01 17:52:10,283 - core.data_storage - INFO - Metadata saved to .\data/metadata.json
2026-02-01 17:52:10,287 - core.data_storage - INFO - [OK] Saved BTC-EUR 1m to .\data/raw\BTC-EUR\BTC-EUR_1m_20260201.csv (51 rows)
2026-02-01 17:52:10,331 - core.data_storage - INFO - Metadata saved to .\data/metadata.json
2026-02-01 17:52:10,331 - core.data_storage - INFO - 
============================================================
2026-02-01 17:52:10,331 - core.data_storage - INFO - SAVE SUMMARY:
2026-02-01 17:52:10,331 - core.data_storage - INFO - Saved 12/12 files
2026-02-01 17:52:10,331 - core.data_storage - INFO - Success rate: 100.0%
2026-02-01 17:52:10,331 - core.data_storage - INFO - ============================================================
2026-02-01 17:52:10,333 - core.news_fetcher - INFO - Fetching news for BTC-EUR...
2026-02-01 17:52:10,520 - core.data_storage - INFO - [OK] Saved 7 news articles for BTC-EUR to .\data\news\BTC-EUR_news.json
2026-02-01 17:52:10,521 - root - ERROR - Pipeline failed: 'charmap' codec can't encode character '\u2717' in position 0: character maps to <undefined>
Traceback (most recent call last):
  File "C:\Users\ahmty\Desktop\finAdvice\algotrade_datascience\main_data_pipeline.py", line 160, in run_pipeline
    print(f"✓ ({len(news_df_limited)} articles)")
  File "C:\Program Files\WindowsApps\PythonSoftwareFoundation.Python.3.11_3.11.2544.0_x64__qbz5n2kfra8p0\Lib\encodings\cp1252.py", line 19, in encode
    return codecs.charmap_encode(input,self.errors,encoding_table)[0]
           ^^^^^^^^^^^^^^^^^^^^^^^^^^^^^^^^^^^^^^^^^^^^^^^^^^^^^^^
UnicodeEncodeError: 'charmap' codec can't encode character '\u2713' in position 0: character maps to <undefined>

During handling of the above exception, another exception occurred:

Traceback (most recent call last):
  File "C:\Users\ahmty\Desktop\finAdvice\algotrade_datascience\main_data_pipeline.py", line 236, in main
    run_pipeline(
  File "C:\Users\ahmty\Desktop\finAdvice\algotrade_datascience\main_data_pipeline.py", line 168, in run_pipeline
    print(f"✗ (error: {e})")
  File "C:\Program Files\WindowsApps\PythonSoftwareFoundation.Python.3.11_3.11.2544.0_x64__qbz5n2kfra8p0\Lib\encodings\cp1252.py", line 19, in encode
    return codecs.charmap_encode(input,self.errors,encoding_table)[0]
           ^^^^^^^^^^^^^^^^^^^^^^^^^^^^^^^^^^^^^^^^^^^^^^^^^^^^^^^
UnicodeEncodeError: 'charmap' codec can't encode character '\u2717' in position 0: character maps to <undefined>
2026-02-01 17:58:40,466 - core.ticker_selector - INFO - Manual tickers set: ['BTC-EUR']
2026-02-01 17:58:41,486 - core.ticker_selector - INFO - [OK] Valid ticker: BTC-EUR
2026-02-01 17:58:41,487 - core.ticker_selector - INFO - Validation complete: 1/1 tickers valid
2026-02-01 17:58:41,487 - core.data_fetcher - INFO - 
============================================================
2026-02-01 17:58:41,488 - core.data_fetcher - INFO - Fetching all timeframes for BTC-EUR
2026-02-01 17:58:41,488 - core.data_fetcher - INFO - ============================================================
2026-02-01 17:58:41,489 - core.data_fetcher - INFO - Fetching BTC-EUR - 4h (attempt 1/3)
2026-02-01 17:58:41,842 - core.data_fetcher - INFO - Resampling hourly data to 4-hour intervals
2026-02-01 17:58:41,877 - core.data_fetcher - INFO - [OK] Successfully fetched 360 rows for BTC-EUR at 4h
2026-02-01 17:58:41,877 - core.data_fetcher - INFO - Fetching BTC-EUR - 1d (attempt 1/3)
2026-02-01 17:58:42,129 - core.data_fetcher - INFO - [OK] Successfully fetched 504 rows for BTC-EUR at 1d
2026-02-01 17:58:42,130 - core.data_fetcher - INFO - Fetching BTC-EUR - 1wk (attempt 1/3)
2026-02-01 17:58:42,379 - core.data_fetcher - INFO - [OK] Successfully fetched 104 rows for BTC-EUR at 1wk
2026-02-01 17:58:42,379 - core.data_fetcher - INFO - Fetching BTC-EUR - 1mo (attempt 1/3)
2026-02-01 17:58:42,600 - core.data_fetcher - INFO - [OK] Successfully fetched 60 rows for BTC-EUR at 1mo
2026-02-01 17:58:42,601 - core.data_fetcher - INFO - Fetching BTC-EUR - 3mo (attempt 1/3)
2026-02-01 17:58:42,837 - core.data_fetcher - INFO - [OK] Successfully fetched 20 rows for BTC-EUR at 3mo
2026-02-01 17:58:42,838 - core.data_fetcher - INFO - Fetching BTC-EUR - 1h (attempt 1/3)
2026-02-01 17:58:43,122 - core.data_fetcher - WARNING - BTC-EUR 1h: 51.0% rows have zero volume
2026-02-01 17:58:43,131 - core.data_fetcher - INFO - [OK] Successfully fetched 1440 rows for BTC-EUR at 1h
2026-02-01 17:58:43,131 - core.data_fetcher - INFO - Fetching BTC-EUR - 30m (attempt 1/3)
2026-02-01 17:58:43,722 - core.data_fetcher - INFO - [OK] Successfully fetched 1440 rows for BTC-EUR at 30m
2026-02-01 17:58:43,723 - core.data_fetcher - INFO - Fetching BTC-EUR - 15m (attempt 1/3)
2026-02-01 17:58:44,165 - core.data_fetcher - INFO - [OK] Successfully fetched 2880 rows for BTC-EUR at 15m
2026-02-01 17:58:44,165 - core.data_fetcher - INFO - Fetching BTC-EUR - 5m (attempt 1/3)
2026-02-01 17:58:44,475 - core.data_fetcher - WARNING - BTC-EUR 5m: 46.7% rows have zero volume
2026-02-01 17:58:44,487 - core.data_fetcher - INFO - [OK] Successfully fetched 1356 rows for BTC-EUR at 5m
2026-02-01 17:58:44,488 - core.data_fetcher - INFO - Fetching BTC-EUR - 3m (attempt 1/3)
2026-02-01 17:58:44,771 - core.data_fetcher - INFO - Resampling 1-minute data to 3-minute intervals
2026-02-01 17:58:44,797 - core.data_fetcher - WARNING - BTC-EUR 3m: 31.6% rows have zero volume
2026-02-01 17:58:44,804 - core.data_fetcher - INFO - [OK] Successfully fetched 19 rows for BTC-EUR at 3m
2026-02-01 17:58:44,804 - core.data_fetcher - INFO - Fetching BTC-EUR - 2m (attempt 1/3)
2026-02-01 17:58:45,134 - core.data_fetcher - WARNING - BTC-EUR 2m: 48.3% rows have zero volume
2026-02-01 17:58:45,139 - core.data_fetcher - INFO - [OK] Successfully fetched 29 rows for BTC-EUR at 2m
2026-02-01 17:58:45,140 - core.data_fetcher - INFO - Fetching BTC-EUR - 1m (attempt 1/3)
2026-02-01 17:58:45,406 - core.data_fetcher - WARNING - BTC-EUR 1m: 67.3% rows have zero volume
2026-02-01 17:58:45,413 - core.data_fetcher - INFO - [OK] Successfully fetched 52 rows for BTC-EUR at 1m
2026-02-01 17:58:46,421 - core.data_storage - INFO - 
Saving all timeframes for BTC-EUR
2026-02-01 17:58:46,457 - core.data_storage - INFO - [OK] Saved BTC-EUR 4h to .\data/raw\BTC-EUR\BTC-EUR_4h_20260201.csv (360 rows)
2026-02-01 17:58:46,546 - core.data_storage - INFO - Metadata saved to .\data/metadata.json
2026-02-01 17:58:46,566 - core.data_storage - INFO - [OK] Saved BTC-EUR 1d to .\data/raw\BTC-EUR\BTC-EUR_1d_20260201.csv (504 rows)
2026-02-01 17:58:46,658 - core.data_storage - INFO - Metadata saved to .\data/metadata.json
2026-02-01 17:58:46,670 - core.data_storage - INFO - [OK] Saved BTC-EUR 1wk to .\data/raw\BTC-EUR\BTC-EUR_1wk_20260201.csv (104 rows)
2026-02-01 17:58:46,747 - core.data_storage - INFO - Metadata saved to .\data/metadata.json
2026-02-01 17:58:46,756 - core.data_storage - INFO - [OK] Saved BTC-EUR 1mo to .\data/raw\BTC-EUR\BTC-EUR_1mo_20260201.csv (60 rows)
2026-02-01 17:58:46,832 - core.data_storage - INFO - Metadata saved to .\data/metadata.json
2026-02-01 17:58:46,840 - core.data_storage - INFO - [OK] Saved BTC-EUR 3mo to .\data/raw\BTC-EUR\BTC-EUR_3mo_20260201.csv (20 rows)
2026-02-01 17:58:46,922 - core.data_storage - INFO - Metadata saved to .\data/metadata.json
2026-02-01 17:58:47,006 - core.data_storage - INFO - [OK] Saved BTC-EUR 1h to .\data/raw\BTC-EUR\BTC-EUR_1h_20260201.csv (1440 rows)
2026-02-01 17:58:47,100 - core.data_storage - INFO - Metadata saved to .\data/metadata.json
2026-02-01 17:58:47,157 - core.data_storage - INFO - [OK] Saved BTC-EUR 30m to .\data/raw\BTC-EUR\BTC-EUR_30m_20260201.csv (1440 rows)
2026-02-01 17:58:47,241 - core.data_storage - INFO - Metadata saved to .\data/metadata.json
2026-02-01 17:58:47,374 - core.data_storage - INFO - [OK] Saved BTC-EUR 15m to .\data/raw\BTC-EUR\BTC-EUR_15m_20260201.csv (2880 rows)
2026-02-01 17:58:47,512 - core.data_storage - INFO - Metadata saved to .\data/metadata.json
2026-02-01 17:58:47,579 - core.data_storage - INFO - [OK] Saved BTC-EUR 5m to .\data/raw\BTC-EUR\BTC-EUR_5m_20260201.csv (1356 rows)
2026-02-01 17:58:47,692 - core.data_storage - INFO - Metadata saved to .\data/metadata.json
2026-02-01 17:58:47,701 - core.data_storage - INFO - [OK] Saved BTC-EUR 3m to .\data/raw\BTC-EUR\BTC-EUR_3m_20260201.csv (19 rows)
2026-02-01 17:58:47,779 - core.data_storage - INFO - Metadata saved to .\data/metadata.json
2026-02-01 17:58:47,788 - core.data_storage - INFO - [OK] Saved BTC-EUR 2m to .\data/raw\BTC-EUR\BTC-EUR_2m_20260201.csv (29 rows)
2026-02-01 17:58:47,899 - core.data_storage - INFO - Metadata saved to .\data/metadata.json
2026-02-01 17:58:47,909 - core.data_storage - INFO - [OK] Saved BTC-EUR 1m to .\data/raw\BTC-EUR\BTC-EUR_1m_20260201.csv (52 rows)
2026-02-01 17:58:47,996 - core.data_storage - INFO - Metadata saved to .\data/metadata.json
2026-02-01 17:58:47,997 - core.data_storage - INFO - 
============================================================
2026-02-01 17:58:47,997 - core.data_storage - INFO - SAVE SUMMARY:
2026-02-01 17:58:47,997 - core.data_storage - INFO - Saved 12/12 files
2026-02-01 17:58:47,998 - core.data_storage - INFO - Success rate: 100.0%
2026-02-01 17:58:47,998 - core.data_storage - INFO - ============================================================
2026-02-01 17:58:48,000 - core.news_fetcher - INFO - Fetching news for BTC-EUR...
2026-02-01 17:58:48,253 - core.data_storage - INFO - [OK] Saved 7 news articles for BTC-EUR to .\data\news\BTC-EUR_news.json
2026-02-01 17:58:48,254 - root - ERROR - Pipeline failed: 'charmap' codec can't encode character '\u2717' in position 0: character maps to <undefined>
Traceback (most recent call last):
  File "C:\Users\ahmty\Desktop\finAdvice\algotrade_datascience\main_data_pipeline.py", line 160, in run_pipeline
    print(f"✓ ({len(news_df_limited)} articles)")
  File "C:\Program Files\WindowsApps\PythonSoftwareFoundation.Python.3.11_3.11.2544.0_x64__qbz5n2kfra8p0\Lib\encodings\cp1252.py", line 19, in encode
    return codecs.charmap_encode(input,self.errors,encoding_table)[0]
           ^^^^^^^^^^^^^^^^^^^^^^^^^^^^^^^^^^^^^^^^^^^^^^^^^^^^^^^
UnicodeEncodeError: 'charmap' codec can't encode character '\u2713' in position 0: character maps to <undefined>

During handling of the above exception, another exception occurred:

Traceback (most recent call last):
  File "C:\Users\ahmty\Desktop\finAdvice\algotrade_datascience\main_data_pipeline.py", line 236, in main
    run_pipeline(
  File "C:\Users\ahmty\Desktop\finAdvice\algotrade_datascience\main_data_pipeline.py", line 168, in run_pipeline
    print(f"✗ (error: {e})")
  File "C:\Program Files\WindowsApps\PythonSoftwareFoundation.Python.3.11_3.11.2544.0_x64__qbz5n2kfra8p0\Lib\encodings\cp1252.py", line 19, in encode
    return codecs.charmap_encode(input,self.errors,encoding_table)[0]
           ^^^^^^^^^^^^^^^^^^^^^^^^^^^^^^^^^^^^^^^^^^^^^^^^^^^^^^^
UnicodeEncodeError: 'charmap' codec can't encode character '\u2717' in position 0: character maps to <undefined>
2026-02-01 18:16:27,058 - core.ticker_selector - INFO - Manual tickers set: ['AAPL']
2026-02-01 18:16:27,899 - core.ticker_selector - INFO - [OK] Valid ticker: AAPL
2026-02-01 18:16:27,900 - core.ticker_selector - INFO - Validation complete: 1/1 tickers valid
2026-02-01 18:16:27,901 - core.data_fetcher - INFO - 
============================================================
2026-02-01 18:16:27,901 - core.data_fetcher - INFO - Fetching all timeframes for AAPL
2026-02-01 18:16:27,903 - core.data_fetcher - INFO - ============================================================
2026-02-01 18:16:27,903 - core.data_fetcher - INFO - Fetching AAPL - 4h (attempt 1/3)
2026-02-01 18:42:02,512 - core.ticker_selector - INFO - Manual tickers set: ['BTC-EUR']
2026-02-01 18:42:03,560 - core.ticker_selector - INFO - [OK] Valid ticker: BTC-EUR
2026-02-01 18:42:03,561 - core.ticker_selector - INFO - Validation complete: 1/1 tickers valid
2026-02-01 18:42:03,561 - core.data_fetcher - INFO - 
============================================================
2026-02-01 18:42:03,561 - core.data_fetcher - INFO - Fetching all timeframes for BTC-EUR
2026-02-01 18:42:03,563 - core.data_fetcher - INFO - ============================================================
2026-02-01 18:42:03,563 - core.data_fetcher - INFO - Fetching BTC-EUR - 4h (attempt 1/3)
2026-02-01 18:42:03,924 - core.data_fetcher - INFO - Resampling hourly data to 4-hour intervals
2026-02-01 18:42:03,952 - core.data_fetcher - INFO - [OK] Successfully fetched 360 rows for BTC-EUR at 4h
2026-02-01 18:42:03,952 - core.data_fetcher - INFO - Fetching BTC-EUR - 1d (attempt 1/3)
2026-02-01 18:42:04,148 - core.data_fetcher - INFO - [OK] Successfully fetched 504 rows for BTC-EUR at 1d
2026-02-01 18:42:04,149 - core.data_fetcher - INFO - Fetching BTC-EUR - 1wk (attempt 1/3)
2026-02-01 18:42:04,422 - core.data_fetcher - INFO - [OK] Successfully fetched 104 rows for BTC-EUR at 1wk
2026-02-01 18:42:04,422 - core.data_fetcher - INFO - Fetching BTC-EUR - 1mo (attempt 1/3)
2026-02-01 18:42:04,636 - core.data_fetcher - INFO - [OK] Successfully fetched 60 rows for BTC-EUR at 1mo
2026-02-01 18:42:04,638 - core.data_fetcher - INFO - Fetching BTC-EUR - 3mo (attempt 1/3)
2026-02-01 18:42:04,823 - core.data_fetcher - INFO - [OK] Successfully fetched 20 rows for BTC-EUR at 3mo
2026-02-01 18:42:04,825 - core.data_fetcher - INFO - Fetching BTC-EUR - 1h (attempt 1/3)
2026-02-01 18:42:05,090 - core.data_fetcher - WARNING - BTC-EUR 1h: 51.2% rows have zero volume
2026-02-01 18:42:05,097 - core.data_fetcher - INFO - [OK] Successfully fetched 1440 rows for BTC-EUR at 1h
2026-02-01 18:42:05,098 - core.data_fetcher - INFO - Fetching BTC-EUR - 30m (attempt 1/3)
2026-02-01 18:42:05,513 - core.data_fetcher - INFO - [OK] Successfully fetched 1440 rows for BTC-EUR at 30m
2026-02-01 18:42:05,514 - core.data_fetcher - INFO - Fetching BTC-EUR - 15m (attempt 1/3)
2026-02-01 18:42:05,860 - core.data_fetcher - INFO - [OK] Successfully fetched 2880 rows for BTC-EUR at 15m
2026-02-01 18:42:05,861 - core.data_fetcher - INFO - Fetching BTC-EUR - 5m (attempt 1/3)
2026-02-01 18:42:06,058 - core.data_fetcher - WARNING - BTC-EUR 5m: 49.1% rows have zero volume
2026-02-01 18:42:06,065 - core.data_fetcher - INFO - [OK] Successfully fetched 1365 rows for BTC-EUR at 5m
2026-02-01 18:42:06,065 - core.data_fetcher - INFO - Fetching BTC-EUR - 3m (attempt 1/3)
2026-02-01 18:42:06,229 - core.data_fetcher - INFO - Resampling 1-minute data to 3-minute intervals
2026-02-01 18:42:06,239 - core.data_fetcher - WARNING - BTC-EUR 3m: 47.4% rows have zero volume
2026-02-01 18:42:06,242 - core.data_fetcher - INFO - [OK] Successfully fetched 19 rows for BTC-EUR at 3m
2026-02-01 18:42:06,242 - core.data_fetcher - INFO - Fetching BTC-EUR - 2m (attempt 1/3)
2026-02-01 18:42:06,506 - core.data_fetcher - WARNING - BTC-EUR 2m: 65.5% rows have zero volume
2026-02-01 18:42:06,510 - core.data_fetcher - INFO - [OK] Successfully fetched 29 rows for BTC-EUR at 2m
2026-02-01 18:42:06,510 - core.data_fetcher - INFO - Fetching BTC-EUR - 1m (attempt 1/3)
2026-02-01 18:42:06,915 - core.data_fetcher - WARNING - BTC-EUR 1m: 76.9% rows have zero volume
2026-02-01 18:42:06,919 - core.data_fetcher - INFO - [OK] Successfully fetched 52 rows for BTC-EUR at 1m
2026-02-01 18:42:07,927 - core.data_storage - INFO - 
Saving all timeframes for BTC-EUR
2026-02-01 18:42:07,951 - core.data_storage - INFO - [OK] Saved BTC-EUR 4h to .\data/raw\BTC-EUR\BTC-EUR_4h_20260201.csv (360 rows)
2026-02-01 18:42:08,023 - core.data_storage - INFO - Metadata saved to .\data/metadata.json
2026-02-01 18:42:08,033 - core.data_storage - INFO - [OK] Saved BTC-EUR 1d to .\data/raw\BTC-EUR\BTC-EUR_1d_20260201.csv (504 rows)
2026-02-01 18:42:08,100 - core.data_storage - INFO - Metadata saved to .\data/metadata.json
2026-02-01 18:42:08,108 - core.data_storage - INFO - [OK] Saved BTC-EUR 1wk to .\data/raw\BTC-EUR\BTC-EUR_1wk_20260201.csv (104 rows)
2026-02-01 18:42:08,160 - core.data_storage - INFO - Metadata saved to .\data/metadata.json
2026-02-01 18:42:08,165 - core.data_storage - INFO - [OK] Saved BTC-EUR 1mo to .\data/raw\BTC-EUR\BTC-EUR_1mo_20260201.csv (60 rows)
2026-02-01 18:42:08,226 - core.data_storage - INFO - Metadata saved to .\data/metadata.json
2026-02-01 18:42:08,233 - core.data_storage - INFO - [OK] Saved BTC-EUR 3mo to .\data/raw\BTC-EUR\BTC-EUR_3mo_20260201.csv (20 rows)
2026-02-01 18:42:08,290 - core.data_storage - INFO - Metadata saved to .\data/metadata.json
2026-02-01 18:42:08,325 - core.data_storage - INFO - [OK] Saved BTC-EUR 1h to .\data/raw\BTC-EUR\BTC-EUR_1h_20260201.csv (1440 rows)
2026-02-01 18:42:08,399 - core.data_storage - INFO - Metadata saved to .\data/metadata.json
2026-02-01 18:42:08,436 - core.data_storage - INFO - [OK] Saved BTC-EUR 30m to .\data/raw\BTC-EUR\BTC-EUR_30m_20260201.csv (1440 rows)
2026-02-01 18:42:08,505 - core.data_storage - INFO - Metadata saved to .\data/metadata.json
2026-02-01 18:42:08,570 - core.data_storage - INFO - [OK] Saved BTC-EUR 15m to .\data/raw\BTC-EUR\BTC-EUR_15m_20260201.csv (2880 rows)
2026-02-01 18:42:08,638 - core.data_storage - INFO - Metadata saved to .\data/metadata.json
2026-02-01 18:42:08,680 - core.data_storage - INFO - [OK] Saved BTC-EUR 5m to .\data/raw\BTC-EUR\BTC-EUR_5m_20260201.csv (1365 rows)
2026-02-01 18:42:08,743 - core.data_storage - INFO - Metadata saved to .\data/metadata.json
2026-02-01 18:42:08,750 - core.data_storage - INFO - [OK] Saved BTC-EUR 3m to .\data/raw\BTC-EUR\BTC-EUR_3m_20260201.csv (19 rows)
2026-02-01 18:42:08,808 - core.data_storage - INFO - Metadata saved to .\data/metadata.json
2026-02-01 18:42:08,812 - core.data_storage - INFO - [OK] Saved BTC-EUR 2m to .\data/raw\BTC-EUR\BTC-EUR_2m_20260201.csv (29 rows)
2026-02-01 18:42:08,873 - core.data_storage - INFO - Metadata saved to .\data/metadata.json
2026-02-01 18:42:08,880 - core.data_storage - INFO - [OK] Saved BTC-EUR 1m to .\data/raw\BTC-EUR\BTC-EUR_1m_20260201.csv (52 rows)
2026-02-01 18:42:08,943 - core.data_storage - INFO - Metadata saved to .\data/metadata.json
2026-02-01 18:42:08,943 - core.data_storage - INFO - 
============================================================
2026-02-01 18:42:08,943 - core.data_storage - INFO - SAVE SUMMARY:
2026-02-01 18:42:08,945 - core.data_storage - INFO - Saved 12/12 files
2026-02-01 18:42:08,945 - core.data_storage - INFO - Success rate: 100.0%
2026-02-01 18:42:08,945 - core.data_storage - INFO - ============================================================
2026-02-01 18:42:08,947 - core.news_fetcher - INFO - Fetching news for BTC-EUR...
2026-02-01 18:42:09,118 - core.data_storage - INFO - [OK] Saved 7 news articles for BTC-EUR to .\data\news\BTC-EUR_news.json
2026-02-01 18:42:09,119 - root - ERROR - Pipeline failed: 'charmap' codec can't encode character '\u2717' in position 0: character maps to <undefined>
Traceback (most recent call last):
  File "C:\Users\ahmty\Desktop\finAdvice\algotrade_datascience\main_data_pipeline.py", line 160, in run_pipeline
    print(f"✓ ({len(news_df_limited)} articles)")
  File "C:\Program Files\WindowsApps\PythonSoftwareFoundation.Python.3.11_3.11.2544.0_x64__qbz5n2kfra8p0\Lib\encodings\cp1252.py", line 19, in encode
    return codecs.charmap_encode(input,self.errors,encoding_table)[0]
           ^^^^^^^^^^^^^^^^^^^^^^^^^^^^^^^^^^^^^^^^^^^^^^^^^^^^^^^
UnicodeEncodeError: 'charmap' codec can't encode character '\u2713' in position 0: character maps to <undefined>

During handling of the above exception, another exception occurred:

Traceback (most recent call last):
  File "C:\Users\ahmty\Desktop\finAdvice\algotrade_datascience\main_data_pipeline.py", line 236, in main
    run_pipeline(
  File "C:\Users\ahmty\Desktop\finAdvice\algotrade_datascience\main_data_pipeline.py", line 168, in run_pipeline
    print(f"✗ (error: {e})")
  File "C:\Program Files\WindowsApps\PythonSoftwareFoundation.Python.3.11_3.11.2544.0_x64__qbz5n2kfra8p0\Lib\encodings\cp1252.py", line 19, in encode
    return codecs.charmap_encode(input,self.errors,encoding_table)[0]
           ^^^^^^^^^^^^^^^^^^^^^^^^^^^^^^^^^^^^^^^^^^^^^^^^^^^^^^^
UnicodeEncodeError: 'charmap' codec can't encode character '\u2717' in position 0: character maps to <undefined>
2026-02-02 10:14:19,978 - core.ticker_selector - INFO - Manual tickers set: ['AAPL']
2026-02-02 10:14:20,809 - core.ticker_selector - INFO - [OK] Valid ticker: AAPL
2026-02-02 10:14:20,811 - core.ticker_selector - INFO - Validation complete: 1/1 tickers valid
2026-02-02 10:14:20,811 - core.data_fetcher - INFO - 
============================================================
2026-02-02 10:14:20,811 - core.data_fetcher - INFO - Fetching all timeframes for AAPL
2026-02-02 10:14:20,812 - core.data_fetcher - INFO - ============================================================
2026-02-02 10:14:20,812 - core.data_fetcher - INFO - Fetching AAPL - 4h (attempt 1/3)
2026-02-02 10:14:34,520 - core.data_fetcher - INFO - Resampling hourly data to 4-hour intervals
2026-02-02 10:14:34,555 - core.data_fetcher - INFO - [OK] Successfully fetched 116 rows for AAPL at 4h
2026-02-02 10:14:34,555 - core.data_fetcher - INFO - Fetching AAPL - 1d (attempt 1/3)
2026-02-02 10:14:34,821 - core.data_fetcher - INFO - [OK] Successfully fetched 344 rows for AAPL at 1d
2026-02-02 10:14:34,821 - core.data_fetcher - INFO - Fetching AAPL - 1wk (attempt 1/3)
2026-02-02 10:14:35,111 - core.data_fetcher - INFO - [OK] Successfully fetched 104 rows for AAPL at 1wk
2026-02-02 10:14:35,111 - core.data_fetcher - INFO - Fetching AAPL - 1mo (attempt 1/3)
2026-02-02 10:14:35,394 - core.data_fetcher - INFO - [OK] Successfully fetched 59 rows for AAPL at 1mo
2026-02-02 10:14:35,395 - core.data_fetcher - INFO - Fetching AAPL - 3mo (attempt 1/3)
2026-02-02 10:14:35,627 - core.data_fetcher - INFO - [OK] Successfully fetched 20 rows for AAPL at 3mo
2026-02-02 10:14:35,627 - core.data_fetcher - INFO - Fetching AAPL - 1h (attempt 1/3)
2026-02-02 10:14:36,009 - core.data_fetcher - INFO - [OK] Successfully fetched 269 rows for AAPL at 1h
2026-02-02 10:14:36,010 - core.data_fetcher - INFO - Fetching AAPL - 30m (attempt 1/3)
2026-02-02 10:14:36,432 - core.data_fetcher - INFO - [OK] Successfully fetched 247 rows for AAPL at 30m
2026-02-02 10:14:36,432 - core.data_fetcher - INFO - Fetching AAPL - 15m (attempt 1/3)
2026-02-02 10:14:36,762 - core.data_fetcher - INFO - [OK] Successfully fetched 494 rows for AAPL at 15m
2026-02-02 10:14:36,762 - core.data_fetcher - INFO - Fetching AAPL - 5m (attempt 1/3)
2026-02-02 10:14:36,985 - core.data_fetcher - INFO - [OK] Successfully fetched 234 rows for AAPL at 5m
2026-02-02 10:14:36,985 - core.data_fetcher - INFO - Fetching AAPL - 3m (attempt 1/3)
2026-02-02 10:14:37,182 - core.data_fetcher - INFO - Resampling 1-minute data to 3-minute intervals
2026-02-02 10:14:37,194 - core.data_fetcher - WARNING - AAPL 3m: Only 0 rows (expected >= 15)
2026-02-02 10:14:37,195 - core.data_fetcher - WARNING - Data quality check failed for AAPL at 3m
2026-02-02 10:14:39,196 - core.data_fetcher - INFO - Fetching AAPL - 3m (attempt 2/3)
2026-02-02 10:14:39,364 - core.data_fetcher - INFO - Resampling 1-minute data to 3-minute intervals
2026-02-02 10:14:39,372 - core.data_fetcher - WARNING - AAPL 3m: Only 0 rows (expected >= 15)
2026-02-02 10:14:39,373 - core.data_fetcher - WARNING - Data quality check failed for AAPL at 3m
2026-02-02 10:14:41,373 - core.data_fetcher - INFO - Fetching AAPL - 3m (attempt 3/3)
2026-02-02 10:14:41,566 - core.data_fetcher - INFO - Resampling 1-minute data to 3-minute intervals
2026-02-02 10:14:41,575 - core.data_fetcher - WARNING - AAPL 3m: Only 0 rows (expected >= 15)
2026-02-02 10:14:41,575 - core.data_fetcher - WARNING - Data quality check failed for AAPL at 3m
2026-02-02 10:14:41,577 - core.data_fetcher - INFO - [OK] Successfully fetched 0 rows for AAPL at 3m
2026-02-02 10:14:41,577 - core.data_fetcher - INFO - Fetching AAPL - 2m (attempt 1/3)
2026-02-02 10:14:41,743 - core.data_fetcher - WARNING - AAPL 2m: Only 0 rows (expected >= 20)
2026-02-02 10:14:41,745 - core.data_fetcher - WARNING - Data quality check failed for AAPL at 2m
2026-02-02 10:14:43,745 - core.data_fetcher - INFO - Fetching AAPL - 2m (attempt 2/3)
2026-02-02 10:14:43,919 - core.data_fetcher - WARNING - AAPL 2m: Only 0 rows (expected >= 20)
2026-02-02 10:14:43,919 - core.data_fetcher - WARNING - Data quality check failed for AAPL at 2m
2026-02-02 10:14:45,920 - core.data_fetcher - INFO - Fetching AAPL - 2m (attempt 3/3)
2026-02-02 10:14:46,041 - core.data_fetcher - WARNING - AAPL 2m: Only 0 rows (expected >= 20)
2026-02-02 10:14:46,041 - core.data_fetcher - WARNING - Data quality check failed for AAPL at 2m
2026-02-02 10:14:46,045 - core.data_fetcher - INFO - [OK] Successfully fetched 0 rows for AAPL at 2m
2026-02-02 10:14:46,045 - core.data_fetcher - INFO - Fetching AAPL - 1m (attempt 1/3)
2026-02-02 10:14:46,227 - core.data_fetcher - WARNING - AAPL 1m: Only 0 rows (expected >= 30)
2026-02-02 10:14:46,227 - core.data_fetcher - WARNING - Data quality check failed for AAPL at 1m
2026-02-02 10:14:48,228 - core.data_fetcher - INFO - Fetching AAPL - 1m (attempt 2/3)
2026-02-02 10:14:48,350 - core.data_fetcher - WARNING - AAPL 1m: Only 0 rows (expected >= 30)
2026-02-02 10:14:48,350 - core.data_fetcher - WARNING - Data quality check failed for AAPL at 1m
2026-02-02 10:14:50,351 - core.data_fetcher - INFO - Fetching AAPL - 1m (attempt 3/3)
2026-02-02 10:14:50,555 - core.data_fetcher - WARNING - AAPL 1m: Only 0 rows (expected >= 30)
2026-02-02 10:14:50,555 - core.data_fetcher - WARNING - Data quality check failed for AAPL at 1m
2026-02-02 10:14:50,559 - core.data_fetcher - INFO - [OK] Successfully fetched 0 rows for AAPL at 1m
2026-02-02 10:14:51,570 - core.data_storage - INFO - 
Saving all timeframes for AAPL
2026-02-02 10:14:51,587 - core.data_storage - INFO - [OK] Saved AAPL 4h to .\data/raw\AAPL\AAPL_4h_20260202.csv (116 rows)
2026-02-02 10:14:51,657 - core.data_storage - INFO - Metadata saved to .\data/metadata.json
2026-02-02 10:14:51,669 - core.data_storage - INFO - [OK] Saved AAPL 1d to .\data/raw\AAPL\AAPL_1d_20260202.csv (344 rows)
2026-02-02 10:14:51,725 - core.data_storage - INFO - Metadata saved to .\data/metadata.json
2026-02-02 10:14:51,732 - core.data_storage - INFO - [OK] Saved AAPL 1wk to .\data/raw\AAPL\AAPL_1wk_20260202.csv (104 rows)
2026-02-02 10:14:51,789 - core.data_storage - INFO - Metadata saved to .\data/metadata.json
2026-02-02 10:14:51,794 - core.data_storage - INFO - [OK] Saved AAPL 1mo to .\data/raw\AAPL\AAPL_1mo_20260202.csv (59 rows)
2026-02-02 10:14:51,845 - core.data_storage - INFO - Metadata saved to .\data/metadata.json
2026-02-02 10:14:51,850 - core.data_storage - INFO - [OK] Saved AAPL 3mo to .\data/raw\AAPL\AAPL_3mo_20260202.csv (20 rows)
2026-02-02 10:14:51,953 - core.data_storage - INFO - Metadata saved to .\data/metadata.json
2026-02-02 10:14:51,965 - core.data_storage - INFO - [OK] Saved AAPL 1h to .\data/raw\AAPL\AAPL_1h_20260202.csv (269 rows)
2026-02-02 10:14:52,032 - core.data_storage - INFO - Metadata saved to .\data/metadata.json
2026-02-02 10:14:52,050 - core.data_storage - INFO - [OK] Saved AAPL 30m to .\data/raw\AAPL\AAPL_30m_20260202.csv (247 rows)
2026-02-02 10:14:52,113 - core.data_storage - INFO - Metadata saved to .\data/metadata.json
2026-02-02 10:14:52,132 - core.data_storage - INFO - [OK] Saved AAPL 15m to .\data/raw\AAPL\AAPL_15m_20260202.csv (494 rows)
2026-02-02 10:14:52,192 - core.data_storage - INFO - Metadata saved to .\data/metadata.json
2026-02-02 10:14:52,202 - core.data_storage - INFO - [OK] Saved AAPL 5m to .\data/raw\AAPL\AAPL_5m_20260202.csv (234 rows)
2026-02-02 10:14:52,269 - core.data_storage - INFO - Metadata saved to .\data/metadata.json
2026-02-02 10:14:52,269 - core.data_storage - INFO - 
============================================================
2026-02-02 10:14:52,269 - core.data_storage - INFO - SAVE SUMMARY:
2026-02-02 10:14:52,270 - core.data_storage - INFO - Saved 9/12 files
2026-02-02 10:14:52,270 - core.data_storage - INFO - Success rate: 75.0%
2026-02-02 10:14:52,273 - core.data_storage - INFO - ============================================================
2026-02-02 10:14:52,275 - core.news_fetcher - INFO - Fetching news for AAPL...
2026-02-02 10:14:52,487 - core.data_storage - INFO - [OK] Saved 10 news articles for AAPL to .\data\news\AAPL_news.json
2026-02-02 10:14:52,487 - root - ERROR - Pipeline failed: 'charmap' codec can't encode character '\u2717' in position 0: character maps to <undefined>
Traceback (most recent call last):
  File "C:\Users\ahmty\Desktop\finAdvice\algotrade_datascience\main_data_pipeline.py", line 160, in run_pipeline
    print(f"✓ ({len(news_df_limited)} articles)")
  File "C:\Program Files\WindowsApps\PythonSoftwareFoundation.Python.3.11_3.11.2544.0_x64__qbz5n2kfra8p0\Lib\encodings\cp1252.py", line 19, in encode
    return codecs.charmap_encode(input,self.errors,encoding_table)[0]
           ^^^^^^^^^^^^^^^^^^^^^^^^^^^^^^^^^^^^^^^^^^^^^^^^^^^^^^^
UnicodeEncodeError: 'charmap' codec can't encode character '\u2713' in position 0: character maps to <undefined>

During handling of the above exception, another exception occurred:

Traceback (most recent call last):
  File "C:\Users\ahmty\Desktop\finAdvice\algotrade_datascience\main_data_pipeline.py", line 236, in main
    run_pipeline(
  File "C:\Users\ahmty\Desktop\finAdvice\algotrade_datascience\main_data_pipeline.py", line 168, in run_pipeline
    print(f"✗ (error: {e})")
  File "C:\Program Files\WindowsApps\PythonSoftwareFoundation.Python.3.11_3.11.2544.0_x64__qbz5n2kfra8p0\Lib\encodings\cp1252.py", line 19, in encode
    return codecs.charmap_encode(input,self.errors,encoding_table)[0]
           ^^^^^^^^^^^^^^^^^^^^^^^^^^^^^^^^^^^^^^^^^^^^^^^^^^^^^^^
UnicodeEncodeError: 'charmap' codec can't encode character '\u2717' in position 0: character maps to <undefined>
2026-02-02 11:10:48,827 - core.ticker_selector - INFO - Manual tickers set: ['BTC-EUR']
2026-02-02 11:10:49,551 - core.ticker_selector - INFO - [OK] Valid ticker: BTC-EUR
2026-02-02 11:10:49,552 - core.ticker_selector - INFO - Validation complete: 1/1 tickers valid
2026-02-02 11:10:49,552 - core.data_fetcher - INFO - 
============================================================
2026-02-02 11:10:49,552 - core.data_fetcher - INFO - Fetching all timeframes for BTC-EUR
2026-02-02 11:10:49,552 - core.data_fetcher - INFO - ============================================================
2026-02-02 11:10:49,553 - core.data_fetcher - INFO - Fetching BTC-EUR - 4h (attempt 1/3)
2026-02-02 11:10:49,839 - core.data_fetcher - INFO - Resampling hourly data to 4-hour intervals
2026-02-02 11:10:49,861 - core.data_fetcher - INFO - [OK] Successfully fetched 360 rows for BTC-EUR at 4h
2026-02-02 11:10:49,863 - core.data_fetcher - INFO - Fetching BTC-EUR - 1d (attempt 1/3)
2026-02-02 11:10:50,044 - core.data_fetcher - INFO - [OK] Successfully fetched 504 rows for BTC-EUR at 1d
2026-02-02 11:10:50,044 - core.data_fetcher - INFO - Fetching BTC-EUR - 1wk (attempt 1/3)
2026-02-02 11:10:50,191 - core.data_fetcher - INFO - [OK] Successfully fetched 105 rows for BTC-EUR at 1wk
2026-02-02 11:10:50,192 - core.data_fetcher - INFO - Fetching BTC-EUR - 1mo (attempt 1/3)
2026-02-02 11:10:50,304 - core.data_fetcher - INFO - [OK] Successfully fetched 60 rows for BTC-EUR at 1mo
2026-02-02 11:10:50,304 - core.data_fetcher - INFO - Fetching BTC-EUR - 3mo (attempt 1/3)
2026-02-02 11:10:50,417 - core.data_fetcher - INFO - [OK] Successfully fetched 20 rows for BTC-EUR at 3mo
2026-02-02 11:10:50,417 - core.data_fetcher - INFO - Fetching BTC-EUR - 1h (attempt 1/3)
2026-02-02 11:10:50,596 - core.data_fetcher - WARNING - BTC-EUR 1h: 50.4% rows have zero volume
2026-02-02 11:10:50,599 - core.data_fetcher - INFO - [OK] Successfully fetched 1440 rows for BTC-EUR at 1h
2026-02-02 11:10:50,599 - core.data_fetcher - INFO - Fetching BTC-EUR - 30m (attempt 1/3)
2026-02-02 11:10:50,906 - core.data_fetcher - INFO - [OK] Successfully fetched 1440 rows for BTC-EUR at 30m
2026-02-02 11:10:50,906 - core.data_fetcher - INFO - Fetching BTC-EUR - 15m (attempt 1/3)
2026-02-02 11:10:51,150 - core.data_fetcher - INFO - [OK] Successfully fetched 2880 rows for BTC-EUR at 15m
2026-02-02 11:10:51,150 - core.data_fetcher - INFO - Fetching BTC-EUR - 5m (attempt 1/3)
2026-02-02 11:10:51,352 - core.data_fetcher - WARNING - BTC-EUR 5m: 47.4% rows have zero volume
2026-02-02 11:10:51,355 - core.data_fetcher - INFO - [OK] Successfully fetched 1274 rows for BTC-EUR at 5m
2026-02-02 11:10:51,355 - core.data_fetcher - INFO - Fetching BTC-EUR - 3m (attempt 1/3)
2026-02-02 11:10:51,486 - core.data_fetcher - INFO - Resampling 1-minute data to 3-minute intervals
2026-02-02 11:10:51,493 - core.data_fetcher - INFO - [OK] Successfully fetched 19 rows for BTC-EUR at 3m
2026-02-02 11:10:51,493 - core.data_fetcher - INFO - Fetching BTC-EUR - 2m (attempt 1/3)
2026-02-02 11:10:51,679 - core.data_fetcher - INFO - [OK] Successfully fetched 29 rows for BTC-EUR at 2m
2026-02-02 11:10:51,679 - core.data_fetcher - INFO - Fetching BTC-EUR - 1m (attempt 1/3)
2026-02-02 11:10:51,803 - core.data_fetcher - WARNING - BTC-EUR 1m: 36.0% rows have zero volume
2026-02-02 11:10:51,805 - core.data_fetcher - INFO - [OK] Successfully fetched 50 rows for BTC-EUR at 1m
2026-02-02 11:10:52,808 - core.data_storage - INFO - 
Saving all timeframes for BTC-EUR
2026-02-02 11:10:52,828 - core.data_storage - INFO - [OK] Saved BTC-EUR 4h to .\data/raw\BTC-EUR\BTC-EUR_4h_20260202.csv (360 rows)
2026-02-02 11:10:52,863 - core.data_storage - INFO - Metadata saved to .\data/metadata.json
2026-02-02 11:10:52,869 - core.data_storage - INFO - [OK] Saved BTC-EUR 1d to .\data/raw\BTC-EUR\BTC-EUR_1d_20260202.csv (504 rows)
2026-02-02 11:10:52,917 - core.data_storage - INFO - Metadata saved to .\data/metadata.json
2026-02-02 11:10:52,921 - core.data_storage - INFO - [OK] Saved BTC-EUR 1wk to .\data/raw\BTC-EUR\BTC-EUR_1wk_20260202.csv (105 rows)
2026-02-02 11:10:52,963 - core.data_storage - INFO - Metadata saved to .\data/metadata.json
2026-02-02 11:10:52,966 - core.data_storage - INFO - [OK] Saved BTC-EUR 1mo to .\data/raw\BTC-EUR\BTC-EUR_1mo_20260202.csv (60 rows)
2026-02-02 11:10:53,006 - core.data_storage - INFO - Metadata saved to .\data/metadata.json
2026-02-02 11:10:53,010 - core.data_storage - INFO - [OK] Saved BTC-EUR 3mo to .\data/raw\BTC-EUR\BTC-EUR_3mo_20260202.csv (20 rows)
2026-02-02 11:10:53,055 - core.data_storage - INFO - Metadata saved to .\data/metadata.json
2026-02-02 11:10:53,073 - core.data_storage - INFO - [OK] Saved BTC-EUR 1h to .\data/raw\BTC-EUR\BTC-EUR_1h_20260202.csv (1440 rows)
2026-02-02 11:10:53,115 - core.data_storage - INFO - Metadata saved to .\data/metadata.json
2026-02-02 11:10:53,134 - core.data_storage - INFO - [OK] Saved BTC-EUR 30m to .\data/raw\BTC-EUR\BTC-EUR_30m_20260202.csv (1440 rows)
2026-02-02 11:10:53,192 - core.data_storage - INFO - Metadata saved to .\data/metadata.json
2026-02-02 11:10:53,233 - core.data_storage - INFO - [OK] Saved BTC-EUR 15m to .\data/raw\BTC-EUR\BTC-EUR_15m_20260202.csv (2880 rows)
2026-02-02 11:10:53,307 - core.data_storage - INFO - Metadata saved to .\data/metadata.json
2026-02-02 11:10:53,323 - core.data_storage - INFO - [OK] Saved BTC-EUR 5m to .\data/raw\BTC-EUR\BTC-EUR_5m_20260202.csv (1274 rows)
2026-02-02 11:10:53,387 - core.data_storage - INFO - Metadata saved to .\data/metadata.json
2026-02-02 11:10:53,393 - core.data_storage - INFO - [OK] Saved BTC-EUR 3m to .\data/raw\BTC-EUR\BTC-EUR_3m_20260202.csv (19 rows)
2026-02-02 11:10:53,481 - core.data_storage - INFO - Metadata saved to .\data/metadata.json
2026-02-02 11:10:53,490 - core.data_storage - INFO - [OK] Saved BTC-EUR 2m to .\data/raw\BTC-EUR\BTC-EUR_2m_20260202.csv (29 rows)
2026-02-02 11:10:53,549 - core.data_storage - INFO - Metadata saved to .\data/metadata.json
2026-02-02 11:10:53,553 - core.data_storage - INFO - [OK] Saved BTC-EUR 1m to .\data/raw\BTC-EUR\BTC-EUR_1m_20260202.csv (50 rows)
2026-02-02 11:10:53,594 - core.data_storage - INFO - Metadata saved to .\data/metadata.json
2026-02-02 11:10:53,596 - core.data_storage - INFO - 
============================================================
2026-02-02 11:10:53,596 - core.data_storage - INFO - SAVE SUMMARY:
2026-02-02 11:10:53,596 - core.data_storage - INFO - Saved 12/12 files
2026-02-02 11:10:53,596 - core.data_storage - INFO - Success rate: 100.0%
2026-02-02 11:10:53,596 - core.data_storage - INFO - ============================================================
2026-02-02 11:10:53,597 - core.news_fetcher - INFO - Fetching news for BTC-EUR...
2026-02-02 11:10:53,883 - core.data_storage - INFO - [OK] Saved 7 news articles for BTC-EUR to .\data\news\BTC-EUR_news.json
2026-02-02 11:10:53,884 - root - ERROR - Pipeline failed: 'charmap' codec can't encode character '\u2717' in position 0: character maps to <undefined>
Traceback (most recent call last):
  File "C:\Users\ahmty\Desktop\finAdvice\algotrade_datascience\main_data_pipeline.py", line 160, in run_pipeline
    print(f"✓ ({len(news_df_limited)} articles)")
  File "C:\Program Files\WindowsApps\PythonSoftwareFoundation.Python.3.11_3.11.2544.0_x64__qbz5n2kfra8p0\Lib\encodings\cp1252.py", line 19, in encode
    return codecs.charmap_encode(input,self.errors,encoding_table)[0]
           ^^^^^^^^^^^^^^^^^^^^^^^^^^^^^^^^^^^^^^^^^^^^^^^^^^^^^^^
UnicodeEncodeError: 'charmap' codec can't encode character '\u2713' in position 0: character maps to <undefined>

During handling of the above exception, another exception occurred:

Traceback (most recent call last):
  File "C:\Users\ahmty\Desktop\finAdvice\algotrade_datascience\main_data_pipeline.py", line 236, in main
    run_pipeline(
  File "C:\Users\ahmty\Desktop\finAdvice\algotrade_datascience\main_data_pipeline.py", line 168, in run_pipeline
    print(f"✗ (error: {e})")
  File "C:\Program Files\WindowsApps\PythonSoftwareFoundation.Python.3.11_3.11.2544.0_x64__qbz5n2kfra8p0\Lib\encodings\cp1252.py", line 19, in encode
    return codecs.charmap_encode(input,self.errors,encoding_table)[0]
           ^^^^^^^^^^^^^^^^^^^^^^^^^^^^^^^^^^^^^^^^^^^^^^^^^^^^^^^
UnicodeEncodeError: 'charmap' codec can't encode character '\u2717' in position 0: character maps to <undefined>
2026-02-02 11:27:13,707 - core.ticker_selector - INFO - Manual tickers set: ['AA']
2026-02-02 11:27:14,563 - core.ticker_selector - INFO - [OK] Valid ticker: AA
2026-02-02 11:27:14,564 - core.ticker_selector - INFO - Validation complete: 1/1 tickers valid
2026-02-02 11:27:14,564 - core.data_fetcher - INFO - 
============================================================
2026-02-02 11:27:14,564 - core.data_fetcher - INFO - Fetching all timeframes for AA
2026-02-02 11:27:14,565 - core.data_fetcher - INFO - ============================================================
2026-02-02 11:27:14,565 - core.data_fetcher - INFO - Fetching AA - 4h (attempt 1/3)
2026-02-02 11:27:15,116 - core.data_fetcher - INFO - Resampling hourly data to 4-hour intervals
2026-02-02 11:27:15,146 - core.data_fetcher - INFO - [OK] Successfully fetched 116 rows for AA at 4h
2026-02-02 11:27:15,146 - core.data_fetcher - INFO - Fetching AA - 1d (attempt 1/3)
2026-02-02 11:27:15,571 - core.data_fetcher - INFO - [OK] Successfully fetched 344 rows for AA at 1d
2026-02-02 11:27:15,571 - core.data_fetcher - INFO - Fetching AA - 1wk (attempt 1/3)
2026-02-02 11:27:15,839 - core.data_fetcher - INFO - [OK] Successfully fetched 104 rows for AA at 1wk
2026-02-02 11:27:15,839 - core.data_fetcher - INFO - Fetching AA - 1mo (attempt 1/3)
2026-02-02 11:27:16,367 - core.data_fetcher - INFO - [OK] Successfully fetched 59 rows for AA at 1mo
2026-02-02 11:27:16,369 - core.data_fetcher - INFO - Fetching AA - 3mo (attempt 1/3)
2026-02-02 11:27:16,767 - core.data_fetcher - INFO - [OK] Successfully fetched 20 rows for AA at 3mo
2026-02-02 11:27:16,767 - core.data_fetcher - INFO - Fetching AA - 1h (attempt 1/3)
2026-02-02 11:27:16,932 - core.data_fetcher - INFO - [OK] Successfully fetched 269 rows for AA at 1h
2026-02-02 11:27:16,932 - core.data_fetcher - INFO - Fetching AA - 30m (attempt 1/3)
2026-02-02 11:27:17,132 - core.data_fetcher - INFO - [OK] Successfully fetched 247 rows for AA at 30m
2026-02-02 11:27:17,132 - core.data_fetcher - INFO - Fetching AA - 15m (attempt 1/3)
2026-02-02 11:27:17,347 - core.data_fetcher - INFO - [OK] Successfully fetched 494 rows for AA at 15m
2026-02-02 11:27:17,348 - core.data_fetcher - INFO - Fetching AA - 5m (attempt 1/3)
2026-02-02 11:27:17,579 - core.data_fetcher - INFO - [OK] Successfully fetched 234 rows for AA at 5m
2026-02-02 11:27:17,579 - core.data_fetcher - INFO - Fetching AA - 3m (attempt 1/3)
2026-02-02 11:27:17,762 - core.data_fetcher - INFO - Resampling 1-minute data to 3-minute intervals
2026-02-02 11:27:17,772 - core.data_fetcher - WARNING - AA 3m: Only 0 rows (expected >= 15)
2026-02-02 11:27:17,772 - core.data_fetcher - WARNING - Data quality check failed for AA at 3m
2026-02-02 11:27:19,773 - core.data_fetcher - INFO - Fetching AA - 3m (attempt 2/3)
2026-02-02 11:27:19,932 - core.data_fetcher - INFO - Resampling 1-minute data to 3-minute intervals
2026-02-02 11:27:19,942 - core.data_fetcher - WARNING - AA 3m: Only 0 rows (expected >= 15)
2026-02-02 11:27:19,942 - core.data_fetcher - WARNING - Data quality check failed for AA at 3m
2026-02-02 11:27:21,943 - core.data_fetcher - INFO - Fetching AA - 3m (attempt 3/3)
2026-02-02 11:27:22,148 - core.data_fetcher - INFO - Resampling 1-minute data to 3-minute intervals
2026-02-02 11:27:22,159 - core.data_fetcher - WARNING - AA 3m: Only 0 rows (expected >= 15)
2026-02-02 11:27:22,160 - core.data_fetcher - WARNING - Data quality check failed for AA at 3m
2026-02-02 11:27:22,168 - core.data_fetcher - INFO - [OK] Successfully fetched 0 rows for AA at 3m
2026-02-02 11:27:22,169 - core.data_fetcher - INFO - Fetching AA - 2m (attempt 1/3)
2026-02-02 11:27:22,363 - core.data_fetcher - WARNING - AA 2m: Only 0 rows (expected >= 20)
2026-02-02 11:27:22,363 - core.data_fetcher - WARNING - Data quality check failed for AA at 2m
2026-02-02 11:27:24,365 - core.data_fetcher - INFO - Fetching AA - 2m (attempt 2/3)
2026-02-02 11:27:24,815 - core.data_fetcher - WARNING - AA 2m: Only 0 rows (expected >= 20)
2026-02-02 11:27:24,816 - core.data_fetcher - WARNING - Data quality check failed for AA at 2m
2026-02-02 11:27:26,817 - core.data_fetcher - INFO - Fetching AA - 2m (attempt 3/3)
2026-02-02 11:27:27,033 - core.data_fetcher - WARNING - AA 2m: Only 0 rows (expected >= 20)
2026-02-02 11:27:27,034 - core.data_fetcher - WARNING - Data quality check failed for AA at 2m
2026-02-02 11:27:27,038 - core.data_fetcher - INFO - [OK] Successfully fetched 0 rows for AA at 2m
2026-02-02 11:27:27,039 - core.data_fetcher - INFO - Fetching AA - 1m (attempt 1/3)
2026-02-02 11:27:27,155 - core.data_fetcher - WARNING - AA 1m: Only 0 rows (expected >= 30)
2026-02-02 11:27:27,155 - core.data_fetcher - WARNING - Data quality check failed for AA at 1m
2026-02-02 11:27:29,156 - core.data_fetcher - INFO - Fetching AA - 1m (attempt 2/3)
2026-02-02 11:27:29,329 - core.data_fetcher - WARNING - AA 1m: Only 0 rows (expected >= 30)
2026-02-02 11:27:29,329 - core.data_fetcher - WARNING - Data quality check failed for AA at 1m
2026-02-02 11:27:31,330 - core.data_fetcher - INFO - Fetching AA - 1m (attempt 3/3)
2026-02-02 11:27:31,509 - core.data_fetcher - WARNING - AA 1m: Only 0 rows (expected >= 30)
2026-02-02 11:27:31,509 - core.data_fetcher - WARNING - Data quality check failed for AA at 1m
2026-02-02 11:27:31,512 - core.data_fetcher - INFO - [OK] Successfully fetched 0 rows for AA at 1m
2026-02-02 11:27:32,521 - core.data_storage - INFO - 
Saving all timeframes for AA
2026-02-02 11:27:32,539 - core.data_storage - INFO - [OK] Saved AA 4h to .\data/raw\AA\AA_4h_20260202.csv (116 rows)
2026-02-02 11:27:32,609 - core.data_storage - INFO - Metadata saved to .\data/metadata.json
2026-02-02 11:27:32,619 - core.data_storage - INFO - [OK] Saved AA 1d to .\data/raw\AA\AA_1d_20260202.csv (344 rows)
2026-02-02 11:27:32,677 - core.data_storage - INFO - Metadata saved to .\data/metadata.json
2026-02-02 11:27:32,684 - core.data_storage - INFO - [OK] Saved AA 1wk to .\data/raw\AA\AA_1wk_20260202.csv (104 rows)
2026-02-02 11:27:32,755 - core.data_storage - INFO - Metadata saved to .\data/metadata.json
2026-02-02 11:27:32,760 - core.data_storage - INFO - [OK] Saved AA 1mo to .\data/raw\AA\AA_1mo_20260202.csv (59 rows)
2026-02-02 11:27:32,825 - core.data_storage - INFO - Metadata saved to .\data/metadata.json
2026-02-02 11:27:32,872 - core.data_storage - INFO - [OK] Saved AA 3mo to .\data/raw\AA\AA_3mo_20260202.csv (20 rows)
2026-02-02 11:27:32,930 - core.data_storage - INFO - Metadata saved to .\data/metadata.json
2026-02-02 11:27:32,941 - core.data_storage - INFO - [OK] Saved AA 1h to .\data/raw\AA\AA_1h_20260202.csv (269 rows)
2026-02-02 11:27:32,999 - core.data_storage - INFO - Metadata saved to .\data/metadata.json
2026-02-02 11:27:33,009 - core.data_storage - INFO - [OK] Saved AA 30m to .\data/raw\AA\AA_30m_20260202.csv (247 rows)
2026-02-02 11:27:33,065 - core.data_storage - INFO - Metadata saved to .\data/metadata.json
2026-02-02 11:27:33,081 - core.data_storage - INFO - [OK] Saved AA 15m to .\data/raw\AA\AA_15m_20260202.csv (494 rows)
2026-02-02 11:27:33,146 - core.data_storage - INFO - Metadata saved to .\data/metadata.json
2026-02-02 11:27:33,157 - core.data_storage - INFO - [OK] Saved AA 5m to .\data/raw\AA\AA_5m_20260202.csv (234 rows)
2026-02-02 11:27:33,234 - core.data_storage - INFO - Metadata saved to .\data/metadata.json
2026-02-02 11:27:33,234 - core.data_storage - INFO - 
============================================================
2026-02-02 11:27:33,235 - core.data_storage - INFO - SAVE SUMMARY:
2026-02-02 11:27:33,235 - core.data_storage - INFO - Saved 9/12 files
2026-02-02 11:27:33,235 - core.data_storage - INFO - Success rate: 75.0%
2026-02-02 11:27:33,235 - core.data_storage - INFO - ============================================================
2026-02-02 11:27:33,237 - core.news_fetcher - INFO - Fetching news for AA...
2026-02-02 11:27:33,486 - core.data_storage - INFO - [OK] Saved 10 news articles for AA to .\data\news\AA_news.json
2026-02-02 11:27:33,486 - root - ERROR - Pipeline failed: 'charmap' codec can't encode character '\u2717' in position 0: character maps to <undefined>
Traceback (most recent call last):
  File "C:\Users\ahmty\Desktop\finAdvice\algotrade_datascience\main_data_pipeline.py", line 160, in run_pipeline
    print(f"✓ ({len(news_df_limited)} articles)")
  File "C:\Program Files\WindowsApps\PythonSoftwareFoundation.Python.3.11_3.11.2544.0_x64__qbz5n2kfra8p0\Lib\encodings\cp1252.py", line 19, in encode
    return codecs.charmap_encode(input,self.errors,encoding_table)[0]
           ^^^^^^^^^^^^^^^^^^^^^^^^^^^^^^^^^^^^^^^^^^^^^^^^^^^^^^^
UnicodeEncodeError: 'charmap' codec can't encode character '\u2713' in position 0: character maps to <undefined>

During handling of the above exception, another exception occurred:

Traceback (most recent call last):
  File "C:\Users\ahmty\Desktop\finAdvice\algotrade_datascience\main_data_pipeline.py", line 236, in main
    run_pipeline(
  File "C:\Users\ahmty\Desktop\finAdvice\algotrade_datascience\main_data_pipeline.py", line 168, in run_pipeline
    print(f"✗ (error: {e})")
  File "C:\Program Files\WindowsApps\PythonSoftwareFoundation.Python.3.11_3.11.2544.0_x64__qbz5n2kfra8p0\Lib\encodings\cp1252.py", line 19, in encode
    return codecs.charmap_encode(input,self.errors,encoding_table)[0]
           ^^^^^^^^^^^^^^^^^^^^^^^^^^^^^^^^^^^^^^^^^^^^^^^^^^^^^^^
UnicodeEncodeError: 'charmap' codec can't encode character '\u2717' in position 0: character maps to <undefined>
2026-02-02 12:42:29,744 - core.ticker_selector - INFO - Manual tickers set: ['BTC-EUR']
2026-02-02 12:42:30,521 - core.ticker_selector - INFO - [OK] Valid ticker: BTC-EUR
2026-02-02 12:42:30,522 - core.ticker_selector - INFO - Validation complete: 1/1 tickers valid
2026-02-02 12:42:30,522 - core.data_fetcher - INFO - 
============================================================
2026-02-02 12:42:30,522 - core.data_fetcher - INFO - Fetching all timeframes for BTC-EUR
2026-02-02 12:42:30,522 - core.data_fetcher - INFO - ============================================================
2026-02-02 12:42:30,522 - core.data_fetcher - INFO - Fetching BTC-EUR - 4h (attempt 1/3)
2026-02-02 12:42:30,794 - core.data_fetcher - INFO - Resampling hourly data to 4-hour intervals
2026-02-02 12:42:30,822 - core.data_fetcher - INFO - [OK] Successfully fetched 360 rows for BTC-EUR at 4h
2026-02-02 12:42:30,822 - core.data_fetcher - INFO - Fetching BTC-EUR - 1d (attempt 1/3)
2026-02-02 12:42:31,003 - core.data_fetcher - INFO - [OK] Successfully fetched 504 rows for BTC-EUR at 1d
2026-02-02 12:42:31,003 - core.data_fetcher - INFO - Fetching BTC-EUR - 1wk (attempt 1/3)
2026-02-02 12:42:31,151 - core.data_fetcher - INFO - [OK] Successfully fetched 105 rows for BTC-EUR at 1wk
2026-02-02 12:42:31,151 - core.data_fetcher - INFO - Fetching BTC-EUR - 1mo (attempt 1/3)
2026-02-02 12:42:31,276 - core.data_fetcher - INFO - [OK] Successfully fetched 60 rows for BTC-EUR at 1mo
2026-02-02 12:42:31,276 - core.data_fetcher - INFO - Fetching BTC-EUR - 3mo (attempt 1/3)
2026-02-02 12:42:31,431 - core.data_fetcher - INFO - [OK] Successfully fetched 20 rows for BTC-EUR at 3mo
2026-02-02 12:42:31,431 - core.data_fetcher - INFO - Fetching BTC-EUR - 1h (attempt 1/3)
2026-02-02 12:42:31,595 - core.data_fetcher - WARNING - BTC-EUR 1h: 50.3% rows have zero volume
2026-02-02 12:42:31,597 - core.data_fetcher - INFO - [OK] Successfully fetched 1440 rows for BTC-EUR at 1h
2026-02-02 12:42:31,597 - core.data_fetcher - INFO - Fetching BTC-EUR - 30m (attempt 1/3)
2026-02-02 12:42:31,882 - core.data_fetcher - INFO - [OK] Successfully fetched 1440 rows for BTC-EUR at 30m
2026-02-02 12:42:31,882 - core.data_fetcher - INFO - Fetching BTC-EUR - 15m (attempt 1/3)
2026-02-02 12:42:32,101 - core.data_fetcher - INFO - [OK] Successfully fetched 2880 rows for BTC-EUR at 15m
2026-02-02 12:42:32,101 - core.data_fetcher - INFO - Fetching BTC-EUR - 5m (attempt 1/3)
2026-02-02 12:42:32,282 - core.data_fetcher - WARNING - BTC-EUR 5m: 46.9% rows have zero volume
2026-02-02 12:42:32,285 - core.data_fetcher - INFO - [OK] Successfully fetched 1293 rows for BTC-EUR at 5m
2026-02-02 12:42:32,285 - core.data_fetcher - INFO - Fetching BTC-EUR - 3m (attempt 1/3)
2026-02-02 12:42:32,423 - core.data_fetcher - INFO - Resampling 1-minute data to 3-minute intervals
2026-02-02 12:42:32,433 - core.data_fetcher - INFO - [OK] Successfully fetched 19 rows for BTC-EUR at 3m
2026-02-02 12:42:32,433 - core.data_fetcher - INFO - Fetching BTC-EUR - 2m (attempt 1/3)
2026-02-02 12:42:32,578 - core.data_fetcher - WARNING - BTC-EUR 2m: 34.5% rows have zero volume
2026-02-02 12:42:32,581 - core.data_fetcher - INFO - [OK] Successfully fetched 29 rows for BTC-EUR at 2m
2026-02-02 12:42:32,582 - core.data_fetcher - INFO - Fetching BTC-EUR - 1m (attempt 1/3)
2026-02-02 12:42:32,721 - core.data_fetcher - WARNING - BTC-EUR 1m: 58.0% rows have zero volume
2026-02-02 12:42:32,723 - core.data_fetcher - INFO - [OK] Successfully fetched 50 rows for BTC-EUR at 1m
2026-02-02 12:42:33,728 - core.data_storage - INFO - 
Saving all timeframes for BTC-EUR
2026-02-02 12:42:33,750 - core.data_storage - INFO - [OK] Saved BTC-EUR 4h to .\data/raw\BTC-EUR\BTC-EUR_4h_20260202.csv (360 rows)
2026-02-02 12:42:33,819 - core.data_storage - INFO - Metadata saved to .\data/metadata.json
2026-02-02 12:42:33,828 - core.data_storage - INFO - [OK] Saved BTC-EUR 1d to .\data/raw\BTC-EUR\BTC-EUR_1d_20260202.csv (504 rows)
2026-02-02 12:42:33,879 - core.data_storage - INFO - Metadata saved to .\data/metadata.json
2026-02-02 12:42:33,882 - core.data_storage - INFO - [OK] Saved BTC-EUR 1wk to .\data/raw\BTC-EUR\BTC-EUR_1wk_20260202.csv (105 rows)
2026-02-02 12:42:33,928 - core.data_storage - INFO - Metadata saved to .\data/metadata.json
2026-02-02 12:42:33,932 - core.data_storage - INFO - [OK] Saved BTC-EUR 1mo to .\data/raw\BTC-EUR\BTC-EUR_1mo_20260202.csv (60 rows)
2026-02-02 12:42:33,982 - core.data_storage - INFO - Metadata saved to .\data/metadata.json
2026-02-02 12:42:33,987 - core.data_storage - INFO - [OK] Saved BTC-EUR 3mo to .\data/raw\BTC-EUR\BTC-EUR_3mo_20260202.csv (20 rows)
2026-02-02 12:42:34,031 - core.data_storage - INFO - Metadata saved to .\data/metadata.json
2026-02-02 12:42:34,051 - core.data_storage - INFO - [OK] Saved BTC-EUR 1h to .\data/raw\BTC-EUR\BTC-EUR_1h_20260202.csv (1440 rows)
2026-02-02 12:42:34,112 - core.data_storage - INFO - Metadata saved to .\data/metadata.json
2026-02-02 12:42:34,132 - core.data_storage - INFO - [OK] Saved BTC-EUR 30m to .\data/raw\BTC-EUR\BTC-EUR_30m_20260202.csv (1440 rows)
2026-02-02 12:42:34,187 - core.data_storage - INFO - Metadata saved to .\data/metadata.json
2026-02-02 12:42:34,221 - core.data_storage - INFO - [OK] Saved BTC-EUR 15m to .\data/raw\BTC-EUR\BTC-EUR_15m_20260202.csv (2880 rows)
2026-02-02 12:42:34,289 - core.data_storage - INFO - Metadata saved to .\data/metadata.json
2026-02-02 12:42:34,313 - core.data_storage - INFO - [OK] Saved BTC-EUR 5m to .\data/raw\BTC-EUR\BTC-EUR_5m_20260202.csv (1293 rows)
2026-02-02 12:42:34,375 - core.data_storage - INFO - Metadata saved to .\data/metadata.json
2026-02-02 12:42:34,382 - core.data_storage - INFO - [OK] Saved BTC-EUR 3m to .\data/raw\BTC-EUR\BTC-EUR_3m_20260202.csv (19 rows)
2026-02-02 12:42:34,430 - core.data_storage - INFO - Metadata saved to .\data/metadata.json
2026-02-02 12:42:34,435 - core.data_storage - INFO - [OK] Saved BTC-EUR 2m to .\data/raw\BTC-EUR\BTC-EUR_2m_20260202.csv (29 rows)
2026-02-02 12:42:34,485 - core.data_storage - INFO - Metadata saved to .\data/metadata.json
2026-02-02 12:42:34,491 - core.data_storage - INFO - [OK] Saved BTC-EUR 1m to .\data/raw\BTC-EUR\BTC-EUR_1m_20260202.csv (50 rows)
2026-02-02 12:42:34,537 - core.data_storage - INFO - Metadata saved to .\data/metadata.json
2026-02-02 12:42:34,537 - core.data_storage - INFO - 
============================================================
2026-02-02 12:42:34,537 - core.data_storage - INFO - SAVE SUMMARY:
2026-02-02 12:42:34,538 - core.data_storage - INFO - Saved 12/12 files
2026-02-02 12:42:34,539 - core.data_storage - INFO - Success rate: 100.0%
2026-02-02 12:42:34,539 - core.data_storage - INFO - ============================================================
2026-02-02 12:42:34,541 - core.news_fetcher - INFO - Fetching news for BTC-EUR...
2026-02-02 12:42:34,799 - core.data_storage - INFO - [OK] Saved 7 news articles for BTC-EUR to .\data\news\BTC-EUR_news.json
2026-02-02 12:44:54,573 - core.ticker_selector - INFO - Manual tickers set: ['AAPL']
2026-02-02 12:44:55,369 - core.ticker_selector - INFO - [OK] Valid ticker: AAPL
2026-02-02 12:44:55,369 - core.ticker_selector - INFO - Validation complete: 1/1 tickers valid
2026-02-02 12:44:55,371 - core.data_fetcher - INFO - 
============================================================
2026-02-02 12:44:55,371 - core.data_fetcher - INFO - Fetching all timeframes for AAPL
2026-02-02 12:44:55,371 - core.data_fetcher - INFO - ============================================================
2026-02-02 12:44:55,371 - core.data_fetcher - INFO - Fetching AAPL - 4h (attempt 1/3)
2026-02-02 12:44:55,876 - core.data_fetcher - INFO - Resampling hourly data to 4-hour intervals
2026-02-02 12:44:55,889 - core.data_fetcher - INFO - [OK] Successfully fetched 116 rows for AAPL at 4h
2026-02-02 12:44:55,889 - core.data_fetcher - INFO - Fetching AAPL - 1d (attempt 1/3)
2026-02-02 12:44:56,104 - core.data_fetcher - INFO - [OK] Successfully fetched 344 rows for AAPL at 1d
2026-02-02 12:44:56,105 - core.data_fetcher - INFO - Fetching AAPL - 1wk (attempt 1/3)
2026-02-02 12:44:56,338 - core.data_fetcher - INFO - [OK] Successfully fetched 104 rows for AAPL at 1wk
2026-02-02 12:44:56,339 - core.data_fetcher - INFO - Fetching AAPL - 1mo (attempt 1/3)
2026-02-02 12:44:56,532 - core.data_fetcher - INFO - [OK] Successfully fetched 59 rows for AAPL at 1mo
2026-02-02 12:44:56,532 - core.data_fetcher - INFO - Fetching AAPL - 3mo (attempt 1/3)
2026-02-02 12:44:56,725 - core.data_fetcher - INFO - [OK] Successfully fetched 20 rows for AAPL at 3mo
2026-02-02 12:44:56,725 - core.data_fetcher - INFO - Fetching AAPL - 1h (attempt 1/3)
2026-02-02 12:44:56,907 - core.data_fetcher - INFO - [OK] Successfully fetched 269 rows for AAPL at 1h
2026-02-02 12:44:56,907 - core.data_fetcher - INFO - Fetching AAPL - 30m (attempt 1/3)
2026-02-02 12:44:57,093 - core.data_fetcher - INFO - [OK] Successfully fetched 247 rows for AAPL at 30m
2026-02-02 12:44:57,093 - core.data_fetcher - INFO - Fetching AAPL - 15m (attempt 1/3)
2026-02-02 12:44:57,281 - core.data_fetcher - INFO - [OK] Successfully fetched 494 rows for AAPL at 15m
2026-02-02 12:44:57,281 - core.data_fetcher - INFO - Fetching AAPL - 5m (attempt 1/3)
2026-02-02 12:44:57,436 - core.data_fetcher - INFO - [OK] Successfully fetched 234 rows for AAPL at 5m
2026-02-02 12:44:57,436 - core.data_fetcher - INFO - Fetching AAPL - 3m (attempt 1/3)
2026-02-02 12:44:57,584 - core.data_fetcher - INFO - Resampling 1-minute data to 3-minute intervals
2026-02-02 12:44:57,588 - core.data_fetcher - WARNING - AAPL 3m: Only 0 rows (expected >= 15)
2026-02-02 12:44:57,588 - core.data_fetcher - WARNING - Data quality check failed for AAPL at 3m
2026-02-02 12:44:59,589 - core.data_fetcher - INFO - Fetching AAPL - 3m (attempt 2/3)
2026-02-02 12:44:59,684 - core.data_fetcher - INFO - Resampling 1-minute data to 3-minute intervals
2026-02-02 12:44:59,689 - core.data_fetcher - WARNING - AAPL 3m: Only 0 rows (expected >= 15)
2026-02-02 12:44:59,689 - core.data_fetcher - WARNING - Data quality check failed for AAPL at 3m
2026-02-02 12:45:01,695 - core.data_fetcher - INFO - Fetching AAPL - 3m (attempt 3/3)
2026-02-02 12:45:01,906 - core.data_fetcher - INFO - Resampling 1-minute data to 3-minute intervals
2026-02-02 12:45:01,911 - core.data_fetcher - WARNING - AAPL 3m: Only 0 rows (expected >= 15)
2026-02-02 12:45:01,911 - core.data_fetcher - WARNING - Data quality check failed for AAPL at 3m
2026-02-02 12:45:01,913 - core.data_fetcher - INFO - [OK] Successfully fetched 0 rows for AAPL at 3m
2026-02-02 12:45:01,914 - core.data_fetcher - INFO - Fetching AAPL - 2m (attempt 1/3)
2026-02-02 12:45:02,053 - core.data_fetcher - WARNING - AAPL 2m: Only 0 rows (expected >= 20)
2026-02-02 12:45:02,054 - core.data_fetcher - WARNING - Data quality check failed for AAPL at 2m
2026-02-02 12:45:04,055 - core.data_fetcher - INFO - Fetching AAPL - 2m (attempt 2/3)
2026-02-02 12:45:04,208 - core.data_fetcher - WARNING - AAPL 2m: Only 0 rows (expected >= 20)
2026-02-02 12:45:04,209 - core.data_fetcher - WARNING - Data quality check failed for AAPL at 2m
2026-02-02 12:45:06,210 - core.data_fetcher - INFO - Fetching AAPL - 2m (attempt 3/3)
2026-02-02 12:45:06,363 - core.data_fetcher - WARNING - AAPL 2m: Only 0 rows (expected >= 20)
2026-02-02 12:45:06,363 - core.data_fetcher - WARNING - Data quality check failed for AAPL at 2m
2026-02-02 12:45:06,367 - core.data_fetcher - INFO - [OK] Successfully fetched 0 rows for AAPL at 2m
2026-02-02 12:45:06,367 - core.data_fetcher - INFO - Fetching AAPL - 1m (attempt 1/3)
2026-02-02 12:45:06,513 - core.data_fetcher - WARNING - AAPL 1m: Only 0 rows (expected >= 30)
2026-02-02 12:45:06,514 - core.data_fetcher - WARNING - Data quality check failed for AAPL at 1m
2026-02-02 12:45:08,514 - core.data_fetcher - INFO - Fetching AAPL - 1m (attempt 2/3)
2026-02-02 12:45:08,732 - core.data_fetcher - WARNING - AAPL 1m: Only 0 rows (expected >= 30)
2026-02-02 12:45:08,732 - core.data_fetcher - WARNING - Data quality check failed for AAPL at 1m
2026-02-02 12:45:10,733 - core.data_fetcher - INFO - Fetching AAPL - 1m (attempt 3/3)
2026-02-02 12:45:10,824 - core.data_fetcher - WARNING - AAPL 1m: Only 0 rows (expected >= 30)
2026-02-02 12:45:10,825 - core.data_fetcher - WARNING - Data quality check failed for AAPL at 1m
2026-02-02 12:45:10,827 - core.data_fetcher - INFO - [OK] Successfully fetched 0 rows for AAPL at 1m
2026-02-02 12:45:11,844 - core.data_storage - INFO - 
Saving all timeframes for AAPL
2026-02-02 12:45:11,864 - core.data_storage - INFO - [OK] Saved AAPL 4h to .\data/raw\AAPL\AAPL_4h_20260202.csv (116 rows)
2026-02-02 12:45:11,972 - core.data_storage - INFO - Metadata saved to .\data/metadata.json
2026-02-02 12:45:11,985 - core.data_storage - INFO - [OK] Saved AAPL 1d to .\data/raw\AAPL\AAPL_1d_20260202.csv (344 rows)
2026-02-02 12:45:12,091 - core.data_storage - INFO - Metadata saved to .\data/metadata.json
2026-02-02 12:45:12,100 - core.data_storage - INFO - [OK] Saved AAPL 1wk to .\data/raw\AAPL\AAPL_1wk_20260202.csv (104 rows)
2026-02-02 12:45:12,188 - core.data_storage - INFO - Metadata saved to .\data/metadata.json
2026-02-02 12:45:12,255 - core.data_storage - INFO - [OK] Saved AAPL 1mo to .\data/raw\AAPL\AAPL_1mo_20260202.csv (59 rows)
2026-02-02 12:45:12,332 - core.data_storage - INFO - Metadata saved to .\data/metadata.json
2026-02-02 12:45:12,340 - core.data_storage - INFO - [OK] Saved AAPL 3mo to .\data/raw\AAPL\AAPL_3mo_20260202.csv (20 rows)
2026-02-02 12:45:12,414 - core.data_storage - INFO - Metadata saved to .\data/metadata.json
2026-02-02 12:45:12,427 - core.data_storage - INFO - [OK] Saved AAPL 1h to .\data/raw\AAPL\AAPL_1h_20260202.csv (269 rows)
2026-02-02 12:45:12,526 - core.data_storage - INFO - Metadata saved to .\data/metadata.json
2026-02-02 12:45:12,543 - core.data_storage - INFO - [OK] Saved AAPL 30m to .\data/raw\AAPL\AAPL_30m_20260202.csv (247 rows)
2026-02-02 12:45:12,641 - core.data_storage - INFO - Metadata saved to .\data/metadata.json
2026-02-02 12:45:12,662 - core.data_storage - INFO - [OK] Saved AAPL 15m to .\data/raw\AAPL\AAPL_15m_20260202.csv (494 rows)
2026-02-02 12:45:12,734 - core.data_storage - INFO - Metadata saved to .\data/metadata.json
2026-02-02 12:45:12,742 - core.data_storage - INFO - [OK] Saved AAPL 5m to .\data/raw\AAPL\AAPL_5m_20260202.csv (234 rows)
2026-02-02 12:45:12,835 - core.data_storage - INFO - Metadata saved to .\data/metadata.json
2026-02-02 12:45:12,835 - core.data_storage - INFO - 
============================================================
2026-02-02 12:45:12,836 - core.data_storage - INFO - SAVE SUMMARY:
2026-02-02 12:45:12,836 - core.data_storage - INFO - Saved 9/12 files
2026-02-02 12:45:12,836 - core.data_storage - INFO - Success rate: 75.0%
2026-02-02 12:45:12,836 - core.data_storage - INFO - ============================================================
2026-02-02 12:45:12,838 - core.news_fetcher - INFO - Fetching news for AAPL...
2026-02-02 12:45:13,062 - core.data_storage - INFO - [OK] Saved 10 news articles for AAPL to .\data\news\AAPL_news.json
2026-02-02 12:47:04,484 - core.ticker_selector - INFO - Manual tickers set: ['TSLA']
2026-02-02 12:47:05,227 - core.ticker_selector - INFO - [OK] Valid ticker: TSLA
2026-02-02 12:47:05,227 - core.ticker_selector - INFO - Validation complete: 1/1 tickers valid
2026-02-02 12:47:05,227 - core.data_fetcher - INFO - 
============================================================
2026-02-02 12:47:05,227 - core.data_fetcher - INFO - Fetching all timeframes for TSLA
2026-02-02 12:47:05,227 - core.data_fetcher - INFO - ============================================================
2026-02-02 12:47:05,227 - core.data_fetcher - INFO - Fetching TSLA - 4h (attempt 1/3)
2026-02-02 12:47:05,582 - core.data_fetcher - INFO - Resampling hourly data to 4-hour intervals
2026-02-02 12:47:05,617 - core.data_fetcher - INFO - [OK] Successfully fetched 116 rows for TSLA at 4h
2026-02-02 12:47:05,617 - core.data_fetcher - INFO - Fetching TSLA - 1d (attempt 1/3)
2026-02-02 12:47:05,814 - core.data_fetcher - INFO - [OK] Successfully fetched 344 rows for TSLA at 1d
2026-02-02 12:47:05,814 - core.data_fetcher - INFO - Fetching TSLA - 1wk (attempt 1/3)
2026-02-02 12:47:05,990 - core.data_fetcher - INFO - [OK] Successfully fetched 104 rows for TSLA at 1wk
2026-02-02 12:47:05,991 - core.data_fetcher - INFO - Fetching TSLA - 1mo (attempt 1/3)
2026-02-02 12:47:06,212 - core.data_fetcher - INFO - [OK] Successfully fetched 59 rows for TSLA at 1mo
2026-02-02 12:47:06,213 - core.data_fetcher - INFO - Fetching TSLA - 3mo (attempt 1/3)
2026-02-02 12:47:06,386 - core.data_fetcher - INFO - [OK] Successfully fetched 20 rows for TSLA at 3mo
2026-02-02 12:47:06,386 - core.data_fetcher - INFO - Fetching TSLA - 1h (attempt 1/3)
2026-02-02 12:47:06,541 - core.data_fetcher - INFO - [OK] Successfully fetched 269 rows for TSLA at 1h
2026-02-02 12:47:06,541 - core.data_fetcher - INFO - Fetching TSLA - 30m (attempt 1/3)
2026-02-02 12:47:06,737 - core.data_fetcher - INFO - [OK] Successfully fetched 247 rows for TSLA at 30m
2026-02-02 12:47:06,737 - core.data_fetcher - INFO - Fetching TSLA - 15m (attempt 1/3)
2026-02-02 12:47:06,937 - core.data_fetcher - INFO - [OK] Successfully fetched 494 rows for TSLA at 15m
2026-02-02 12:47:06,937 - core.data_fetcher - INFO - Fetching TSLA - 5m (attempt 1/3)
2026-02-02 12:47:07,104 - core.data_fetcher - INFO - [OK] Successfully fetched 234 rows for TSLA at 5m
2026-02-02 12:47:07,104 - core.data_fetcher - INFO - Fetching TSLA - 3m (attempt 1/3)
2026-02-02 12:47:07,270 - core.data_fetcher - INFO - Resampling 1-minute data to 3-minute intervals
2026-02-02 12:47:07,277 - core.data_fetcher - WARNING - TSLA 3m: Only 0 rows (expected >= 15)
2026-02-02 12:47:07,277 - core.data_fetcher - WARNING - Data quality check failed for TSLA at 3m
2026-02-02 12:47:09,278 - core.data_fetcher - INFO - Fetching TSLA - 3m (attempt 2/3)
2026-02-02 12:47:09,427 - core.data_fetcher - INFO - Resampling 1-minute data to 3-minute intervals
2026-02-02 12:47:09,432 - core.data_fetcher - WARNING - TSLA 3m: Only 0 rows (expected >= 15)
2026-02-02 12:47:09,432 - core.data_fetcher - WARNING - Data quality check failed for TSLA at 3m
2026-02-02 12:47:11,434 - core.data_fetcher - INFO - Fetching TSLA - 3m (attempt 3/3)
2026-02-02 12:47:11,584 - core.data_fetcher - INFO - Resampling 1-minute data to 3-minute intervals
2026-02-02 12:47:11,588 - core.data_fetcher - WARNING - TSLA 3m: Only 0 rows (expected >= 15)
2026-02-02 12:47:11,588 - core.data_fetcher - WARNING - Data quality check failed for TSLA at 3m
2026-02-02 12:47:11,590 - core.data_fetcher - INFO - [OK] Successfully fetched 0 rows for TSLA at 3m
2026-02-02 12:47:11,590 - core.data_fetcher - INFO - Fetching TSLA - 2m (attempt 1/3)
2026-02-02 12:47:11,733 - core.data_fetcher - WARNING - TSLA 2m: Only 0 rows (expected >= 20)
2026-02-02 12:47:11,733 - core.data_fetcher - WARNING - Data quality check failed for TSLA at 2m
2026-02-02 12:48:50,832 - core.ticker_selector - INFO - Manual tickers set: ['TSLA']
2026-02-02 12:48:51,706 - core.ticker_selector - INFO - [OK] Valid ticker: TSLA
2026-02-02 12:48:51,706 - core.ticker_selector - INFO - Validation complete: 1/1 tickers valid
2026-02-02 12:48:51,707 - core.data_fetcher - INFO - 
============================================================
2026-02-02 12:48:51,707 - core.data_fetcher - INFO - Fetching all timeframes for TSLA
2026-02-02 12:48:51,707 - core.data_fetcher - INFO - ============================================================
2026-02-02 12:48:51,707 - core.data_fetcher - INFO - Fetching TSLA - 4h (attempt 1/3)
2026-02-02 12:48:52,300 - core.data_fetcher - INFO - Resampling hourly data to 4-hour intervals
2026-02-02 12:48:52,329 - core.data_fetcher - INFO - [OK] Successfully fetched 116 rows for TSLA at 4h
2026-02-02 12:48:52,331 - core.data_fetcher - INFO - Fetching TSLA - 1d (attempt 1/3)
2026-02-02 12:48:52,633 - core.data_fetcher - INFO - [OK] Successfully fetched 344 rows for TSLA at 1d
2026-02-02 12:48:52,634 - core.data_fetcher - INFO - Fetching TSLA - 1wk (attempt 1/3)
2026-02-02 12:48:52,809 - core.data_fetcher - INFO - [OK] Successfully fetched 104 rows for TSLA at 1wk
2026-02-02 12:48:52,810 - core.data_fetcher - INFO - Fetching TSLA - 1mo (attempt 1/3)
2026-02-02 12:48:53,055 - core.data_fetcher - INFO - [OK] Successfully fetched 59 rows for TSLA at 1mo
2026-02-02 12:48:53,056 - core.data_fetcher - INFO - Fetching TSLA - 3mo (attempt 1/3)
2026-02-02 12:48:53,241 - core.data_fetcher - INFO - [OK] Successfully fetched 20 rows for TSLA at 3mo
2026-02-02 12:48:53,241 - core.data_fetcher - INFO - Fetching TSLA - 1h (attempt 1/3)
2026-02-02 12:48:53,463 - core.data_fetcher - INFO - [OK] Successfully fetched 269 rows for TSLA at 1h
2026-02-02 12:48:53,465 - core.data_fetcher - INFO - Fetching TSLA - 30m (attempt 1/3)
2026-02-02 12:48:53,692 - core.data_fetcher - INFO - [OK] Successfully fetched 247 rows for TSLA at 30m
2026-02-02 12:48:53,693 - core.data_fetcher - INFO - Fetching TSLA - 15m (attempt 1/3)
2026-02-02 12:48:53,869 - core.data_fetcher - INFO - [OK] Successfully fetched 494 rows for TSLA at 15m
2026-02-02 12:48:53,869 - core.data_fetcher - INFO - Fetching TSLA - 5m (attempt 1/3)
2026-02-02 12:48:54,072 - core.data_fetcher - INFO - [OK] Successfully fetched 234 rows for TSLA at 5m
2026-02-02 12:48:54,072 - core.data_fetcher - INFO - Fetching TSLA - 3m (attempt 1/3)
2026-02-02 12:48:54,260 - core.data_fetcher - INFO - Resampling 1-minute data to 3-minute intervals
2026-02-02 12:48:54,270 - core.data_fetcher - WARNING - TSLA 3m: Only 0 rows (expected >= 15)
2026-02-02 12:48:54,271 - core.data_fetcher - WARNING - Data quality check failed for TSLA at 3m
2026-02-02 12:48:56,272 - core.data_fetcher - INFO - Fetching TSLA - 3m (attempt 2/3)
2026-02-02 12:48:56,451 - core.data_fetcher - INFO - Resampling 1-minute data to 3-minute intervals
2026-02-02 12:48:56,462 - core.data_fetcher - WARNING - TSLA 3m: Only 0 rows (expected >= 15)
2026-02-02 12:48:56,462 - core.data_fetcher - WARNING - Data quality check failed for TSLA at 3m
2026-02-02 12:48:58,464 - core.data_fetcher - INFO - Fetching TSLA - 3m (attempt 3/3)
2026-02-02 12:48:58,690 - core.data_fetcher - INFO - Resampling 1-minute data to 3-minute intervals
2026-02-02 12:48:58,698 - core.data_fetcher - WARNING - TSLA 3m: Only 0 rows (expected >= 15)
2026-02-02 12:48:58,699 - core.data_fetcher - WARNING - Data quality check failed for TSLA at 3m
2026-02-02 12:48:58,702 - core.data_fetcher - INFO - [OK] Successfully fetched 0 rows for TSLA at 3m
2026-02-02 12:48:58,703 - core.data_fetcher - INFO - Fetching TSLA - 2m (attempt 1/3)
2026-02-02 12:48:58,885 - core.data_fetcher - WARNING - TSLA 2m: Only 0 rows (expected >= 20)
2026-02-02 12:48:58,886 - core.data_fetcher - WARNING - Data quality check failed for TSLA at 2m
2026-02-02 12:49:00,887 - core.data_fetcher - INFO - Fetching TSLA - 2m (attempt 2/3)
2026-02-02 12:49:01,060 - core.data_fetcher - WARNING - TSLA 2m: Only 0 rows (expected >= 20)
2026-02-02 12:49:01,060 - core.data_fetcher - WARNING - Data quality check failed for TSLA at 2m
2026-02-02 12:49:03,061 - core.data_fetcher - INFO - Fetching TSLA - 2m (attempt 3/3)
2026-02-02 12:49:03,213 - core.data_fetcher - WARNING - TSLA 2m: Only 0 rows (expected >= 20)
2026-02-02 12:49:03,213 - core.data_fetcher - WARNING - Data quality check failed for TSLA at 2m
2026-02-02 12:49:03,219 - core.data_fetcher - INFO - [OK] Successfully fetched 0 rows for TSLA at 2m
2026-02-02 12:49:03,220 - core.data_fetcher - INFO - Fetching TSLA - 1m (attempt 1/3)
2026-02-02 12:49:03,338 - core.data_fetcher - WARNING - TSLA 1m: Only 0 rows (expected >= 30)
2026-02-02 12:49:03,338 - core.data_fetcher - WARNING - Data quality check failed for TSLA at 1m
2026-02-02 12:49:05,347 - core.data_fetcher - INFO - Fetching TSLA - 1m (attempt 2/3)
2026-02-02 12:49:05,572 - core.data_fetcher - WARNING - TSLA 1m: Only 0 rows (expected >= 30)
2026-02-02 12:49:05,572 - core.data_fetcher - WARNING - Data quality check failed for TSLA at 1m
2026-02-02 12:49:07,574 - core.data_fetcher - INFO - Fetching TSLA - 1m (attempt 3/3)
2026-02-02 12:49:07,776 - core.data_fetcher - WARNING - TSLA 1m: Only 0 rows (expected >= 30)
2026-02-02 12:49:07,776 - core.data_fetcher - WARNING - Data quality check failed for TSLA at 1m
2026-02-02 12:49:07,780 - core.data_fetcher - INFO - [OK] Successfully fetched 0 rows for TSLA at 1m
2026-02-02 12:49:08,793 - core.data_storage - INFO - 
Saving all timeframes for TSLA
2026-02-02 12:49:08,813 - core.data_storage - INFO - [OK] Saved TSLA 4h to .\data/raw\TSLA\TSLA_4h_20260202.csv (116 rows)
2026-02-02 12:49:08,913 - core.data_storage - INFO - Metadata saved to .\data/metadata.json
2026-02-02 12:49:08,926 - core.data_storage - INFO - [OK] Saved TSLA 1d to .\data/raw\TSLA\TSLA_1d_20260202.csv (344 rows)
2026-02-02 12:49:09,009 - core.data_storage - INFO - Metadata saved to .\data/metadata.json
2026-02-02 12:49:09,017 - core.data_storage - INFO - [OK] Saved TSLA 1wk to .\data/raw\TSLA\TSLA_1wk_20260202.csv (104 rows)
2026-02-02 12:49:09,156 - core.data_storage - INFO - Metadata saved to .\data/metadata.json
2026-02-02 12:49:09,163 - core.data_storage - INFO - [OK] Saved TSLA 1mo to .\data/raw\TSLA\TSLA_1mo_20260202.csv (59 rows)
2026-02-02 12:49:09,249 - core.data_storage - INFO - Metadata saved to .\data/metadata.json
2026-02-02 12:49:09,255 - core.data_storage - INFO - [OK] Saved TSLA 3mo to .\data/raw\TSLA\TSLA_3mo_20260202.csv (20 rows)
2026-02-02 12:49:09,325 - core.data_storage - INFO - Metadata saved to .\data/metadata.json
2026-02-02 12:49:09,340 - core.data_storage - INFO - [OK] Saved TSLA 1h to .\data/raw\TSLA\TSLA_1h_20260202.csv (269 rows)
2026-02-02 12:49:09,430 - core.data_storage - INFO - Metadata saved to .\data/metadata.json
2026-02-02 12:49:09,442 - core.data_storage - INFO - [OK] Saved TSLA 30m to .\data/raw\TSLA\TSLA_30m_20260202.csv (247 rows)
2026-02-02 12:49:09,530 - core.data_storage - INFO - Metadata saved to .\data/metadata.json
2026-02-02 12:49:09,549 - core.data_storage - INFO - [OK] Saved TSLA 15m to .\data/raw\TSLA\TSLA_15m_20260202.csv (494 rows)
2026-02-02 12:49:09,646 - core.data_storage - INFO - Metadata saved to .\data/metadata.json
2026-02-02 12:49:09,660 - core.data_storage - INFO - [OK] Saved TSLA 5m to .\data/raw\TSLA\TSLA_5m_20260202.csv (234 rows)
2026-02-02 12:49:09,739 - core.data_storage - INFO - Metadata saved to .\data/metadata.json
2026-02-02 12:49:09,739 - core.data_storage - INFO - 
============================================================
2026-02-02 12:49:09,740 - core.data_storage - INFO - SAVE SUMMARY:
2026-02-02 12:49:09,740 - core.data_storage - INFO - Saved 9/12 files
2026-02-02 12:49:09,740 - core.data_storage - INFO - Success rate: 75.0%
2026-02-02 12:49:09,740 - core.data_storage - INFO - ============================================================
2026-02-02 12:49:09,741 - core.news_fetcher - INFO - Fetching news for TSLA...
2026-02-02 12:49:09,956 - core.data_storage - INFO - [OK] Saved 10 news articles for TSLA to .\data\news\TSLA_news.json
2026-02-02 13:00:15,732 - core.ticker_selector - INFO - Manual tickers set: ['BTC-EUR']
2026-02-02 13:00:16,618 - core.ticker_selector - INFO - [OK] Valid ticker: BTC-EUR
2026-02-02 13:00:16,620 - core.ticker_selector - INFO - Validation complete: 1/1 tickers valid
2026-02-02 13:00:16,621 - core.data_fetcher - INFO - 
============================================================
2026-02-02 13:00:16,621 - core.data_fetcher - INFO - Fetching all timeframes for BTC-EUR
2026-02-02 13:00:16,621 - core.data_fetcher - INFO - ============================================================
2026-02-02 13:00:16,621 - core.data_fetcher - INFO - Fetching BTC-EUR - 4h (attempt 1/3)
2026-02-02 13:00:17,103 - core.data_fetcher - INFO - Resampling hourly data to 4-hour intervals
2026-02-02 13:00:17,163 - core.data_fetcher - INFO - [OK] Successfully fetched 359 rows for BTC-EUR at 4h
2026-02-02 13:00:17,165 - core.data_fetcher - INFO - Fetching BTC-EUR - 1d (attempt 1/3)
2026-02-02 13:00:17,419 - core.data_fetcher - INFO - [OK] Successfully fetched 504 rows for BTC-EUR at 1d
2026-02-02 13:00:17,420 - core.data_fetcher - INFO - Fetching BTC-EUR - 1wk (attempt 1/3)
2026-02-02 13:00:17,650 - core.data_fetcher - INFO - [OK] Successfully fetched 105 rows for BTC-EUR at 1wk
2026-02-02 13:00:17,651 - core.data_fetcher - INFO - Fetching BTC-EUR - 1mo (attempt 1/3)
2026-02-02 13:00:17,891 - core.data_fetcher - INFO - [OK] Successfully fetched 60 rows for BTC-EUR at 1mo
2026-02-02 13:00:17,892 - core.data_fetcher - INFO - Fetching BTC-EUR - 3mo (attempt 1/3)
2026-02-02 13:00:18,104 - core.data_fetcher - INFO - [OK] Successfully fetched 20 rows for BTC-EUR at 3mo
2026-02-02 13:00:18,105 - core.data_fetcher - INFO - Fetching BTC-EUR - 1h (attempt 1/3)
2026-02-02 13:00:18,348 - core.data_fetcher - WARNING - BTC-EUR 1h: 50.4% rows have zero volume
2026-02-02 13:00:18,357 - core.data_fetcher - INFO - [OK] Successfully fetched 1439 rows for BTC-EUR at 1h
2026-02-02 13:00:18,357 - core.data_fetcher - INFO - Fetching BTC-EUR - 30m (attempt 1/3)
2026-02-02 13:00:18,786 - core.data_fetcher - INFO - [OK] Successfully fetched 1439 rows for BTC-EUR at 30m
2026-02-02 13:00:18,786 - core.data_fetcher - INFO - Fetching BTC-EUR - 15m (attempt 1/3)
2026-02-02 13:00:19,296 - core.data_fetcher - INFO - [OK] Successfully fetched 2879 rows for BTC-EUR at 15m
2026-02-02 13:00:19,296 - core.data_fetcher - INFO - Fetching BTC-EUR - 5m (attempt 1/3)
2026-02-02 13:00:19,607 - core.data_fetcher - WARNING - BTC-EUR 5m: 46.7% rows have zero volume
2026-02-02 13:00:19,622 - core.data_fetcher - INFO - [OK] Successfully fetched 1296 rows for BTC-EUR at 5m
2026-02-02 13:00:19,622 - core.data_fetcher - INFO - Fetching BTC-EUR - 3m (attempt 1/3)
2026-02-02 13:00:19,902 - core.data_fetcher - INFO - Resampling 1-minute data to 3-minute intervals
2026-02-02 13:00:19,914 - core.data_fetcher - INFO - [OK] Successfully fetched 19 rows for BTC-EUR at 3m
2026-02-02 13:00:19,915 - core.data_fetcher - INFO - Fetching BTC-EUR - 2m (attempt 1/3)
2026-02-02 13:00:20,207 - core.data_fetcher - INFO - [OK] Successfully fetched 29 rows for BTC-EUR at 2m
2026-02-02 13:00:20,210 - core.data_fetcher - INFO - Fetching BTC-EUR - 1m (attempt 1/3)
2026-02-02 13:00:20,463 - core.data_fetcher - WARNING - BTC-EUR 1m: 42.3% rows have zero volume
2026-02-02 13:00:20,471 - core.data_fetcher - INFO - [OK] Successfully fetched 52 rows for BTC-EUR at 1m
2026-02-02 13:00:21,480 - core.data_storage - INFO - 
Saving all timeframes for BTC-EUR
2026-02-02 13:00:21,509 - core.data_storage - INFO - [OK] Saved BTC-EUR 4h to .\data/raw\BTC-EUR\BTC-EUR_4h_20260202.csv (359 rows)
2026-02-02 13:00:21,654 - core.data_storage - INFO - Metadata saved to .\data/metadata.json
2026-02-02 13:00:21,670 - core.data_storage - INFO - [OK] Saved BTC-EUR 1d to .\data/raw\BTC-EUR\BTC-EUR_1d_20260202.csv (504 rows)
2026-02-02 13:00:21,757 - core.data_storage - INFO - Metadata saved to .\data/metadata.json
2026-02-02 13:00:21,768 - core.data_storage - INFO - [OK] Saved BTC-EUR 1wk to .\data/raw\BTC-EUR\BTC-EUR_1wk_20260202.csv (105 rows)
2026-02-02 13:00:21,825 - core.data_storage - INFO - Metadata saved to .\data/metadata.json
2026-02-02 13:00:21,831 - core.data_storage - INFO - [OK] Saved BTC-EUR 1mo to .\data/raw\BTC-EUR\BTC-EUR_1mo_20260202.csv (60 rows)
2026-02-02 13:00:21,898 - core.data_storage - INFO - Metadata saved to .\data/metadata.json
2026-02-02 13:00:21,905 - core.data_storage - INFO - [OK] Saved BTC-EUR 3mo to .\data/raw\BTC-EUR\BTC-EUR_3mo_20260202.csv (20 rows)
2026-02-02 13:00:21,959 - core.data_storage - INFO - Metadata saved to .\data/metadata.json
2026-02-02 13:00:22,005 - core.data_storage - INFO - [OK] Saved BTC-EUR 1h to .\data/raw\BTC-EUR\BTC-EUR_1h_20260202.csv (1439 rows)
2026-02-02 13:00:22,064 - core.data_storage - INFO - Metadata saved to .\data/metadata.json
2026-02-02 13:00:22,104 - core.data_storage - INFO - [OK] Saved BTC-EUR 30m to .\data/raw\BTC-EUR\BTC-EUR_30m_20260202.csv (1439 rows)
2026-02-02 13:00:22,227 - core.data_storage - INFO - Metadata saved to .\data/metadata.json
2026-02-02 13:00:22,369 - core.data_storage - INFO - [OK] Saved BTC-EUR 15m to .\data/raw\BTC-EUR\BTC-EUR_15m_20260202.csv (2879 rows)
2026-02-02 13:00:22,516 - core.data_storage - INFO - Metadata saved to .\data/metadata.json
2026-02-02 13:00:22,596 - core.data_storage - INFO - [OK] Saved BTC-EUR 5m to .\data/raw\BTC-EUR\BTC-EUR_5m_20260202.csv (1296 rows)
2026-02-02 13:00:22,718 - core.data_storage - INFO - Metadata saved to .\data/metadata.json
2026-02-02 13:00:22,724 - core.data_storage - INFO - [OK] Saved BTC-EUR 3m to .\data/raw\BTC-EUR\BTC-EUR_3m_20260202.csv (19 rows)
2026-02-02 13:00:22,799 - core.data_storage - INFO - Metadata saved to .\data/metadata.json
2026-02-02 13:00:22,808 - core.data_storage - INFO - [OK] Saved BTC-EUR 2m to .\data/raw\BTC-EUR\BTC-EUR_2m_20260202.csv (29 rows)
2026-02-02 13:00:22,917 - core.data_storage - INFO - Metadata saved to .\data/metadata.json
2026-02-02 13:00:22,928 - core.data_storage - INFO - [OK] Saved BTC-EUR 1m to .\data/raw\BTC-EUR\BTC-EUR_1m_20260202.csv (52 rows)
2026-02-02 13:00:23,005 - core.data_storage - INFO - Metadata saved to .\data/metadata.json
2026-02-02 13:00:23,005 - core.data_storage - INFO - 
============================================================
2026-02-02 13:00:23,005 - core.data_storage - INFO - SAVE SUMMARY:
2026-02-02 13:00:23,005 - core.data_storage - INFO - Saved 12/12 files
2026-02-02 13:00:23,007 - core.data_storage - INFO - Success rate: 100.0%
2026-02-02 13:00:23,007 - core.data_storage - INFO - ============================================================
2026-02-02 13:00:23,012 - core.news_fetcher - INFO - Fetching news for BTC-EUR...
2026-02-02 13:00:23,219 - core.data_storage - INFO - [OK] Saved 7 news articles for BTC-EUR to .\data\news\BTC-EUR_news.json
2026-02-02 19:37:34,001 - core.ticker_selector - INFO - Manual tickers set: ['BTC-EUR']
2026-02-02 19:37:35,183 - core.ticker_selector - INFO - [OK] Valid ticker: BTC-EUR
2026-02-02 19:37:35,183 - core.ticker_selector - INFO - Validation complete: 1/1 tickers valid
2026-02-02 19:37:35,183 - core.data_fetcher - INFO - 
============================================================
2026-02-02 19:37:35,184 - core.data_fetcher - INFO - Fetching all timeframes for BTC-EUR
2026-02-02 19:37:35,184 - core.data_fetcher - INFO - ============================================================
2026-02-02 19:37:35,184 - core.data_fetcher - INFO - Fetching BTC-EUR - 4h (attempt 1/3)
2026-02-02 19:37:35,664 - core.data_fetcher - INFO - Resampling hourly data to 4-hour intervals
2026-02-02 19:37:35,693 - core.data_fetcher - INFO - [OK] Successfully fetched 360 rows for BTC-EUR at 4h
2026-02-02 19:37:35,693 - core.data_fetcher - INFO - Fetching BTC-EUR - 1d (attempt 1/3)
2026-02-02 19:37:35,915 - core.data_fetcher - INFO - [OK] Successfully fetched 504 rows for BTC-EUR at 1d
2026-02-02 19:37:35,916 - core.data_fetcher - INFO - Fetching BTC-EUR - 1wk (attempt 1/3)
2026-02-02 19:37:36,070 - core.data_fetcher - INFO - [OK] Successfully fetched 105 rows for BTC-EUR at 1wk
2026-02-02 19:37:36,071 - core.data_fetcher - INFO - Fetching BTC-EUR - 1mo (attempt 1/3)
2026-02-02 19:37:36,244 - core.data_fetcher - INFO - [OK] Successfully fetched 60 rows for BTC-EUR at 1mo
2026-02-02 19:37:36,247 - core.data_fetcher - INFO - Fetching BTC-EUR - 3mo (attempt 1/3)
2026-02-02 19:37:36,474 - core.data_fetcher - INFO - [OK] Successfully fetched 20 rows for BTC-EUR at 3mo
2026-02-02 19:37:36,476 - core.data_fetcher - INFO - Fetching BTC-EUR - 1h (attempt 1/3)
2026-02-02 19:37:36,757 - core.data_fetcher - WARNING - BTC-EUR 1h: 50.1% rows have zero volume
2026-02-02 19:37:36,767 - core.data_fetcher - INFO - [OK] Successfully fetched 1440 rows for BTC-EUR at 1h
2026-02-02 19:37:36,767 - core.data_fetcher - INFO - Fetching BTC-EUR - 30m (attempt 1/3)
2026-02-02 19:37:37,272 - core.data_fetcher - INFO - [OK] Successfully fetched 1440 rows for BTC-EUR at 30m
2026-02-02 19:37:37,273 - core.data_fetcher - INFO - Fetching BTC-EUR - 15m (attempt 1/3)
2026-02-02 19:37:37,483 - core.data_fetcher - INFO - [OK] Successfully fetched 2880 rows for BTC-EUR at 15m
2026-02-02 19:37:37,483 - core.data_fetcher - INFO - Fetching BTC-EUR - 5m (attempt 1/3)
2026-02-02 19:37:37,882 - core.data_fetcher - WARNING - BTC-EUR 5m: 47.7% rows have zero volume
2026-02-02 19:37:37,890 - core.data_fetcher - INFO - [OK] Successfully fetched 1376 rows for BTC-EUR at 5m
2026-02-02 19:37:37,890 - core.data_fetcher - INFO - Fetching BTC-EUR - 3m (attempt 1/3)
2026-02-02 19:37:38,147 - core.data_fetcher - INFO - Resampling 1-minute data to 3-minute intervals
2026-02-02 19:37:38,166 - core.data_fetcher - INFO - [OK] Successfully fetched 19 rows for BTC-EUR at 3m
2026-02-02 19:37:38,166 - core.data_fetcher - INFO - Fetching BTC-EUR - 2m (attempt 1/3)
2026-02-02 19:37:38,403 - core.data_fetcher - WARNING - BTC-EUR 2m: 34.5% rows have zero volume
2026-02-02 19:37:38,406 - core.data_fetcher - INFO - [OK] Successfully fetched 29 rows for BTC-EUR at 2m
2026-02-02 19:37:38,408 - core.data_fetcher - INFO - Fetching BTC-EUR - 1m (attempt 1/3)
2026-02-02 19:37:38,604 - core.data_fetcher - WARNING - BTC-EUR 1m: 48.0% rows have zero volume
2026-02-02 19:37:38,607 - core.data_fetcher - INFO - [OK] Successfully fetched 50 rows for BTC-EUR at 1m
2026-02-02 19:37:39,617 - core.data_storage - INFO - 
Saving all timeframes for BTC-EUR
2026-02-02 19:37:39,638 - core.data_storage - INFO - [OK] Saved BTC-EUR 4h to .\data/raw\BTC-EUR\BTC-EUR_4h_20260202.csv (360 rows)
2026-02-02 19:37:39,705 - core.data_storage - INFO - Metadata saved to .\data/metadata.json
2026-02-02 19:37:39,716 - core.data_storage - INFO - [OK] Saved BTC-EUR 1d to .\data/raw\BTC-EUR\BTC-EUR_1d_20260202.csv (504 rows)
2026-02-02 19:37:39,784 - core.data_storage - INFO - Metadata saved to .\data/metadata.json
2026-02-02 19:37:39,793 - core.data_storage - INFO - [OK] Saved BTC-EUR 1wk to .\data/raw\BTC-EUR\BTC-EUR_1wk_20260202.csv (105 rows)
2026-02-02 19:37:39,867 - core.data_storage - INFO - Metadata saved to .\data/metadata.json
2026-02-02 19:37:39,873 - core.data_storage - INFO - [OK] Saved BTC-EUR 1mo to .\data/raw\BTC-EUR\BTC-EUR_1mo_20260202.csv (60 rows)
2026-02-02 19:37:39,946 - core.data_storage - INFO - Metadata saved to .\data/metadata.json
2026-02-02 19:37:39,952 - core.data_storage - INFO - [OK] Saved BTC-EUR 3mo to .\data/raw\BTC-EUR\BTC-EUR_3mo_20260202.csv (20 rows)
2026-02-02 19:37:40,102 - core.data_storage - INFO - Metadata saved to .\data/metadata.json
2026-02-02 19:37:40,141 - core.data_storage - INFO - [OK] Saved BTC-EUR 1h to .\data/raw\BTC-EUR\BTC-EUR_1h_20260202.csv (1440 rows)
2026-02-02 19:37:40,216 - core.data_storage - INFO - Metadata saved to .\data/metadata.json
2026-02-02 19:37:40,246 - core.data_storage - INFO - [OK] Saved BTC-EUR 30m to .\data/raw\BTC-EUR\BTC-EUR_30m_20260202.csv (1440 rows)
2026-02-02 19:37:40,321 - core.data_storage - INFO - Metadata saved to .\data/metadata.json
2026-02-02 19:37:40,406 - core.data_storage - INFO - [OK] Saved BTC-EUR 15m to .\data/raw\BTC-EUR\BTC-EUR_15m_20260202.csv (2880 rows)
2026-02-02 19:37:40,582 - core.data_storage - INFO - Metadata saved to .\data/metadata.json
2026-02-02 19:37:40,622 - core.data_storage - INFO - [OK] Saved BTC-EUR 5m to .\data/raw\BTC-EUR\BTC-EUR_5m_20260202.csv (1376 rows)
2026-02-02 19:37:40,692 - core.data_storage - INFO - Metadata saved to .\data/metadata.json
2026-02-02 19:37:40,712 - core.data_storage - INFO - [OK] Saved BTC-EUR 3m to .\data/raw\BTC-EUR\BTC-EUR_3m_20260202.csv (19 rows)
2026-02-02 19:37:40,785 - core.data_storage - INFO - Metadata saved to .\data/metadata.json
2026-02-02 19:37:40,834 - core.data_storage - INFO - [OK] Saved BTC-EUR 2m to .\data/raw\BTC-EUR\BTC-EUR_2m_20260202.csv (29 rows)
2026-02-02 19:37:40,906 - core.data_storage - INFO - Metadata saved to .\data/metadata.json
2026-02-02 19:37:40,954 - core.data_storage - INFO - [OK] Saved BTC-EUR 1m to .\data/raw\BTC-EUR\BTC-EUR_1m_20260202.csv (50 rows)
2026-02-02 19:37:41,020 - core.data_storage - INFO - Metadata saved to .\data/metadata.json
2026-02-02 19:37:41,020 - core.data_storage - INFO - 
============================================================
2026-02-02 19:37:41,020 - core.data_storage - INFO - SAVE SUMMARY:
2026-02-02 19:37:41,020 - core.data_storage - INFO - Saved 12/12 files
2026-02-02 19:37:41,020 - core.data_storage - INFO - Success rate: 100.0%
2026-02-02 19:37:41,020 - core.data_storage - INFO - ============================================================
2026-02-02 19:37:41,023 - core.news_fetcher - INFO - Fetching news for BTC-EUR...
2026-02-02 19:37:41,292 - core.data_storage - INFO - [OK] Saved 8 news articles for BTC-EUR to .\data\news\BTC-EUR_news.json
2026-02-02 19:45:52,349 - core.ticker_selector - INFO - Manual tickers set: ['BTC-EUR']
2026-02-02 19:45:53,102 - core.ticker_selector - INFO - [OK] Valid ticker: BTC-EUR
2026-02-02 19:45:53,103 - core.ticker_selector - INFO - Validation complete: 1/1 tickers valid
2026-02-02 19:45:53,104 - core.data_fetcher - INFO - 
============================================================
2026-02-02 19:45:53,104 - core.data_fetcher - INFO - Fetching all timeframes for BTC-EUR
2026-02-02 19:45:53,105 - core.data_fetcher - INFO - ============================================================
2026-02-02 19:45:53,105 - core.data_fetcher - INFO - Fetching BTC-EUR - 4h (attempt 1/3)
2026-02-02 19:45:53,595 - core.data_fetcher - INFO - Resampling hourly data to 4-hour intervals
2026-02-02 19:45:53,626 - core.data_fetcher - INFO - [OK] Successfully fetched 360 rows for BTC-EUR at 4h
2026-02-02 19:45:53,626 - core.data_fetcher - INFO - Fetching BTC-EUR - 1d (attempt 1/3)
2026-02-02 19:45:53,869 - core.data_fetcher - INFO - [OK] Successfully fetched 504 rows for BTC-EUR at 1d
2026-02-02 19:45:53,869 - core.data_fetcher - INFO - Fetching BTC-EUR - 1wk (attempt 1/3)
2026-02-02 19:45:54,027 - core.data_fetcher - INFO - [OK] Successfully fetched 105 rows for BTC-EUR at 1wk
2026-02-02 19:45:54,027 - core.data_fetcher - INFO - Fetching BTC-EUR - 1mo (attempt 1/3)
2026-02-02 19:45:54,259 - core.data_fetcher - INFO - [OK] Successfully fetched 60 rows for BTC-EUR at 1mo
2026-02-02 19:45:54,260 - core.data_fetcher - INFO - Fetching BTC-EUR - 3mo (attempt 1/3)
2026-02-02 19:45:54,537 - core.data_fetcher - INFO - [OK] Successfully fetched 20 rows for BTC-EUR at 3mo
2026-02-02 19:45:54,537 - core.data_fetcher - INFO - Fetching BTC-EUR - 1h (attempt 1/3)
2026-02-02 19:45:54,890 - core.data_fetcher - WARNING - BTC-EUR 1h: 50.1% rows have zero volume
2026-02-02 19:45:54,902 - core.data_fetcher - INFO - [OK] Successfully fetched 1440 rows for BTC-EUR at 1h
2026-02-02 19:45:54,904 - core.data_fetcher - INFO - Fetching BTC-EUR - 30m (attempt 1/3)
2026-02-02 19:45:55,439 - core.data_fetcher - INFO - [OK] Successfully fetched 1440 rows for BTC-EUR at 30m
2026-02-02 19:45:55,440 - core.data_fetcher - INFO - Fetching BTC-EUR - 15m (attempt 1/3)
2026-02-02 19:45:55,705 - core.data_fetcher - INFO - [OK] Successfully fetched 2879 rows for BTC-EUR at 15m
2026-02-02 19:45:55,705 - core.data_fetcher - INFO - Fetching BTC-EUR - 5m (attempt 1/3)
2026-02-02 19:45:55,966 - core.data_fetcher - WARNING - BTC-EUR 5m: 47.6% rows have zero volume
2026-02-02 19:45:55,972 - core.data_fetcher - INFO - [OK] Successfully fetched 1377 rows for BTC-EUR at 5m
2026-02-02 19:45:55,972 - core.data_fetcher - INFO - Fetching BTC-EUR - 3m (attempt 1/3)
2026-02-02 19:45:56,293 - core.data_fetcher - INFO - Resampling 1-minute data to 3-minute intervals
2026-02-02 19:45:56,311 - core.data_fetcher - INFO - [OK] Successfully fetched 19 rows for BTC-EUR at 3m
2026-02-02 19:45:56,312 - core.data_fetcher - INFO - Fetching BTC-EUR - 2m (attempt 1/3)
2026-02-02 19:45:56,628 - core.data_fetcher - WARNING - BTC-EUR 2m: 33.3% rows have zero volume
2026-02-02 19:45:56,634 - core.data_fetcher - INFO - [OK] Successfully fetched 30 rows for BTC-EUR at 2m
2026-02-02 19:45:56,634 - core.data_fetcher - INFO - Fetching BTC-EUR - 1m (attempt 1/3)
2026-02-02 19:45:56,943 - core.data_fetcher - WARNING - BTC-EUR 1m: 46.0% rows have zero volume
2026-02-02 19:45:56,950 - core.data_fetcher - INFO - [OK] Successfully fetched 50 rows for BTC-EUR at 1m
2026-02-02 19:45:57,963 - core.data_storage - INFO - 
Saving all timeframes for BTC-EUR
2026-02-02 19:45:58,030 - core.data_storage - INFO - [OK] Saved BTC-EUR 4h to .\data/raw\BTC-EUR\BTC-EUR_4h_20260202.csv (360 rows)
2026-02-02 19:45:58,178 - core.data_storage - INFO - Metadata saved to .\data/metadata.json
2026-02-02 19:45:58,196 - core.data_storage - INFO - [OK] Saved BTC-EUR 1d to .\data/raw\BTC-EUR\BTC-EUR_1d_20260202.csv (504 rows)
2026-02-02 19:45:58,280 - core.data_storage - INFO - Metadata saved to .\data/metadata.json
2026-02-02 19:45:58,292 - core.data_storage - INFO - [OK] Saved BTC-EUR 1wk to .\data/raw\BTC-EUR\BTC-EUR_1wk_20260202.csv (105 rows)
2026-02-02 19:45:58,404 - core.data_storage - INFO - Metadata saved to .\data/metadata.json
2026-02-02 19:45:58,415 - core.data_storage - INFO - [OK] Saved BTC-EUR 1mo to .\data/raw\BTC-EUR\BTC-EUR_1mo_20260202.csv (60 rows)
2026-02-02 19:45:58,510 - core.data_storage - INFO - Metadata saved to .\data/metadata.json
2026-02-02 19:45:58,521 - core.data_storage - INFO - [OK] Saved BTC-EUR 3mo to .\data/raw\BTC-EUR\BTC-EUR_3mo_20260202.csv (20 rows)
2026-02-02 19:45:58,618 - core.data_storage - INFO - Metadata saved to .\data/metadata.json
2026-02-02 19:45:58,690 - core.data_storage - INFO - [OK] Saved BTC-EUR 1h to .\data/raw\BTC-EUR\BTC-EUR_1h_20260202.csv (1440 rows)
2026-02-02 19:45:58,805 - core.data_storage - INFO - Metadata saved to .\data/metadata.json
2026-02-02 19:45:58,883 - core.data_storage - INFO - [OK] Saved BTC-EUR 30m to .\data/raw\BTC-EUR\BTC-EUR_30m_20260202.csv (1440 rows)
2026-02-02 19:45:59,010 - core.data_storage - INFO - Metadata saved to .\data/metadata.json
2026-02-02 19:45:59,152 - core.data_storage - INFO - [OK] Saved BTC-EUR 15m to .\data/raw\BTC-EUR\BTC-EUR_15m_20260202.csv (2879 rows)
2026-02-02 19:45:59,312 - core.data_storage - INFO - Metadata saved to .\data/metadata.json
2026-02-02 19:45:59,364 - core.data_storage - INFO - [OK] Saved BTC-EUR 5m to .\data/raw\BTC-EUR\BTC-EUR_5m_20260202.csv (1377 rows)
2026-02-02 19:45:59,482 - core.data_storage - INFO - Metadata saved to .\data/metadata.json
2026-02-02 19:45:59,490 - core.data_storage - INFO - [OK] Saved BTC-EUR 3m to .\data/raw\BTC-EUR\BTC-EUR_3m_20260202.csv (19 rows)
2026-02-02 19:45:59,598 - core.data_storage - INFO - Metadata saved to .\data/metadata.json
2026-02-02 19:45:59,609 - core.data_storage - INFO - [OK] Saved BTC-EUR 2m to .\data/raw\BTC-EUR\BTC-EUR_2m_20260202.csv (30 rows)
2026-02-02 19:45:59,714 - core.data_storage - INFO - Metadata saved to .\data/metadata.json
2026-02-02 19:45:59,725 - core.data_storage - INFO - [OK] Saved BTC-EUR 1m to .\data/raw\BTC-EUR\BTC-EUR_1m_20260202.csv (50 rows)
2026-02-02 19:45:59,798 - core.data_storage - INFO - Metadata saved to .\data/metadata.json
2026-02-02 19:45:59,799 - core.data_storage - INFO - 
============================================================
2026-02-02 19:45:59,799 - core.data_storage - INFO - SAVE SUMMARY:
2026-02-02 19:45:59,799 - core.data_storage - INFO - Saved 12/12 files
2026-02-02 19:45:59,799 - core.data_storage - INFO - Success rate: 100.0%
2026-02-02 19:45:59,799 - core.data_storage - INFO - ============================================================
2026-02-02 19:45:59,802 - core.news_fetcher - INFO - Fetching news for BTC-EUR...
2026-02-02 19:46:00,145 - core.data_storage - INFO - [OK] Saved 8 news articles for BTC-EUR to .\data\news\BTC-EUR_news.json
2026-02-02 19:52:42,768 - core.ticker_selector - INFO - Manual tickers set: ['BTC-EUR']
2026-02-02 19:52:43,457 - core.ticker_selector - INFO - [OK] Valid ticker: BTC-EUR
2026-02-02 19:52:43,458 - core.ticker_selector - INFO - Validation complete: 1/1 tickers valid
2026-02-02 19:52:43,458 - core.data_fetcher - INFO - 
============================================================
2026-02-02 19:52:43,458 - core.data_fetcher - INFO - Fetching all timeframes for BTC-EUR
2026-02-02 19:52:43,458 - core.data_fetcher - INFO - ============================================================
2026-02-02 19:52:43,459 - core.data_fetcher - INFO - Fetching BTC-EUR - 4h (attempt 1/3)
2026-02-02 19:52:44,014 - core.data_fetcher - INFO - Resampling hourly data to 4-hour intervals
2026-02-02 19:52:44,071 - core.data_fetcher - INFO - [OK] Successfully fetched 360 rows for BTC-EUR at 4h
2026-02-02 19:52:44,072 - core.data_fetcher - INFO - Fetching BTC-EUR - 1d (attempt 1/3)
2026-02-02 19:52:44,372 - core.data_fetcher - INFO - [OK] Successfully fetched 504 rows for BTC-EUR at 1d
2026-02-02 19:52:44,373 - core.data_fetcher - INFO - Fetching BTC-EUR - 1wk (attempt 1/3)
2026-02-02 19:52:44,674 - core.data_fetcher - INFO - [OK] Successfully fetched 105 rows for BTC-EUR at 1wk
2026-02-02 19:52:44,675 - core.data_fetcher - INFO - Fetching BTC-EUR - 1mo (attempt 1/3)
2026-02-02 19:52:44,901 - core.data_fetcher - INFO - [OK] Successfully fetched 60 rows for BTC-EUR at 1mo
2026-02-02 19:52:44,901 - core.data_fetcher - INFO - Fetching BTC-EUR - 3mo (attempt 1/3)
2026-02-02 19:52:45,128 - core.data_fetcher - INFO - [OK] Successfully fetched 20 rows for BTC-EUR at 3mo
2026-02-02 19:52:45,129 - core.data_fetcher - INFO - Fetching BTC-EUR - 1h (attempt 1/3)
2026-02-02 19:52:45,418 - core.data_fetcher - WARNING - BTC-EUR 1h: 50.1% rows have zero volume
2026-02-02 19:52:45,427 - core.data_fetcher - INFO - [OK] Successfully fetched 1440 rows for BTC-EUR at 1h
2026-02-02 19:52:45,427 - core.data_fetcher - INFO - Fetching BTC-EUR - 30m (attempt 1/3)
2026-02-02 19:52:45,930 - core.data_fetcher - INFO - [OK] Successfully fetched 1440 rows for BTC-EUR at 30m
2026-02-02 19:52:45,932 - core.data_fetcher - INFO - Fetching BTC-EUR - 15m (attempt 1/3)
2026-02-02 19:52:46,339 - core.data_fetcher - INFO - [OK] Successfully fetched 2880 rows for BTC-EUR at 15m
2026-02-02 19:52:46,340 - core.data_fetcher - INFO - Fetching BTC-EUR - 5m (attempt 1/3)
2026-02-02 19:52:46,710 - core.data_fetcher - WARNING - BTC-EUR 5m: 47.6% rows have zero volume
2026-02-02 19:52:46,721 - core.data_fetcher - INFO - [OK] Successfully fetched 1379 rows for BTC-EUR at 5m
2026-02-02 19:52:46,722 - core.data_fetcher - INFO - Fetching BTC-EUR - 3m (attempt 1/3)
2026-02-02 19:52:46,963 - core.data_fetcher - INFO - Resampling 1-minute data to 3-minute intervals
2026-02-02 19:52:46,974 - core.data_fetcher - INFO - [OK] Successfully fetched 20 rows for BTC-EUR at 3m
2026-02-02 19:52:46,974 - core.data_fetcher - INFO - Fetching BTC-EUR - 2m (attempt 1/3)
2026-02-02 19:52:47,277 - core.data_fetcher - INFO - [OK] Successfully fetched 29 rows for BTC-EUR at 2m
2026-02-02 19:52:47,278 - core.data_fetcher - INFO - Fetching BTC-EUR - 1m (attempt 1/3)
2026-02-02 19:52:47,598 - core.data_fetcher - WARNING - BTC-EUR 1m: 46.0% rows have zero volume
2026-02-02 19:52:47,607 - core.data_fetcher - INFO - [OK] Successfully fetched 50 rows for BTC-EUR at 1m
2026-02-02 19:52:48,622 - core.data_storage - INFO - 
Saving all timeframes for BTC-EUR
2026-02-02 19:52:48,680 - core.data_storage - INFO - [OK] Saved BTC-EUR 4h to .\data/raw\BTC-EUR\BTC-EUR_4h_20260202.csv (360 rows)
2026-02-02 19:52:48,826 - core.data_storage - INFO - Metadata saved to .\data/metadata.json
2026-02-02 19:52:48,850 - core.data_storage - INFO - [OK] Saved BTC-EUR 1d to .\data/raw\BTC-EUR\BTC-EUR_1d_20260202.csv (504 rows)
2026-02-02 19:52:48,975 - core.data_storage - INFO - Metadata saved to .\data/metadata.json
2026-02-02 19:52:48,984 - core.data_storage - INFO - [OK] Saved BTC-EUR 1wk to .\data/raw\BTC-EUR\BTC-EUR_1wk_20260202.csv (105 rows)
2026-02-02 19:52:49,106 - core.data_storage - INFO - Metadata saved to .\data/metadata.json
2026-02-02 19:52:49,118 - core.data_storage - INFO - [OK] Saved BTC-EUR 1mo to .\data/raw\BTC-EUR\BTC-EUR_1mo_20260202.csv (60 rows)
2026-02-02 19:52:49,228 - core.data_storage - INFO - Metadata saved to .\data/metadata.json
2026-02-02 19:52:49,234 - core.data_storage - INFO - [OK] Saved BTC-EUR 3mo to .\data/raw\BTC-EUR\BTC-EUR_3mo_20260202.csv (20 rows)
2026-02-02 19:52:49,361 - core.data_storage - INFO - Metadata saved to .\data/metadata.json
2026-02-02 19:52:49,432 - core.data_storage - INFO - [OK] Saved BTC-EUR 1h to .\data/raw\BTC-EUR\BTC-EUR_1h_20260202.csv (1440 rows)
2026-02-02 19:52:49,547 - core.data_storage - INFO - Metadata saved to .\data/metadata.json
2026-02-02 19:52:49,613 - core.data_storage - INFO - [OK] Saved BTC-EUR 30m to .\data/raw\BTC-EUR\BTC-EUR_30m_20260202.csv (1440 rows)
2026-02-02 19:52:49,737 - core.data_storage - INFO - Metadata saved to .\data/metadata.json
2026-02-02 19:52:49,891 - core.data_storage - INFO - [OK] Saved BTC-EUR 15m to .\data/raw\BTC-EUR\BTC-EUR_15m_20260202.csv (2880 rows)
2026-02-02 19:52:50,037 - core.data_storage - INFO - Metadata saved to .\data/metadata.json
2026-02-02 19:52:50,120 - core.data_storage - INFO - [OK] Saved BTC-EUR 5m to .\data/raw\BTC-EUR\BTC-EUR_5m_20260202.csv (1379 rows)
2026-02-02 19:52:50,239 - core.data_storage - INFO - Metadata saved to .\data/metadata.json
2026-02-02 19:52:50,247 - core.data_storage - INFO - [OK] Saved BTC-EUR 3m to .\data/raw\BTC-EUR\BTC-EUR_3m_20260202.csv (20 rows)
2026-02-02 19:52:50,364 - core.data_storage - INFO - Metadata saved to .\data/metadata.json
2026-02-02 19:52:50,374 - core.data_storage - INFO - [OK] Saved BTC-EUR 2m to .\data/raw\BTC-EUR\BTC-EUR_2m_20260202.csv (29 rows)
2026-02-02 19:52:50,497 - core.data_storage - INFO - Metadata saved to .\data/metadata.json
2026-02-02 19:52:50,509 - core.data_storage - INFO - [OK] Saved BTC-EUR 1m to .\data/raw\BTC-EUR\BTC-EUR_1m_20260202.csv (50 rows)
2026-02-02 19:52:50,603 - core.data_storage - INFO - Metadata saved to .\data/metadata.json
2026-02-02 19:52:50,604 - core.data_storage - INFO - 
============================================================
2026-02-02 19:52:50,604 - core.data_storage - INFO - SAVE SUMMARY:
2026-02-02 19:52:50,605 - core.data_storage - INFO - Saved 12/12 files
2026-02-02 19:52:50,605 - core.data_storage - INFO - Success rate: 100.0%
2026-02-02 19:52:50,605 - core.data_storage - INFO - ============================================================
2026-02-02 19:52:50,606 - core.news_fetcher - INFO - Fetching news for BTC-EUR...
2026-02-02 19:52:50,937 - core.data_storage - INFO - [OK] Saved 8 news articles for BTC-EUR to .\data\news\BTC-EUR_news.json
2026-02-02 21:25:26,104 - core.ticker_selector - INFO - Manual tickers set: ['BTC-EUR']
2026-02-02 21:25:27,213 - core.ticker_selector - INFO - [OK] Valid ticker: BTC-EUR
2026-02-02 21:25:27,213 - core.ticker_selector - INFO - Validation complete: 1/1 tickers valid
2026-02-02 21:25:27,213 - core.data_fetcher - INFO - 
============================================================
2026-02-02 21:25:27,214 - core.data_fetcher - INFO - Fetching all timeframes for BTC-EUR
2026-02-02 21:25:27,214 - core.data_fetcher - INFO - ============================================================
2026-02-02 21:25:27,214 - core.data_fetcher - INFO - Fetching BTC-EUR - 4h (attempt 1/3)
2026-02-02 21:25:27,464 - core.data_fetcher - INFO - Resampling hourly data to 4-hour intervals
2026-02-02 21:25:27,481 - core.data_fetcher - INFO - [OK] Successfully fetched 360 rows for BTC-EUR at 4h
2026-02-02 21:25:27,481 - core.data_fetcher - INFO - Fetching BTC-EUR - 1d (attempt 1/3)
2026-02-02 21:25:27,697 - core.data_fetcher - INFO - [OK] Successfully fetched 504 rows for BTC-EUR at 1d
2026-02-02 21:25:27,697 - core.data_fetcher - INFO - Fetching BTC-EUR - 1wk (attempt 1/3)
2026-02-02 21:25:27,872 - core.data_fetcher - INFO - [OK] Successfully fetched 105 rows for BTC-EUR at 1wk
2026-02-02 21:25:27,872 - core.data_fetcher - INFO - Fetching BTC-EUR - 1mo (attempt 1/3)
2026-02-02 21:25:27,985 - core.data_fetcher - INFO - [OK] Successfully fetched 60 rows for BTC-EUR at 1mo
2026-02-02 21:25:27,985 - core.data_fetcher - INFO - Fetching BTC-EUR - 3mo (attempt 1/3)
2026-02-02 21:25:28,112 - core.data_fetcher - INFO - [OK] Successfully fetched 20 rows for BTC-EUR at 3mo
2026-02-02 21:25:28,112 - core.data_fetcher - INFO - Fetching BTC-EUR - 1h (attempt 1/3)
2026-02-02 21:25:28,368 - core.data_fetcher - WARNING - BTC-EUR 1h: 50.0% rows have zero volume
2026-02-02 21:25:28,372 - core.data_fetcher - INFO - [OK] Successfully fetched 1440 rows for BTC-EUR at 1h
2026-02-02 21:25:28,373 - core.data_fetcher - INFO - Fetching BTC-EUR - 30m (attempt 1/3)
2026-02-02 21:25:28,713 - core.data_fetcher - INFO - [OK] Successfully fetched 1440 rows for BTC-EUR at 30m
2026-02-02 21:25:28,714 - core.data_fetcher - INFO - Fetching BTC-EUR - 15m (attempt 1/3)
2026-02-02 21:25:28,851 - core.data_fetcher - INFO - [OK] Successfully fetched 2880 rows for BTC-EUR at 15m
2026-02-02 21:25:28,851 - core.data_fetcher - INFO - Fetching BTC-EUR - 5m (attempt 1/3)
2026-02-02 21:25:29,101 - core.data_fetcher - WARNING - BTC-EUR 5m: 47.0% rows have zero volume
2026-02-02 21:25:29,105 - core.data_fetcher - INFO - [OK] Successfully fetched 1397 rows for BTC-EUR at 5m
2026-02-02 21:25:29,105 - core.data_fetcher - INFO - Fetching BTC-EUR - 3m (attempt 1/3)
2026-02-02 21:25:29,301 - core.data_fetcher - INFO - Resampling 1-minute data to 3-minute intervals
2026-02-02 21:25:29,306 - core.data_fetcher - INFO - [OK] Successfully fetched 20 rows for BTC-EUR at 3m
2026-02-02 21:25:29,306 - core.data_fetcher - INFO - Fetching BTC-EUR - 2m (attempt 1/3)
2026-02-02 21:25:29,533 - core.data_fetcher - WARNING - BTC-EUR 2m: 33.3% rows have zero volume
2026-02-02 21:25:29,535 - core.data_fetcher - INFO - [OK] Successfully fetched 30 rows for BTC-EUR at 2m
2026-02-02 21:25:29,535 - core.data_fetcher - INFO - Fetching BTC-EUR - 1m (attempt 1/3)
2026-02-02 21:25:29,694 - core.data_fetcher - WARNING - BTC-EUR 1m: 54.9% rows have zero volume
2026-02-02 21:25:29,695 - core.data_fetcher - INFO - [OK] Successfully fetched 51 rows for BTC-EUR at 1m
2026-02-02 21:25:30,703 - core.data_storage - INFO - 
Saving all timeframes for BTC-EUR
2026-02-02 21:25:30,721 - core.data_storage - INFO - [OK] Saved BTC-EUR 4h to .\data/raw\BTC-EUR\BTC-EUR_4h_20260202.csv (360 rows)
2026-02-02 21:25:30,782 - core.data_storage - INFO - Metadata saved to .\data/metadata.json
2026-02-02 21:25:30,787 - core.data_storage - INFO - [OK] Saved BTC-EUR 1d to .\data/raw\BTC-EUR\BTC-EUR_1d_20260202.csv (504 rows)
2026-02-02 21:25:30,829 - core.data_storage - INFO - Metadata saved to .\data/metadata.json
2026-02-02 21:25:30,834 - core.data_storage - INFO - [OK] Saved BTC-EUR 1wk to .\data/raw\BTC-EUR\BTC-EUR_1wk_20260202.csv (105 rows)
2026-02-02 21:25:30,883 - core.data_storage - INFO - Metadata saved to .\data/metadata.json
2026-02-02 21:25:30,886 - core.data_storage - INFO - [OK] Saved BTC-EUR 1mo to .\data/raw\BTC-EUR\BTC-EUR_1mo_20260202.csv (60 rows)
2026-02-02 21:25:30,933 - core.data_storage - INFO - Metadata saved to .\data/metadata.json
2026-02-02 21:25:30,936 - core.data_storage - INFO - [OK] Saved BTC-EUR 3mo to .\data/raw\BTC-EUR\BTC-EUR_3mo_20260202.csv (20 rows)
2026-02-02 21:25:30,978 - core.data_storage - INFO - Metadata saved to .\data/metadata.json
2026-02-02 21:25:30,994 - core.data_storage - INFO - [OK] Saved BTC-EUR 1h to .\data/raw\BTC-EUR\BTC-EUR_1h_20260202.csv (1440 rows)
2026-02-02 21:25:31,036 - core.data_storage - INFO - Metadata saved to .\data/metadata.json
2026-02-02 21:25:31,049 - core.data_storage - INFO - [OK] Saved BTC-EUR 30m to .\data/raw\BTC-EUR\BTC-EUR_30m_20260202.csv (1440 rows)
2026-02-02 21:25:31,122 - core.data_storage - INFO - Metadata saved to .\data/metadata.json
2026-02-02 21:25:31,176 - core.data_storage - INFO - [OK] Saved BTC-EUR 15m to .\data/raw\BTC-EUR\BTC-EUR_15m_20260202.csv (2880 rows)
2026-02-02 21:25:31,254 - core.data_storage - INFO - Metadata saved to .\data/metadata.json
2026-02-02 21:25:31,287 - core.data_storage - INFO - [OK] Saved BTC-EUR 5m to .\data/raw\BTC-EUR\BTC-EUR_5m_20260202.csv (1397 rows)
2026-02-02 21:25:31,374 - core.data_storage - INFO - Metadata saved to .\data/metadata.json
2026-02-02 21:25:31,380 - core.data_storage - INFO - [OK] Saved BTC-EUR 3m to .\data/raw\BTC-EUR\BTC-EUR_3m_20260202.csv (20 rows)
2026-02-02 21:25:31,454 - core.data_storage - INFO - Metadata saved to .\data/metadata.json
2026-02-02 21:25:31,462 - core.data_storage - INFO - [OK] Saved BTC-EUR 2m to .\data/raw\BTC-EUR\BTC-EUR_2m_20260202.csv (30 rows)
2026-02-02 21:25:31,546 - core.data_storage - INFO - Metadata saved to .\data/metadata.json
2026-02-02 21:25:31,553 - core.data_storage - INFO - [OK] Saved BTC-EUR 1m to .\data/raw\BTC-EUR\BTC-EUR_1m_20260202.csv (51 rows)
2026-02-02 21:25:31,630 - core.data_storage - INFO - Metadata saved to .\data/metadata.json
2026-02-02 21:25:31,630 - core.data_storage - INFO - 
============================================================
2026-02-02 21:25:31,631 - core.data_storage - INFO - SAVE SUMMARY:
2026-02-02 21:25:31,631 - core.data_storage - INFO - Saved 12/12 files
2026-02-02 21:25:31,631 - core.data_storage - INFO - Success rate: 100.0%
2026-02-02 21:25:31,631 - core.data_storage - INFO - ============================================================
2026-02-02 21:25:31,633 - core.news_fetcher - INFO - Fetching news for BTC-EUR...
2026-02-02 21:25:31,857 - core.data_storage - INFO - [OK] Saved 8 news articles for BTC-EUR to .\data\news\BTC-EUR_news.json
2026-02-02 21:32:47,675 - core.ticker_selector - INFO - Manual tickers set: ['BTC-EUR']
2026-02-02 21:32:48,559 - core.ticker_selector - INFO - [OK] Valid ticker: BTC-EUR
2026-02-02 21:32:48,560 - core.ticker_selector - INFO - Validation complete: 1/1 tickers valid
2026-02-02 21:32:48,561 - core.data_fetcher - INFO - 
============================================================
2026-02-02 21:32:48,561 - core.data_fetcher - INFO - Fetching all timeframes for BTC-EUR
2026-02-02 21:32:48,562 - core.data_fetcher - INFO - ============================================================
2026-02-02 21:32:48,563 - core.data_fetcher - INFO - Fetching BTC-EUR - 4h (attempt 1/3)
2026-02-02 21:32:48,978 - core.data_fetcher - INFO - Resampling hourly data to 4-hour intervals
2026-02-02 21:32:49,010 - core.data_fetcher - INFO - [OK] Successfully fetched 360 rows for BTC-EUR at 4h
2026-02-02 21:32:49,011 - core.data_fetcher - INFO - Fetching BTC-EUR - 1d (attempt 1/3)
2026-02-02 21:32:49,356 - core.data_fetcher - INFO - [OK] Successfully fetched 504 rows for BTC-EUR at 1d
2026-02-02 21:32:49,356 - core.data_fetcher - INFO - Fetching BTC-EUR - 1wk (attempt 1/3)
2026-02-02 21:32:49,586 - core.data_fetcher - INFO - [OK] Successfully fetched 105 rows for BTC-EUR at 1wk
2026-02-02 21:32:49,586 - core.data_fetcher - INFO - Fetching BTC-EUR - 1mo (attempt 1/3)
2026-02-02 21:32:49,832 - core.data_fetcher - INFO - [OK] Successfully fetched 60 rows for BTC-EUR at 1mo
2026-02-02 21:32:49,833 - core.data_fetcher - INFO - Fetching BTC-EUR - 3mo (attempt 1/3)
2026-02-02 21:32:50,069 - core.data_fetcher - INFO - [OK] Successfully fetched 20 rows for BTC-EUR at 3mo
2026-02-02 21:32:50,070 - core.data_fetcher - INFO - Fetching BTC-EUR - 1h (attempt 1/3)
2026-02-02 21:32:50,375 - core.data_fetcher - WARNING - BTC-EUR 1h: 50.0% rows have zero volume
2026-02-02 21:32:50,388 - core.data_fetcher - INFO - [OK] Successfully fetched 1440 rows for BTC-EUR at 1h
2026-02-02 21:32:50,389 - core.data_fetcher - INFO - Fetching BTC-EUR - 30m (attempt 1/3)
2026-02-02 21:32:50,887 - core.data_fetcher - INFO - [OK] Successfully fetched 1440 rows for BTC-EUR at 30m
2026-02-02 21:32:50,888 - core.data_fetcher - INFO - Fetching BTC-EUR - 15m (attempt 1/3)
2026-02-02 21:32:51,334 - core.data_fetcher - INFO - [OK] Successfully fetched 2880 rows for BTC-EUR at 15m
2026-02-02 21:32:51,337 - core.data_fetcher - INFO - Fetching BTC-EUR - 5m (attempt 1/3)
2026-02-02 21:32:51,689 - core.data_fetcher - WARNING - BTC-EUR 5m: 47.0% rows have zero volume
2026-02-02 21:32:51,701 - core.data_fetcher - INFO - [OK] Successfully fetched 1399 rows for BTC-EUR at 5m
2026-02-02 21:32:51,702 - core.data_fetcher - INFO - Fetching BTC-EUR - 3m (attempt 1/3)
2026-02-02 21:32:52,028 - core.data_fetcher - INFO - Resampling 1-minute data to 3-minute intervals
2026-02-02 21:32:52,057 - core.data_fetcher - INFO - [OK] Successfully fetched 20 rows for BTC-EUR at 3m
2026-02-02 21:32:52,058 - core.data_fetcher - INFO - Fetching BTC-EUR - 2m (attempt 1/3)
2026-02-02 21:32:52,413 - core.data_fetcher - WARNING - BTC-EUR 2m: 31.0% rows have zero volume
2026-02-02 21:32:52,422 - core.data_fetcher - INFO - [OK] Successfully fetched 29 rows for BTC-EUR at 2m
2026-02-02 21:32:52,422 - core.data_fetcher - INFO - Fetching BTC-EUR - 1m (attempt 1/3)
2026-02-02 21:32:52,734 - core.data_fetcher - WARNING - BTC-EUR 1m: 52.9% rows have zero volume
2026-02-02 21:32:52,743 - core.data_fetcher - INFO - [OK] Successfully fetched 51 rows for BTC-EUR at 1m
2026-02-02 21:32:53,759 - core.data_storage - INFO - 
Saving all timeframes for BTC-EUR
2026-02-02 21:32:53,796 - core.data_storage - INFO - [OK] Saved BTC-EUR 4h to .\data/raw\BTC-EUR\BTC-EUR_4h_20260202.csv (360 rows)
2026-02-02 21:32:53,947 - core.data_storage - INFO - Metadata saved to .\data/metadata.json
2026-02-02 21:32:53,973 - core.data_storage - INFO - [OK] Saved BTC-EUR 1d to .\data/raw\BTC-EUR\BTC-EUR_1d_20260202.csv (504 rows)
2026-02-02 21:32:54,118 - core.data_storage - INFO - Metadata saved to .\data/metadata.json
2026-02-02 21:32:54,131 - core.data_storage - INFO - [OK] Saved BTC-EUR 1wk to .\data/raw\BTC-EUR\BTC-EUR_1wk_20260202.csv (105 rows)
2026-02-02 21:32:54,271 - core.data_storage - INFO - Metadata saved to .\data/metadata.json
2026-02-02 21:32:54,283 - core.data_storage - INFO - [OK] Saved BTC-EUR 1mo to .\data/raw\BTC-EUR\BTC-EUR_1mo_20260202.csv (60 rows)
2026-02-02 21:32:54,415 - core.data_storage - INFO - Metadata saved to .\data/metadata.json
2026-02-02 21:32:54,426 - core.data_storage - INFO - [OK] Saved BTC-EUR 3mo to .\data/raw\BTC-EUR\BTC-EUR_3mo_20260202.csv (20 rows)
2026-02-02 21:32:54,551 - core.data_storage - INFO - Metadata saved to .\data/metadata.json
2026-02-02 21:32:54,639 - core.data_storage - INFO - [OK] Saved BTC-EUR 1h to .\data/raw\BTC-EUR\BTC-EUR_1h_20260202.csv (1440 rows)
2026-02-02 21:32:54,776 - core.data_storage - INFO - Metadata saved to .\data/metadata.json
2026-02-02 21:32:54,866 - core.data_storage - INFO - [OK] Saved BTC-EUR 30m to .\data/raw\BTC-EUR\BTC-EUR_30m_20260202.csv (1440 rows)
2026-02-02 21:32:55,026 - core.data_storage - INFO - Metadata saved to .\data/metadata.json
2026-02-02 21:32:55,168 - core.data_storage - INFO - [OK] Saved BTC-EUR 15m to .\data/raw\BTC-EUR\BTC-EUR_15m_20260202.csv (2880 rows)
2026-02-02 21:32:55,335 - core.data_storage - INFO - Metadata saved to .\data/metadata.json
2026-02-02 21:32:55,426 - core.data_storage - INFO - [OK] Saved BTC-EUR 5m to .\data/raw\BTC-EUR\BTC-EUR_5m_20260202.csv (1399 rows)
2026-02-02 21:32:55,575 - core.data_storage - INFO - Metadata saved to .\data/metadata.json
2026-02-02 21:32:55,586 - core.data_storage - INFO - [OK] Saved BTC-EUR 3m to .\data/raw\BTC-EUR\BTC-EUR_3m_20260202.csv (20 rows)
2026-02-02 21:32:55,717 - core.data_storage - INFO - Metadata saved to .\data/metadata.json
2026-02-02 21:32:55,730 - core.data_storage - INFO - [OK] Saved BTC-EUR 2m to .\data/raw\BTC-EUR\BTC-EUR_2m_20260202.csv (29 rows)
2026-02-02 21:32:55,856 - core.data_storage - INFO - Metadata saved to .\data/metadata.json
2026-02-02 21:32:55,866 - core.data_storage - INFO - [OK] Saved BTC-EUR 1m to .\data/raw\BTC-EUR\BTC-EUR_1m_20260202.csv (51 rows)
2026-02-02 21:32:55,986 - core.data_storage - INFO - Metadata saved to .\data/metadata.json
2026-02-02 21:32:55,987 - core.data_storage - INFO - 
============================================================
2026-02-02 21:32:55,987 - core.data_storage - INFO - SAVE SUMMARY:
2026-02-02 21:32:55,987 - core.data_storage - INFO - Saved 12/12 files
2026-02-02 21:32:55,987 - core.data_storage - INFO - Success rate: 100.0%
2026-02-02 21:32:55,989 - core.data_storage - INFO - ============================================================
2026-02-02 21:32:55,993 - core.news_fetcher - INFO - Fetching news for BTC-EUR...
2026-02-02 21:32:56,219 - core.data_storage - INFO - [OK] Saved 8 news articles for BTC-EUR to .\data\news\BTC-EUR_news.json
2026-02-02 21:38:48,699 - core.ticker_selector - INFO - Manual tickers set: ['AAPL']
2026-02-02 21:38:49,515 - core.ticker_selector - INFO - [OK] Valid ticker: AAPL
2026-02-02 21:38:49,516 - core.ticker_selector - INFO - Validation complete: 1/1 tickers valid
2026-02-02 21:38:49,516 - core.data_fetcher - INFO - 
============================================================
2026-02-02 21:38:49,517 - core.data_fetcher - INFO - Fetching all timeframes for AAPL
2026-02-02 21:38:49,518 - core.data_fetcher - INFO - ============================================================
2026-02-02 21:38:49,518 - core.data_fetcher - INFO - Fetching AAPL - 4h (attempt 1/3)
2026-02-02 21:39:04,165 - core.data_fetcher - INFO - Resampling hourly data to 4-hour intervals
2026-02-02 21:39:04,195 - core.data_fetcher - INFO - [OK] Successfully fetched 116 rows for AAPL at 4h
2026-02-02 21:39:04,196 - core.data_fetcher - INFO - Fetching AAPL - 1d (attempt 1/3)
2026-02-02 21:39:04,554 - core.data_fetcher - INFO - [OK] Successfully fetched 345 rows for AAPL at 1d
2026-02-02 21:39:04,555 - core.data_fetcher - INFO - Fetching AAPL - 1wk (attempt 1/3)
2026-02-02 21:39:04,837 - core.data_fetcher - INFO - [OK] Successfully fetched 105 rows for AAPL at 1wk
2026-02-02 21:39:04,838 - core.data_fetcher - INFO - Fetching AAPL - 1mo (attempt 1/3)
2026-02-02 21:39:05,250 - core.data_fetcher - INFO - [OK] Successfully fetched 60 rows for AAPL at 1mo
2026-02-02 21:39:05,251 - core.data_fetcher - INFO - Fetching AAPL - 3mo (attempt 1/3)
2026-02-02 21:39:05,532 - core.data_fetcher - INFO - [OK] Successfully fetched 20 rows for AAPL at 3mo
2026-02-02 21:39:05,533 - core.data_fetcher - INFO - Fetching AAPL - 1h (attempt 1/3)
2026-02-02 21:39:05,899 - core.data_fetcher - INFO - [OK] Successfully fetched 269 rows for AAPL at 1h
2026-02-02 21:39:05,899 - core.data_fetcher - INFO - Fetching AAPL - 30m (attempt 1/3)
2026-02-02 21:39:06,230 - core.data_fetcher - INFO - [OK] Successfully fetched 260 rows for AAPL at 30m
2026-02-02 21:39:06,231 - core.data_fetcher - INFO - Fetching AAPL - 15m (attempt 1/3)
2026-02-02 21:39:06,625 - core.data_fetcher - INFO - [OK] Successfully fetched 519 rows for AAPL at 15m
2026-02-02 21:39:06,626 - core.data_fetcher - INFO - Fetching AAPL - 5m (attempt 1/3)
2026-02-02 21:39:06,954 - core.data_fetcher - INFO - [OK] Successfully fetched 234 rows for AAPL at 5m
2026-02-02 21:39:06,956 - core.data_fetcher - INFO - Fetching AAPL - 3m (attempt 1/3)
2026-02-02 21:39:07,231 - core.data_fetcher - INFO - Resampling 1-minute data to 3-minute intervals
2026-02-02 21:39:07,255 - core.data_fetcher - INFO - [OK] Successfully fetched 20 rows for AAPL at 3m
2026-02-02 21:39:07,257 - core.data_fetcher - INFO - Fetching AAPL - 2m (attempt 1/3)
2026-02-02 21:39:07,514 - core.data_fetcher - INFO - [OK] Successfully fetched 30 rows for AAPL at 2m
2026-02-02 21:39:07,514 - core.data_fetcher - INFO - Fetching AAPL - 1m (attempt 1/3)
2026-02-02 21:39:07,803 - core.data_fetcher - INFO - [OK] Successfully fetched 60 rows for AAPL at 1m
2026-02-02 21:39:08,816 - core.data_storage - INFO - 
Saving all timeframes for AAPL
2026-02-02 21:39:08,848 - core.data_storage - INFO - [OK] Saved AAPL 4h to .\data/raw\AAPL\AAPL_4h_20260202.csv (116 rows)
2026-02-02 21:39:08,993 - core.data_storage - INFO - Metadata saved to .\data/metadata.json
2026-02-02 21:39:09,017 - core.data_storage - INFO - [OK] Saved AAPL 1d to .\data/raw\AAPL\AAPL_1d_20260202.csv (345 rows)
2026-02-02 21:39:09,167 - core.data_storage - INFO - Metadata saved to .\data/metadata.json
2026-02-02 21:39:09,187 - core.data_storage - INFO - [OK] Saved AAPL 1wk to .\data/raw\AAPL\AAPL_1wk_20260202.csv (105 rows)
2026-02-02 21:39:09,324 - core.data_storage - INFO - Metadata saved to .\data/metadata.json
2026-02-02 21:39:09,333 - core.data_storage - INFO - [OK] Saved AAPL 1mo to .\data/raw\AAPL\AAPL_1mo_20260202.csv (60 rows)
2026-02-02 21:39:09,446 - core.data_storage - INFO - Metadata saved to .\data/metadata.json
2026-02-02 21:39:09,461 - core.data_storage - INFO - [OK] Saved AAPL 3mo to .\data/raw\AAPL\AAPL_3mo_20260202.csv (20 rows)
2026-02-02 21:39:09,579 - core.data_storage - INFO - Metadata saved to .\data/metadata.json
2026-02-02 21:39:09,606 - core.data_storage - INFO - [OK] Saved AAPL 1h to .\data/raw\AAPL\AAPL_1h_20260202.csv (269 rows)
2026-02-02 21:39:09,762 - core.data_storage - INFO - Metadata saved to .\data/metadata.json
2026-02-02 21:39:09,796 - core.data_storage - INFO - [OK] Saved AAPL 30m to .\data/raw\AAPL\AAPL_30m_20260202.csv (260 rows)
2026-02-02 21:39:09,937 - core.data_storage - INFO - Metadata saved to .\data/metadata.json
2026-02-02 21:39:09,989 - core.data_storage - INFO - [OK] Saved AAPL 15m to .\data/raw\AAPL\AAPL_15m_20260202.csv (519 rows)
2026-02-02 21:39:10,132 - core.data_storage - INFO - Metadata saved to .\data/metadata.json
2026-02-02 21:39:10,156 - core.data_storage - INFO - [OK] Saved AAPL 5m to .\data/raw\AAPL\AAPL_5m_20260202.csv (234 rows)
2026-02-02 21:39:10,285 - core.data_storage - INFO - Metadata saved to .\data/metadata.json
2026-02-02 21:39:10,294 - core.data_storage - INFO - [OK] Saved AAPL 3m to .\data/raw\AAPL\AAPL_3m_20260202.csv (20 rows)
2026-02-02 21:39:10,419 - core.data_storage - INFO - Metadata saved to .\data/metadata.json
2026-02-02 21:39:10,431 - core.data_storage - INFO - [OK] Saved AAPL 2m to .\data/raw\AAPL\AAPL_2m_20260202.csv (30 rows)
2026-02-02 21:39:10,546 - core.data_storage - INFO - Metadata saved to .\data/metadata.json
2026-02-02 21:39:10,559 - core.data_storage - INFO - [OK] Saved AAPL 1m to .\data/raw\AAPL\AAPL_1m_20260202.csv (60 rows)
2026-02-02 21:39:10,689 - core.data_storage - INFO - Metadata saved to .\data/metadata.json
2026-02-02 21:39:10,689 - core.data_storage - INFO - 
============================================================
2026-02-02 21:39:10,689 - core.data_storage - INFO - SAVE SUMMARY:
2026-02-02 21:39:10,690 - core.data_storage - INFO - Saved 12/12 files
2026-02-02 21:39:10,690 - core.data_storage - INFO - Success rate: 100.0%
2026-02-02 21:39:10,690 - core.data_storage - INFO - ============================================================
2026-02-02 21:39:10,693 - core.news_fetcher - INFO - Fetching news for AAPL...
2026-02-02 21:39:10,958 - core.data_storage - INFO - [OK] Saved 10 news articles for AAPL to .\data\news\AAPL_news.json
2026-02-02 21:42:51,683 - core.ticker_selector - INFO - Manual tickers set: ['AAPL']
2026-02-02 21:42:52,470 - core.ticker_selector - INFO - [OK] Valid ticker: AAPL
2026-02-02 21:42:52,470 - core.ticker_selector - INFO - Validation complete: 1/1 tickers valid
2026-02-02 21:42:52,474 - core.data_fetcher - INFO - 
============================================================
2026-02-02 21:42:52,475 - core.data_fetcher - INFO - Fetching all timeframes for AAPL
2026-02-02 21:42:52,476 - core.data_fetcher - INFO - ============================================================
2026-02-02 21:42:52,476 - core.data_fetcher - INFO - Fetching AAPL - 4h (attempt 1/3)
2026-02-02 21:42:52,772 - core.data_fetcher - INFO - Resampling hourly data to 4-hour intervals
2026-02-02 21:42:52,781 - core.data_fetcher - INFO - [OK] Successfully fetched 116 rows for AAPL at 4h
2026-02-02 21:42:52,782 - core.data_fetcher - INFO - Fetching AAPL - 1d (attempt 1/3)
2026-02-02 21:42:53,010 - core.data_fetcher - INFO - [OK] Successfully fetched 345 rows for AAPL at 1d
2026-02-02 21:42:53,011 - core.data_fetcher - INFO - Fetching AAPL - 1wk (attempt 1/3)
2026-02-02 21:42:53,210 - core.data_fetcher - INFO - [OK] Successfully fetched 105 rows for AAPL at 1wk
2026-02-02 21:42:53,211 - core.data_fetcher - INFO - Fetching AAPL - 1mo (attempt 1/3)
2026-02-02 21:42:53,443 - core.data_fetcher - INFO - [OK] Successfully fetched 240 rows for AAPL at 1mo
2026-02-02 21:42:53,443 - core.data_fetcher - INFO - Fetching AAPL - 3mo (attempt 1/3)
2026-02-02 21:42:53,742 - core.data_fetcher - INFO - [OK] Successfully fetched 80 rows for AAPL at 3mo
2026-02-02 21:42:53,743 - core.data_fetcher - INFO - Fetching AAPL - 1h (attempt 1/3)
2026-02-02 21:42:53,882 - core.data_fetcher - INFO - [OK] Successfully fetched 269 rows for AAPL at 1h
2026-02-02 21:42:53,883 - core.data_fetcher - INFO - Fetching AAPL - 30m (attempt 1/3)
2026-02-02 21:42:54,070 - core.data_fetcher - INFO - [OK] Successfully fetched 260 rows for AAPL at 30m
2026-02-02 21:42:54,070 - core.data_fetcher - INFO - Fetching AAPL - 15m (attempt 1/3)
2026-02-02 21:42:54,345 - core.data_fetcher - INFO - [OK] Successfully fetched 519 rows for AAPL at 15m
2026-02-02 21:42:54,346 - core.data_fetcher - INFO - Fetching AAPL - 5m (attempt 1/3)
2026-02-02 21:42:54,635 - core.data_fetcher - INFO - [OK] Successfully fetched 234 rows for AAPL at 5m
2026-02-02 21:42:54,636 - core.data_fetcher - INFO - Fetching AAPL - 3m (attempt 1/3)
2026-02-02 21:42:54,785 - core.data_fetcher - INFO - Resampling 1-minute data to 3-minute intervals
2026-02-02 21:42:54,793 - core.data_fetcher - INFO - [OK] Successfully fetched 20 rows for AAPL at 3m
2026-02-02 21:42:54,794 - core.data_fetcher - INFO - Fetching AAPL - 2m (attempt 1/3)
2026-02-02 21:42:56,032 - core.data_fetcher - INFO - [OK] Successfully fetched 30 rows for AAPL at 2m
2026-02-02 21:42:56,033 - core.data_fetcher - INFO - Fetching AAPL - 1m (attempt 1/3)
2026-02-02 21:42:56,183 - core.data_fetcher - INFO - [OK] Successfully fetched 60 rows for AAPL at 1m
2026-02-02 21:42:57,193 - core.data_storage - INFO - 
Saving all timeframes for AAPL
2026-02-02 21:42:57,227 - core.data_storage - INFO - [OK] Saved AAPL 4h to .\data/raw\AAPL\AAPL_4h_20260202.csv (116 rows)
2026-02-02 21:42:57,295 - core.data_storage - INFO - Metadata saved to .\data/metadata.json
2026-02-02 21:42:57,305 - core.data_storage - INFO - [OK] Saved AAPL 1d to .\data/raw\AAPL\AAPL_1d_20260202.csv (345 rows)
2026-02-02 21:42:57,371 - core.data_storage - INFO - Metadata saved to .\data/metadata.json
2026-02-02 21:42:57,374 - core.data_storage - INFO - [OK] Saved AAPL 1wk to .\data/raw\AAPL\AAPL_1wk_20260202.csv (105 rows)
2026-02-02 21:42:57,417 - core.data_storage - INFO - Metadata saved to .\data/metadata.json
2026-02-02 21:42:57,423 - core.data_storage - INFO - [OK] Saved AAPL 1mo to .\data/raw\AAPL\AAPL_1mo_20260202.csv (240 rows)
2026-02-02 21:42:57,469 - core.data_storage - INFO - Metadata saved to .\data/metadata.json
2026-02-02 21:42:57,474 - core.data_storage - INFO - [OK] Saved AAPL 3mo to .\data/raw\AAPL\AAPL_3mo_20260202.csv (80 rows)
2026-02-02 21:42:57,524 - core.data_storage - INFO - Metadata saved to .\data/metadata.json
2026-02-02 21:42:57,530 - core.data_storage - INFO - [OK] Saved AAPL 1h to .\data/raw\AAPL\AAPL_1h_20260202.csv (269 rows)
2026-02-02 21:42:57,581 - core.data_storage - INFO - Metadata saved to .\data/metadata.json
2026-02-02 21:42:57,588 - core.data_storage - INFO - [OK] Saved AAPL 30m to .\data/raw\AAPL\AAPL_30m_20260202.csv (260 rows)
2026-02-02 21:42:57,651 - core.data_storage - INFO - Metadata saved to .\data/metadata.json
2026-02-02 21:42:57,662 - core.data_storage - INFO - [OK] Saved AAPL 15m to .\data/raw\AAPL\AAPL_15m_20260202.csv (519 rows)
2026-02-02 21:42:57,713 - core.data_storage - INFO - Metadata saved to .\data/metadata.json
2026-02-02 21:42:57,720 - core.data_storage - INFO - [OK] Saved AAPL 5m to .\data/raw\AAPL\AAPL_5m_20260202.csv (234 rows)
2026-02-02 21:42:57,772 - core.data_storage - INFO - Metadata saved to .\data/metadata.json
2026-02-02 21:42:57,776 - core.data_storage - INFO - [OK] Saved AAPL 3m to .\data/raw\AAPL\AAPL_3m_20260202.csv (20 rows)
2026-02-02 21:42:57,817 - core.data_storage - INFO - Metadata saved to .\data/metadata.json
2026-02-02 21:42:57,821 - core.data_storage - INFO - [OK] Saved AAPL 2m to .\data/raw\AAPL\AAPL_2m_20260202.csv (30 rows)
2026-02-02 21:42:57,871 - core.data_storage - INFO - Metadata saved to .\data/metadata.json
2026-02-02 21:42:57,876 - core.data_storage - INFO - [OK] Saved AAPL 1m to .\data/raw\AAPL\AAPL_1m_20260202.csv (60 rows)
2026-02-02 21:42:57,927 - core.data_storage - INFO - Metadata saved to .\data/metadata.json
2026-02-02 21:42:57,928 - core.data_storage - INFO - 
============================================================
2026-02-02 21:42:57,928 - core.data_storage - INFO - SAVE SUMMARY:
2026-02-02 21:42:57,928 - core.data_storage - INFO - Saved 12/12 files
2026-02-02 21:42:57,928 - core.data_storage - INFO - Success rate: 100.0%
2026-02-02 21:42:57,928 - core.data_storage - INFO - ============================================================
2026-02-02 21:42:57,930 - core.news_fetcher - INFO - Fetching news for AAPL...
2026-02-02 21:42:58,272 - core.data_storage - INFO - [OK] Saved 10 news articles for AAPL to .\data\news\AAPL_news.json
2026-02-02 21:45:09,792 - core.ticker_selector - INFO - Manual tickers set: ['BTC-EUR']
2026-02-02 21:45:10,553 - core.ticker_selector - INFO - [OK] Valid ticker: BTC-EUR
2026-02-02 21:45:10,554 - core.ticker_selector - INFO - Validation complete: 1/1 tickers valid
2026-02-02 21:45:10,554 - core.data_fetcher - INFO - 
============================================================
2026-02-02 21:45:10,554 - core.data_fetcher - INFO - Fetching all timeframes for BTC-EUR
2026-02-02 21:45:10,555 - core.data_fetcher - INFO - ============================================================
2026-02-02 21:45:10,555 - core.data_fetcher - INFO - Fetching BTC-EUR - 4h (attempt 1/3)
2026-02-02 21:45:10,895 - core.data_fetcher - INFO - Resampling hourly data to 4-hour intervals
2026-02-02 21:45:10,926 - core.data_fetcher - INFO - [OK] Successfully fetched 360 rows for BTC-EUR at 4h
2026-02-02 21:45:10,928 - core.data_fetcher - INFO - Fetching BTC-EUR - 1d (attempt 1/3)
2026-02-02 21:45:11,196 - core.data_fetcher - INFO - [OK] Successfully fetched 504 rows for BTC-EUR at 1d
2026-02-02 21:45:11,197 - core.data_fetcher - INFO - Fetching BTC-EUR - 1wk (attempt 1/3)
2026-02-02 21:45:11,439 - core.data_fetcher - INFO - [OK] Successfully fetched 105 rows for BTC-EUR at 1wk
2026-02-02 21:45:11,442 - core.data_fetcher - INFO - Fetching BTC-EUR - 1mo (attempt 1/3)
2026-02-02 21:45:11,703 - core.data_fetcher - INFO - [OK] Successfully fetched 138 rows for BTC-EUR at 1mo
2026-02-02 21:45:11,704 - core.data_fetcher - INFO - Fetching BTC-EUR - 3mo (attempt 1/3)
2026-02-02 21:45:11,939 - core.data_fetcher - INFO - [OK] Successfully fetched 46 rows for BTC-EUR at 3mo
2026-02-02 21:45:11,941 - core.data_fetcher - INFO - Fetching BTC-EUR - 1h (attempt 1/3)
2026-02-02 21:45:12,297 - core.data_fetcher - WARNING - BTC-EUR 1h: 50.0% rows have zero volume
2026-02-02 21:45:12,308 - core.data_fetcher - INFO - [OK] Successfully fetched 1440 rows for BTC-EUR at 1h
2026-02-02 21:45:12,309 - core.data_fetcher - INFO - Fetching BTC-EUR - 30m (attempt 1/3)
2026-02-02 21:45:12,756 - core.data_fetcher - INFO - [OK] Successfully fetched 1440 rows for BTC-EUR at 30m
2026-02-02 21:45:12,757 - core.data_fetcher - INFO - Fetching BTC-EUR - 15m (attempt 1/3)
2026-02-02 21:45:13,076 - core.data_fetcher - INFO - [OK] Successfully fetched 2879 rows for BTC-EUR at 15m
2026-02-02 21:45:13,076 - core.data_fetcher - INFO - Fetching BTC-EUR - 5m (attempt 1/3)
2026-02-02 21:45:13,408 - core.data_fetcher - WARNING - BTC-EUR 5m: 46.8% rows have zero volume
2026-02-02 21:45:13,419 - core.data_fetcher - INFO - [OK] Successfully fetched 1401 rows for BTC-EUR at 5m
2026-02-02 21:45:13,420 - core.data_fetcher - INFO - Fetching BTC-EUR - 3m (attempt 1/3)
2026-02-02 21:45:13,959 - core.data_fetcher - INFO - Resampling 1-minute data to 3-minute intervals
2026-02-02 21:45:13,982 - core.data_fetcher - INFO - [OK] Successfully fetched 19 rows for BTC-EUR at 3m
2026-02-02 21:45:13,983 - core.data_fetcher - INFO - Fetching BTC-EUR - 2m (attempt 1/3)
2026-02-02 21:45:14,318 - core.data_fetcher - WARNING - BTC-EUR 2m: 34.5% rows have zero volume
2026-02-02 21:45:14,324 - core.data_fetcher - INFO - [OK] Successfully fetched 29 rows for BTC-EUR at 2m
2026-02-02 21:45:14,325 - core.data_fetcher - INFO - Fetching BTC-EUR - 1m (attempt 1/3)
2026-02-02 21:45:14,669 - core.data_fetcher - WARNING - BTC-EUR 1m: 56.9% rows have zero volume
2026-02-02 21:45:14,676 - core.data_fetcher - INFO - [OK] Successfully fetched 51 rows for BTC-EUR at 1m
2026-02-02 21:45:15,690 - core.data_storage - INFO - 
Saving all timeframes for BTC-EUR
2026-02-02 21:45:15,735 - core.data_storage - INFO - [OK] Saved BTC-EUR 4h to .\data/raw\BTC-EUR\BTC-EUR_4h_20260202.csv (360 rows)
2026-02-02 21:45:15,866 - core.data_storage - INFO - Metadata saved to .\data/metadata.json
2026-02-02 21:45:15,894 - core.data_storage - INFO - [OK] Saved BTC-EUR 1d to .\data/raw\BTC-EUR\BTC-EUR_1d_20260202.csv (504 rows)
2026-02-02 21:45:16,037 - core.data_storage - INFO - Metadata saved to .\data/metadata.json
2026-02-02 21:45:16,051 - core.data_storage - INFO - [OK] Saved BTC-EUR 1wk to .\data/raw\BTC-EUR\BTC-EUR_1wk_20260202.csv (105 rows)
2026-02-02 21:45:16,169 - core.data_storage - INFO - Metadata saved to .\data/metadata.json
2026-02-02 21:45:16,182 - core.data_storage - INFO - [OK] Saved BTC-EUR 1mo to .\data/raw\BTC-EUR\BTC-EUR_1mo_20260202.csv (138 rows)
2026-02-02 21:45:16,319 - core.data_storage - INFO - Metadata saved to .\data/metadata.json
2026-02-02 21:45:16,329 - core.data_storage - INFO - [OK] Saved BTC-EUR 3mo to .\data/raw\BTC-EUR\BTC-EUR_3mo_20260202.csv (46 rows)
2026-02-02 21:45:16,446 - core.data_storage - INFO - Metadata saved to .\data/metadata.json
2026-02-02 21:45:16,524 - core.data_storage - INFO - [OK] Saved BTC-EUR 1h to .\data/raw\BTC-EUR\BTC-EUR_1h_20260202.csv (1440 rows)
2026-02-02 21:45:16,667 - core.data_storage - INFO - Metadata saved to .\data/metadata.json
2026-02-02 21:45:16,753 - core.data_storage - INFO - [OK] Saved BTC-EUR 30m to .\data/raw\BTC-EUR\BTC-EUR_30m_20260202.csv (1440 rows)
2026-02-02 21:45:16,903 - core.data_storage - INFO - Metadata saved to .\data/metadata.json
2026-02-02 21:45:17,042 - core.data_storage - INFO - [OK] Saved BTC-EUR 15m to .\data/raw\BTC-EUR\BTC-EUR_15m_20260202.csv (2879 rows)
2026-02-02 21:45:17,199 - core.data_storage - INFO - Metadata saved to .\data/metadata.json
2026-02-02 21:45:17,279 - core.data_storage - INFO - [OK] Saved BTC-EUR 5m to .\data/raw\BTC-EUR\BTC-EUR_5m_20260202.csv (1401 rows)
2026-02-02 21:45:17,422 - core.data_storage - INFO - Metadata saved to .\data/metadata.json
2026-02-02 21:45:17,433 - core.data_storage - INFO - [OK] Saved BTC-EUR 3m to .\data/raw\BTC-EUR\BTC-EUR_3m_20260202.csv (19 rows)
2026-02-02 21:45:17,560 - core.data_storage - INFO - Metadata saved to .\data/metadata.json
2026-02-02 21:45:17,573 - core.data_storage - INFO - [OK] Saved BTC-EUR 2m to .\data/raw\BTC-EUR\BTC-EUR_2m_20260202.csv (29 rows)
2026-02-02 21:45:17,716 - core.data_storage - INFO - Metadata saved to .\data/metadata.json
2026-02-02 21:45:17,730 - core.data_storage - INFO - [OK] Saved BTC-EUR 1m to .\data/raw\BTC-EUR\BTC-EUR_1m_20260202.csv (51 rows)
2026-02-02 21:45:17,853 - core.data_storage - INFO - Metadata saved to .\data/metadata.json
2026-02-02 21:45:17,855 - core.data_storage - INFO - 
============================================================
2026-02-02 21:45:17,855 - core.data_storage - INFO - SAVE SUMMARY:
2026-02-02 21:45:17,855 - core.data_storage - INFO - Saved 12/12 files
2026-02-02 21:45:17,855 - core.data_storage - INFO - Success rate: 100.0%
2026-02-02 21:45:17,856 - core.data_storage - INFO - ============================================================
2026-02-02 21:45:17,858 - core.news_fetcher - INFO - Fetching news for BTC-EUR...
2026-02-02 21:45:18,098 - core.data_storage - INFO - [OK] Saved 8 news articles for BTC-EUR to .\data\news\BTC-EUR_news.json
