Date,Open,High,Low,Close,Volume
2026-01-18 00:00:00+00:00,95112.3984375,95112.3984375,95069.6875,95069.6875,0
2026-01-18 00:05:00+00:00,95062.296875,95126.546875,95062.296875,95117.8046875,61739008
2026-01-18 00:10:00+00:00,95163.890625,95182.1328125,95150.6875,95150.6875,51319808
2026-01-18 00:15:00+00:00,95158.0625,95189.4296875,95153.8671875,95178.6015625,0
2026-01-18 00:20:00+00:00,95189.4921875,95189.4921875,95152.6796875,95152.6796875,81355776
2026-01-18 00:25:00+00:00,95156.515625,95164.0703125,95150.2578125,95164.0703125,0
2026-01-18 00:30:00+00:00,95154.3125,95158.75,95154.3125,95156.53125,43138048
2026-01-18 00:35:00+00:00,95157.3046875,95182.5703125,95146.09375,95146.09375,0
2026-01-18 00:40:00+00:00,95138.2578125,95138.2578125,95094.46875,95105.125,0
2026-01-18 00:45:00+00:00,95093.0390625,95093.0390625,95056.71875,95056.71875,23707648
2026-01-18 00:50:00+00:00,95086.90625,95086.90625,95057.828125,95057.828125,23725056
2026-01-18 00:55:00+00:00,95054.734375,95078.734375,95054.734375,95061.84375,52489216
2026-01-18 01:00:00+00:00,95062.1328125,95062.1328125,95016.7421875,95027.15625,0
2026-01-18 01:05:00+00:00,95022.3515625,95022.3515625,94911.6015625,94911.6015625,65694720
2026-01-18 01:10:00+00:00,94858.1328125,94899.359375,94848.9296875,94899.359375,23416832
2026-01-18 01:15:00+00:00,94904.234375,94934.390625,94878.578125,94934.390625,107435008
2026-01-18 01:20:00+00:00,94962.640625,94970.21875,94932.984375,94970.21875,0
2026-01-18 01:25:00+00:00,94966.6953125,94981.296875,94961.0546875,94981.296875,22272000
2026-01-18 01:30:00+00:00,94987.9296875,95003.9453125,94965.0703125,94965.0703125,93254656
2026-01-18 01:35:00+00:00,94965.8046875,94965.8046875,94961.484375,94964.9609375,0
2026-01-18 01:40:00+00:00,94964.5859375,94966.1796875,94959.03125,94959.03125,0
2026-01-18 01:45:00+00:00,94958.953125,94958.953125,94931.1171875,94950.09375,32487424
2026-01-18 01:50:00+00:00,94953.34375,94953.34375,94899.46875,94899.46875,43563008
2026-01-18 01:55:00+00:00,94889.921875,94915.6328125,94889.921875,94908.953125,31974400
2026-01-18 02:00:00+00:00,94926.140625,94972.7890625,94926.140625,94972.7890625,0
2026-01-18 02:05:00+00:00,94985.0234375,94985.0234375,94963.9375,94977.640625,0
2026-01-18 02:10:00+00:00,94994.359375,94994.359375,94969.734375,94970.7578125,18501632
2026-01-18 02:15:00+00:00,94972.796875,95018.2578125,94972.796875,95011.4453125,0
2026-01-18 02:20:00+00:00,94997.3359375,95012.78125,94997.3359375,95000.609375,0
2026-01-18 02:25:00+00:00,95000.8515625,95000.8515625,94977.3125,94977.3125,2919424
2026-01-18 02:30:00+00:00,94973.8125,94973.8125,94903.828125,94903.828125,0
2026-01-18 02:35:00+00:00,94885.7578125,94921.0,94851.5,94851.5,54249472
2026-01-18 02:40:00+00:00,94854.2734375,94923.0546875,94854.2734375,94923.0546875,66143232
2026-01-18 02:45:00+00:00,94925.2265625,94970.1796875,94925.2265625,94970.1796875,0
2026-01-18 02:50:00+00:00,94997.6640625,94997.6640625,94930.25,94935.6484375,0
2026-01-18 02:55:00+00:00,94954.296875,94977.703125,94954.296875,94977.703125,74704896
2026-01-18 03:00:00+00:00,94980.296875,95019.734375,94980.296875,95019.734375,0
2026-01-18 03:05:00+00:00,95025.375,95025.375,94992.25,94992.25,0
2026-01-18 03:10:00+00:00,94996.7109375,95026.5703125,94996.7109375,95018.5390625,0
2026-01-18 03:15:00+00:00,95017.953125,95033.46875,95016.96875,95023.90625,40356864
2026-01-18 03:20:00+00:00,95035.703125,95039.25,95009.2421875,95009.2421875,0
2026-01-18 03:25:00+00:00,95002.25,95088.375,95002.25,95088.375,50805760
2026-01-18 03:30:00+00:00,95083.5546875,95140.015625,95083.5546875,95140.015625,0
2026-01-18 03:35:00+00:00,95133.0234375,95143.1953125,95122.25,95138.65625,41364480
2026-01-18 03:40:00+00:00,95140.0625,95143.9609375,95117.9375,95123.84375,51887104
2026-01-18 03:45:00+00:00,95127.8125,95143.21875,95127.8125,95143.21875,0
2026-01-18 03:50:00+00:00,95152.140625,95152.140625,95127.78125,95127.78125,7005184
2026-01-18 03:55:00+00:00,95129.9375,95147.21875,95127.8515625,95147.21875,0
2026-01-18 04:00:00+00:00,95121.0546875,95143.9375,95121.0546875,95126.890625,0
2026-01-18 04:05:00+00:00,95124.5859375,95146.0,95124.5859375,95133.8203125,39017472
2026-01-18 04:10:00+00:00,95128.2578125,95128.2578125,95079.2421875,95104.578125,6423552
2026-01-18 04:15:00+00:00,95125.75,95125.75,95087.6328125,95087.7890625,24750080
2026-01-18 04:20:00+00:00,95085.71875,95102.1796875,95085.71875,95091.78125,0
2026-01-18 04:25:00+00:00,95086.6328125,95086.6328125,95069.9453125,95069.9453125,3875840
2026-01-18 04:30:00+00:00,95071.9296875,95072.453125,95038.8984375,95044.625,0
2026-01-18 04:35:00+00:00,95050.25,95050.25,95044.3671875,95045.578125,14226432
2026-01-18 04:40:00+00:00,95042.109375,95046.71875,95042.109375,95046.71875,0
2026-01-18 04:45:00+00:00,95060.578125,95060.578125,95053.9375,95057.1015625,0
2026-01-18 04:50:00+00:00,95058.9765625,95076.046875,95058.9765625,95070.15625,0
2026-01-18 04:55:00+00:00,95065.8046875,95065.8046875,95051.9921875,95059.859375,0
2026-01-18 05:00:00+00:00,95059.390625,95063.7734375,95039.6171875,95044.234375,0
2026-01-18 05:05:00+00:00,95042.8984375,95047.796875,95040.8203125,95040.8203125,1255424
2026-01-18 05:10:00+00:00,95025.65625,95042.1875,95025.65625,95042.1875,12146688
2026-01-18 05:15:00+00:00,95062.6171875,95062.6171875,95046.8515625,95046.8515625,13559808
2026-01-18 05:20:00+00:00,95053.0,95063.0,95049.4921875,95063.0,0
2026-01-18 05:25:00+00:00,95064.53125,95077.0390625,95060.4140625,95077.0390625,0
2026-01-18 05:30:00+00:00,95072.40625,95086.5703125,95030.0,95030.0,101028864
2026-01-18 05:35:00+00:00,95048.0078125,95072.8671875,95043.4375,95072.8671875,0
2026-01-18 05:40:00+00:00,95075.0078125,95121.3203125,95073.2890625,95121.3203125,26312704
2026-01-18 05:45:00+00:00,95134.5703125,95189.578125,95134.5703125,95177.15625,51483648
2026-01-18 05:50:00+00:00,95166.203125,95166.203125,95128.53125,95128.53125,0
2026-01-18 05:55:00+00:00,95129.3671875,95154.515625,95129.3125,95154.515625,59858944
2026-01-18 06:00:00+00:00,95134.3046875,95138.6953125,95131.6953125,95131.6953125,0
2026-01-18 06:05:00+00:00,95123.3359375,95149.1875,95123.3359375,95149.1875,0
2026-01-18 06:10:00+00:00,95146.484375,95154.609375,95146.484375,95146.6640625,0
2026-01-18 06:15:00+00:00,95147.3203125,95147.3203125,95126.671875,95126.671875,3795968
2026-01-18 06:20:00+00:00,95128.0078125,95128.0078125,95112.2109375,95119.125,0
2026-01-18 06:25:00+00:00,95122.3125,95130.3515625,95112.2734375,95130.3515625,27682816
2026-01-18 06:30:00+00:00,95143.5,95143.5,95114.8125,95130.8828125,35996672
2026-01-18 06:35:00+00:00,95151.6796875,95161.453125,95151.6796875,95160.0390625,0
2026-01-18 06:40:00+00:00,95166.4921875,95171.390625,95164.625,95164.625,70278144
2026-01-18 06:45:00+00:00,95154.1328125,95154.1328125,95134.6640625,95134.6640625,0
2026-01-18 06:50:00+00:00,95137.90625,95145.296875,95131.1953125,95131.1953125,0
2026-01-18 06:55:00+00:00,95124.9921875,95136.4921875,95115.59375,95136.4921875,51355648
2026-01-18 07:00:00+00:00,95137.25,95140.0078125,95128.4296875,95140.0078125,0
2026-01-18 07:05:00+00:00,95141.3046875,95141.3046875,95094.6328125,95094.6328125,0
2026-01-18 07:10:00+00:00,95091.9375,95091.9375,95044.8046875,95055.28125,722944
2026-01-18 07:15:00+00:00,95047.4921875,95047.4921875,95031.7109375,95042.7578125,37881856
2026-01-18 07:20:00+00:00,95048.71875,95061.796875,95048.1796875,95061.796875,19484672
2026-01-18 07:25:00+00:00,95065.90625,95068.2265625,95063.921875,95068.2265625,87915520
2026-01-18 07:30:00+00:00,95069.6640625,95069.6640625,95029.1015625,95029.75,22778880
2026-01-18 07:35:00+00:00,95014.890625,95018.921875,95012.3359375,95018.921875,2859008
2026-01-18 07:40:00+00:00,95002.5546875,95004.125,94995.9296875,94999.9609375,0
2026-01-18 07:45:00+00:00,94996.8671875,95032.5546875,94996.8671875,95032.5546875,31062016
2026-01-18 07:50:00+00:00,95027.2734375,95037.359375,95021.1171875,95021.1171875,0
2026-01-18 07:55:00+00:00,95020.0390625,95023.484375,95007.453125,95023.484375,0
2026-01-18 08:00:00+00:00,94999.828125,95007.640625,94983.796875,94994.34375,0
2026-01-18 08:05:00+00:00,94998.875,95003.9453125,94977.6953125,94998.9140625,0
2026-01-18 08:10:00+00:00,95010.953125,95019.71875,95005.125,95010.96875,63316992
2026-01-18 08:15:00+00:00,95010.453125,95010.453125,94999.5859375,94999.5859375,0
2026-01-18 08:20:00+00:00,95005.234375,95029.0703125,95005.234375,95029.0703125,0
2026-01-18 08:25:00+00:00,95026.5078125,95051.390625,95026.5078125,95050.640625,16366592
2026-01-18 08:30:00+00:00,95048.640625,95075.4375,95048.640625,95070.9375,0
2026-01-18 08:35:00+00:00,95073.1015625,95081.65625,95073.1015625,95081.65625,0
2026-01-18 08:40:00+00:00,95110.09375,95159.0234375,95110.09375,95135.359375,0
2026-01-18 08:45:00+00:00,95131.390625,95131.390625,95113.6328125,95122.515625,0
2026-01-18 08:50:00+00:00,95144.5546875,95153.1171875,95140.5625,95152.8671875,0
2026-01-18 08:55:00+00:00,95148.59375,95150.9296875,95139.1015625,95146.9765625,56444928
2026-01-18 09:00:00+00:00,95146.78125,95146.78125,95132.640625,95143.453125,0
2026-01-18 09:05:00+00:00,95138.234375,95140.4453125,95122.953125,95130.3671875,0
2026-01-18 09:10:00+00:00,95125.8125,95135.265625,95123.3125,95135.265625,16053248
2026-01-18 09:15:00+00:00,95135.7421875,95159.46875,95135.7421875,95158.6015625,0
2026-01-18 09:20:00+00:00,95161.75,95175.515625,95161.75,95164.96875,121505792
2026-01-18 09:25:00+00:00,95169.546875,95169.8515625,95164.3125,95169.8515625,76282880
2026-01-18 09:30:00+00:00,95160.2265625,95203.0078125,95160.2265625,95203.0078125,102649856
2026-01-18 09:35:00+00:00,95204.296875,95226.875,95196.125,95205.5859375,0
2026-01-18 09:40:00+00:00,95201.53125,95201.53125,95180.46875,95193.4609375,57339904
2026-01-18 09:45:00+00:00,95189.828125,95222.953125,95189.828125,95222.953125,11086848
2026-01-18 09:50:00+00:00,95231.4296875,95242.8671875,95231.4296875,95242.8515625,0
2026-01-18 09:55:00+00:00,95242.203125,95245.3203125,95236.4140625,95236.4140625,33034240
2026-01-18 10:00:00+00:00,95230.1171875,95237.7890625,95150.2109375,95150.2109375,28933120
2026-01-18 10:05:00+00:00,95064.1484375,95083.4921875,95064.1484375,95083.4921875,195372032
2026-01-18 10:10:00+00:00,95108.3828125,95110.28125,95085.6796875,95110.28125,90382336
2026-01-18 10:15:00+00:00,95108.5,95108.5,95087.5234375,95087.5234375,6541312
2026-01-18 10:20:00+00:00,95087.5234375,95098.796875,95085.234375,95098.796875,6424576
2026-01-18 10:25:00+00:00,95101.40625,95102.1171875,95087.796875,95087.796875,0
2026-01-18 10:30:00+00:00,95090.8359375,95105.0078125,95090.8359375,95105.0078125,91121664
2026-01-18 10:35:00+00:00,95112.5390625,95119.734375,95099.359375,95099.359375,0
2026-01-18 10:40:00+00:00,95088.3203125,95127.109375,95088.3203125,95127.0234375,29386752
2026-01-18 10:45:00+00:00,95133.8984375,95139.609375,95123.828125,95131.1953125,30955520
2026-01-18 10:50:00+00:00,95126.5390625,95131.6953125,95120.9375,95131.6953125,1318912
2026-01-18 10:55:00+00:00,95141.2578125,95142.4296875,95137.6953125,95137.8203125,16220160
2026-01-18 11:00:00+00:00,95134.15625,95134.15625,95108.0625,95108.0625,0
2026-01-18 11:05:00+00:00,95085.796875,95085.796875,95072.3828125,95077.5234375,0
2026-01-18 11:10:00+00:00,95074.671875,95088.4765625,95074.671875,95088.4765625,3117056
2026-01-18 11:15:00+00:00,95088.15625,95090.34375,95082.5625,95082.5625,48570368
2026-01-18 11:20:00+00:00,95082.1953125,95090.5859375,95079.1796875,95090.5859375,3092480
2026-01-18 11:25:00+00:00,95077.7421875,95088.9296875,95077.7421875,95088.9296875,0
2026-01-18 11:30:00+00:00,95079.578125,95079.578125,95064.8671875,95064.8671875,0
2026-01-18 11:35:00+00:00,95065.640625,95066.0,95054.34375,95054.34375,0
2026-01-18 11:40:00+00:00,95048.15625,95079.5078125,95038.8828125,95079.5078125,38727680
2026-01-18 11:45:00+00:00,95092.875,95142.3203125,95078.984375,95142.3203125,0
2026-01-18 11:50:00+00:00,95127.5859375,95138.390625,95126.40625,95138.390625,0
2026-01-18 11:55:00+00:00,95142.8203125,95142.8203125,95124.703125,95124.703125,0
2026-01-18 12:00:00+00:00,95129.015625,95135.609375,95129.015625,95134.7421875,14592000
2026-01-18 12:05:00+00:00,95126.6640625,95126.6640625,95086.015625,95086.015625,91639808
2026-01-18 12:10:00+00:00,95084.1171875,95086.59375,95067.171875,95070.2734375,0
2026-01-18 12:15:00+00:00,95071.75,95076.5390625,95061.5546875,95061.5546875,0
2026-01-18 12:20:00+00:00,95058.8125,95073.390625,95058.8125,95073.390625,0
2026-01-18 12:25:00+00:00,95073.8203125,95100.5859375,95073.8203125,95100.5859375,0
2026-01-18 12:30:00+00:00,95105.0625,95105.0625,95103.890625,95103.890625,41519104
2026-01-18 12:35:00+00:00,95086.53125,95125.5625,95086.53125,95125.5625,0
2026-01-18 12:40:00+00:00,95125.8515625,95125.8515625,95119.4375,95119.953125,38716416
2026-01-18 12:45:00+00:00,95123.265625,95125.671875,95121.6953125,95123.0234375,0
2026-01-18 12:50:00+00:00,95111.8671875,95111.8671875,95056.28125,95072.65625,0
2026-01-18 12:55:00+00:00,95054.890625,95061.234375,95049.40625,95049.40625,22205440
2026-01-18 13:00:00+00:00,95066.609375,95066.609375,95053.9765625,95064.1953125,4951040
2026-01-18 13:05:00+00:00,95070.5078125,95070.5078125,95011.671875,95011.671875,30565376
2026-01-18 13:10:00+00:00,94995.265625,95001.9765625,94995.265625,95001.9765625,46497792
2026-01-18 13:15:00+00:00,95011.0703125,95011.0703125,95004.625,95004.625,0
2026-01-18 13:20:00+00:00,94978.53125,94978.53125,94896.734375,94908.8203125,20408320
2026-01-18 13:25:00+00:00,94917.8046875,94917.8046875,94884.125,94912.6328125,19478528
2026-01-18 13:30:00+00:00,94920.6171875,94929.046875,94910.390625,94914.5390625,37455872
2026-01-18 13:35:00+00:00,94915.1953125,94931.1875,94915.1953125,94930.0234375,1261568
2026-01-18 13:40:00+00:00,94937.703125,95131.609375,94937.703125,95124.75,36943872
2026-01-18 13:45:00+00:00,95131.625,95146.4375,95131.625,95140.9765625,55635968
2026-01-18 13:50:00+00:00,95139.0390625,95139.0390625,95119.5703125,95127.2578125,84684800
2026-01-18 13:55:00+00:00,95125.296875,95125.296875,95113.6796875,95115.234375,8312832
2026-01-18 14:00:00+00:00,95118.6171875,95118.6171875,95103.1796875,95103.1796875,0
2026-01-18 14:05:00+00:00,95098.9765625,95126.5390625,95098.9765625,95111.359375,0
2026-01-18 14:10:00+00:00,95105.2109375,95145.65625,95105.2109375,95145.65625,18466816
2026-01-18 14:15:00+00:00,95199.5078125,95275.953125,95199.5078125,95253.796875,17149952
2026-01-18 14:20:00+00:00,95245.2890625,95245.2890625,95162.296875,95162.296875,44902400
2026-01-18 14:25:00+00:00,95162.7421875,95169.7421875,95122.8046875,95154.5625,136452096
2026-01-18 14:30:00+00:00,95134.1640625,95210.984375,95134.1640625,95210.984375,77406208
2026-01-18 14:35:00+00:00,95198.1796875,95200.9140625,95129.46875,95129.46875,22571008
2026-01-18 14:40:00+00:00,95120.4140625,95120.4140625,95095.5859375,95095.5859375,100425728
2026-01-18 14:45:00+00:00,95092.8828125,95100.6171875,95042.59375,95042.59375,62427136
2026-01-18 14:50:00+00:00,95044.4375,95068.6953125,95036.671875,95052.15625,0
2026-01-18 14:55:00+00:00,95041.921875,95041.921875,94904.9375,94904.9375,31551488
2026-01-18 15:00:00+00:00,94931.953125,94957.390625,94891.65625,94918.4765625,0
2026-01-18 15:05:00+00:00,94918.4765625,94989.1171875,94918.4765625,94962.1953125,0
2026-01-18 15:10:00+00:00,94967.5859375,94983.2578125,94967.5859375,94974.1328125,0
2026-01-18 15:15:00+00:00,94982.296875,95020.2890625,94978.6640625,95020.2890625,0
2026-01-18 15:20:00+00:00,95023.890625,95023.890625,94999.1640625,94999.1640625,0
2026-01-18 15:25:00+00:00,95019.0625,95033.9140625,95006.046875,95033.9140625,0
2026-01-18 15:30:00+00:00,95029.4453125,95029.4453125,95005.4375,95005.4375,0
2026-01-18 15:35:00+00:00,95019.1953125,95051.078125,95011.9609375,95051.078125,0
2026-01-18 15:40:00+00:00,95050.6171875,95075.3671875,95050.6171875,95072.390625,0
2026-01-18 15:45:00+00:00,95023.0,95059.140625,95021.828125,95050.53125,0
2026-01-18 15:50:00+00:00,95033.7734375,95061.015625,95031.28125,95061.015625,0
2026-01-18 15:55:00+00:00,95062.7265625,95088.28125,95062.7265625,95088.28125,0
2026-01-18 16:00:00+00:00,95082.828125,95082.828125,95044.390625,95070.296875,0
2026-01-18 16:05:00+00:00,95075.953125,95144.8359375,95075.953125,95102.9921875,0
2026-01-18 16:10:00+00:00,95138.71875,95143.859375,95117.1171875,95117.1171875,0
2026-01-18 16:15:00+00:00,95111.4609375,95126.390625,95111.4609375,95126.390625,0
2026-01-18 16:20:00+00:00,95119.1328125,95142.125,95104.90625,95138.609375,31598592
2026-01-18 16:25:00+00:00,95133.5703125,95133.5703125,95056.1875,95060.3125,0
2026-01-18 16:30:00+00:00,95067.4140625,95095.03125,95056.9375,95071.4296875,0
2026-01-18 16:35:00+00:00,95055.3515625,95101.109375,95050.5234375,95101.109375,0
2026-01-18 16:40:00+00:00,95074.1328125,95143.4921875,95074.1328125,95138.09375,0
2026-01-18 16:45:00+00:00,95140.953125,95141.6953125,95126.2109375,95126.2109375,0
2026-01-18 16:50:00+00:00,95104.1171875,95157.6796875,95104.1171875,95157.6796875,0
2026-01-18 16:55:00+00:00,95137.578125,95142.7734375,95137.578125,95139.5,0
2026-01-18 17:00:00+00:00,95124.078125,95139.421875,95124.078125,95134.796875,0
2026-01-18 17:05:00+00:00,95156.359375,95204.8359375,95156.359375,95173.5390625,977920
2026-01-18 17:10:00+00:00,95168.421875,95196.796875,95168.421875,95171.109375,0
2026-01-18 17:15:00+00:00,95121.7890625,95194.265625,95121.7890625,95194.265625,24994816
2026-01-18 17:20:00+00:00,95205.796875,95212.921875,95201.5625,95201.5625,12691456
2026-01-18 17:25:00+00:00,95194.4609375,95232.9609375,95194.4609375,95232.9609375,0
2026-01-18 17:30:00+00:00,95222.6171875,95233.15625,95222.6171875,95223.6015625,23606272
2026-01-18 17:35:00+00:00,95222.4765625,95228.3203125,95182.7421875,95182.7421875,9837568
2026-01-18 17:40:00+00:00,95185.4765625,95190.8515625,95164.2734375,95169.03125,7585792
2026-01-18 17:45:00+00:00,95160.5546875,95168.6875,95157.9453125,95168.2890625,0
2026-01-18 17:50:00+00:00,95175.6953125,95180.1015625,95170.6875,95180.1015625,0
2026-01-18 17:55:00+00:00,95178.109375,95190.734375,95170.0703125,95171.609375,0
2026-01-18 18:00:00+00:00,95229.9375,95229.9375,95194.4765625,95201.4921875,0
2026-01-18 18:05:00+00:00,95196.0546875,95197.625,95187.265625,95187.265625,9777152
2026-01-18 18:10:00+00:00,95192.21875,95192.21875,95173.859375,95188.015625,10243072
2026-01-18 18:15:00+00:00,95202.953125,95202.953125,95159.890625,95166.65625,35649536
2026-01-18 18:20:00+00:00,95162.6953125,95174.5625,95155.28125,95174.5625,12737536
2026-01-18 18:25:00+00:00,95181.9609375,95307.65625,95181.9609375,95307.65625,795648
2026-01-18 18:30:00+00:00,95337.421875,95364.1328125,95297.6484375,95335.5703125,0
2026-01-18 18:35:00+00:00,95346.6796875,95346.6796875,95321.2890625,95321.2890625,72260608
2026-01-18 18:40:00+00:00,95307.4921875,95330.40625,95305.0390625,95322.796875,105846784
2026-01-18 18:45:00+00:00,95312.6171875,95419.2109375,95312.6171875,95419.2109375,51605504
2026-01-18 18:50:00+00:00,95403.2421875,95416.0546875,95390.828125,95398.484375,43172864
2026-01-18 18:55:00+00:00,95405.21875,95488.1796875,95405.21875,95439.3671875,119066624
2026-01-18 19:00:00+00:00,95408.9921875,95469.8828125,95408.9921875,95469.8828125,148057088
2026-01-18 19:05:00+00:00,95470.3046875,95475.015625,95414.8046875,95416.6640625,66035712
2026-01-18 19:10:00+00:00,95408.03125,95411.34375,95406.4921875,95408.453125,66434048
2026-01-18 19:15:00+00:00,95411.5,95411.703125,95351.234375,95351.234375,98482176
2026-01-18 19:20:00+00:00,95392.2890625,95421.734375,95384.3203125,95416.7578125,16898048
2026-01-18 19:25:00+00:00,95430.578125,95465.4375,95420.453125,95420.453125,66961408
2026-01-18 19:30:00+00:00,95420.328125,95456.234375,95414.3359375,95456.234375,38815744
2026-01-18 19:35:00+00:00,95441.1328125,95442.9140625,95433.7421875,95433.7421875,25305088
2026-01-18 19:40:00+00:00,95433.328125,95433.84375,95401.3359375,95401.3359375,19628032
2026-01-18 19:45:00+00:00,95381.734375,95381.734375,95324.2734375,95324.2734375,0
2026-01-18 19:50:00+00:00,95338.1640625,95338.1796875,95308.9921875,95308.9921875,0
2026-01-18 19:55:00+00:00,95322.8125,95338.1875,95322.8125,95334.5625,112822272
2026-01-18 20:00:00+00:00,95345.9609375,95348.921875,95313.71875,95313.71875,55994368
2026-01-18 20:05:00+00:00,95333.4453125,95333.4453125,95293.296875,95293.296875,0
2026-01-18 20:10:00+00:00,95274.203125,95288.9296875,95260.4609375,95260.4609375,17686528
2026-01-18 20:15:00+00:00,95267.6875,95304.6875,95267.6875,95304.6875,25999360
2026-01-18 20:20:00+00:00,95328.953125,95389.75,95323.8203125,95389.75,0
2026-01-18 20:25:00+00:00,95396.171875,95406.9765625,95386.2265625,95397.640625,20361216
2026-01-18 20:30:00+00:00,95406.5234375,95406.5234375,95371.9453125,95389.4453125,0
2026-01-18 20:35:00+00:00,95377.21875,95381.0859375,95326.0703125,95326.0703125,3082240
2026-01-18 20:40:00+00:00,95291.625,95312.71875,95285.8828125,95312.71875,9150464
2026-01-18 20:45:00+00:00,95303.8671875,95331.3671875,95289.765625,95331.3671875,51273728
2026-01-18 20:50:00+00:00,95313.828125,95324.5234375,95287.296875,95287.296875,6301696
2026-01-18 20:55:00+00:00,95279.6171875,95279.6171875,95266.8046875,95266.8046875,11071488
2026-01-18 21:00:00+00:00,95266.96875,95268.3203125,95245.46875,95268.3203125,0
2026-01-18 21:05:00+00:00,95270.2109375,95274.7109375,95248.1796875,95248.1796875,0
2026-01-18 21:10:00+00:00,95274.8515625,95311.6328125,95274.8515625,95311.6328125,12847104
2026-01-18 21:15:00+00:00,95317.9609375,95317.9609375,95297.1953125,95297.8671875,0
2026-01-18 21:20:00+00:00,95301.8125,95301.8125,95288.5234375,95288.5234375,0
2026-01-18 21:25:00+00:00,95289.125,95291.4921875,95272.5390625,95272.5390625,16369664
2026-01-18 21:30:00+00:00,95261.328125,95318.203125,95261.328125,95318.203125,34365440
2026-01-18 21:35:00+00:00,95328.3046875,95351.609375,95328.3046875,95351.609375,5044224
2026-01-18 21:40:00+00:00,95349.1484375,95349.1484375,95339.9296875,95343.2109375,0
2026-01-18 21:45:00+00:00,95346.9453125,95396.859375,95346.9453125,95387.796875,0
2026-01-18 21:50:00+00:00,95389.9453125,95389.9453125,95351.40625,95381.9296875,34998272
2026-01-18 21:55:00+00:00,95377.5859375,95390.3359375,95377.5859375,95388.8515625,64749568
2026-01-18 22:00:00+00:00,95389.390625,95392.5859375,95363.46875,95392.5859375,0
2026-01-18 22:05:00+00:00,95395.6640625,95435.90625,95395.6640625,95422.234375,0
2026-01-18 22:10:00+00:00,95432.1953125,95468.7421875,95414.4765625,95468.7421875,108404736
2026-01-18 22:15:00+00:00,95473.25,95481.4296875,95451.2109375,95456.0859375,0
2026-01-18 22:20:00+00:00,95454.9765625,95454.9765625,95431.4765625,95431.4765625,39204864
2026-01-18 22:25:00+00:00,95428.75,95429.8046875,95422.1796875,95422.1796875,0
2026-01-18 22:30:00+00:00,95423.3203125,95426.625,95417.34375,95426.625,50827264
2026-01-18 22:35:00+00:00,95421.1171875,95426.8828125,95400.9609375,95425.25,10334208
2026-01-18 22:40:00+00:00,95404.265625,95459.5390625,95404.265625,95443.4296875,0
2026-01-18 22:45:00+00:00,95444.3125,95458.7265625,95444.3125,95446.7421875,0
2026-01-18 22:50:00+00:00,95432.90625,95437.1015625,95428.96875,95432.6796875,503808
2026-01-18 22:55:00+00:00,95472.65625,95472.65625,95458.40625,95458.40625,49154048
2026-01-18 23:00:00+00:00,95416.59375,95416.59375,95194.1640625,95194.1640625,0
2026-01-18 23:05:00+00:00,94998.28125,95058.109375,94968.0546875,95058.109375,197410816
2026-01-18 23:10:00+00:00,95009.4765625,95092.9921875,94964.2578125,95092.9921875,143747072
2026-01-18 23:15:00+00:00,95027.296875,95123.1171875,95027.296875,95123.1171875,142860288
2026-01-18 23:20:00+00:00,95123.6953125,95129.578125,94821.921875,94821.921875,94883840
2026-01-18 23:25:00+00:00,94918.6171875,94918.6171875,94658.875,94658.875,315117568
2026-01-18 23:30:00+00:00,94577.7421875,94758.21875,94577.7421875,94665.5234375,313477120
2026-01-18 23:35:00+00:00,94556.4921875,94645.90625,94556.4921875,94606.59375,223000576
2026-01-18 23:40:00+00:00,94534.25,94534.25,94440.859375,94440.859375,268722176
2026-01-18 23:45:00+00:00,94461.4765625,94461.4765625,93789.90625,93789.90625,696743936
2026-01-18 23:50:00+00:00,93843.4609375,93956.2265625,93773.6640625,93773.6640625,377131008
2026-01-18 23:55:00+00:00,93719.75,93732.1171875,93595.4140625,93614.421875,598276096
2026-01-19 00:00:00+00:00,93646.9140625,93646.9140625,92400.328125,92613.546875,1030739968
2026-01-19 00:05:00+00:00,92958.203125,93017.09375,92714.5234375,92962.28125,1272371200
2026-01-19 00:10:00+00:00,92852.8125,92852.8125,92572.4609375,92728.609375,822546432
2026-01-19 00:15:00+00:00,92425.3671875,92636.1875,92289.421875,92557.0546875,673630208
2026-01-19 00:20:00+00:00,92367.3984375,92574.4765625,92286.546875,92574.4765625,648214528
2026-01-19 00:25:00+00:00,92562.4453125,92575.9453125,92432.1875,92511.0703125,642752512
2026-01-19 00:30:00+00:00,92656.84375,92656.84375,92336.0234375,92606.2421875,702668800
2026-01-19 00:35:00+00:00,92553.4375,92780.0234375,92490.4921875,92780.0234375,255631360
2026-01-19 00:40:00+00:00,92789.1875,92980.8203125,92789.1875,92951.84375,354785280
2026-01-19 00:45:00+00:00,92941.546875,92941.546875,92768.2578125,92768.2578125,274595840
2026-01-19 00:50:00+00:00,92804.2734375,92804.2734375,92689.59375,92689.59375,135710720
2026-01-19 00:55:00+00:00,92734.484375,92734.484375,92689.0,92697.59375,174893056
2026-01-19 01:00:00+00:00,92703.4140625,92703.4140625,92553.5859375,92582.8203125,266649600
2026-01-19 01:05:00+00:00,92599.6875,92724.296875,92599.6875,92700.125,164235264
2026-01-19 01:10:00+00:00,92753.28125,92792.6171875,92735.6015625,92735.9765625,150550528
2026-01-19 01:15:00+00:00,92738.140625,92775.0,92738.140625,92775.0,135153664
2026-01-19 01:20:00+00:00,92775.0,92775.0,92592.3046875,92592.3046875,182904832
2026-01-19 01:25:00+00:00,92593.109375,92605.3828125,92574.390625,92574.390625,139952128
2026-01-19 01:30:00+00:00,92540.828125,92639.5703125,92540.828125,92588.71875,239015936
2026-01-19 01:35:00+00:00,92690.6484375,92710.5703125,92651.6015625,92688.9296875,51720192
2026-01-19 01:40:00+00:00,92598.421875,92623.296875,92532.8984375,92532.8984375,124370944
2026-01-19 01:45:00+00:00,92505.75,92505.75,92254.8046875,92254.8046875,58902528
2026-01-19 01:50:00+00:00,92234.4140625,92323.7265625,92234.4140625,92299.578125,173840384
2026-01-19 01:55:00+00:00,92285.4453125,92526.890625,92285.4453125,92509.7265625,118274048
2026-01-19 02:00:00+00:00,92529.109375,92533.640625,92457.2109375,92463.5390625,70490112
2026-01-19 02:05:00+00:00,92471.4296875,92537.5546875,92471.4296875,92504.3671875,369539072
2026-01-19 02:10:00+00:00,92413.546875,92430.578125,92366.875,92366.875,49088512
2026-01-19 02:15:00+00:00,92379.90625,92421.09375,92366.15625,92421.09375,925696
2026-01-19 02:20:00+00:00,92440.3984375,92612.5703125,92423.546875,92612.5703125,69904384
2026-01-19 02:25:00+00:00,92575.2578125,92575.2578125,92391.8515625,92456.578125,237371392
2026-01-19 02:30:00+00:00,92467.9453125,92511.2578125,92422.203125,92511.2578125,109101056
2026-01-19 02:35:00+00:00,92506.5390625,92506.5390625,92480.5078125,92498.0546875,30779392
2026-01-19 02:40:00+00:00,92505.828125,92555.21875,92505.828125,92533.9765625,0
2026-01-19 02:45:00+00:00,92537.234375,92537.234375,92471.3671875,92502.171875,63956992
2026-01-19 02:50:00+00:00,92569.2265625,92569.2734375,92528.3203125,92552.1328125,77543424
2026-01-19 02:55:00+00:00,92542.484375,92542.484375,92498.0625,92518.2109375,64184320
2026-01-19 03:00:00+00:00,92536.8203125,92578.8828125,92536.8203125,92578.8828125,69429248
2026-01-19 03:05:00+00:00,92555.8125,92615.3359375,92555.8125,92615.3359375,85653504
2026-01-19 03:10:00+00:00,92675.125,92675.125,92648.8359375,92659.2109375,159997952
2026-01-19 03:15:00+00:00,92675.9765625,92740.625,92675.9765625,92740.4765625,101427200
2026-01-19 03:20:00+00:00,92722.78125,92722.78125,92506.21875,92506.21875,0
2026-01-19 03:25:00+00:00,92483.171875,92536.0703125,92483.171875,92529.9140625,0
2026-01-19 03:30:00+00:00,92510.359375,92515.734375,92481.3828125,92481.3828125,367312896
2026-01-19 03:35:00+00:00,92500.0,92568.6015625,92500.0,92568.6015625,19200000
2026-01-19 03:40:00+00:00,92523.671875,92608.40625,92523.671875,92608.40625,196143104
2026-01-19 03:45:00+00:00,92600.0,92602.0390625,92582.6953125,92601.3515625,38889472
2026-01-19 03:50:00+00:00,92610.7734375,92661.71875,92610.7734375,92661.71875,27582464
2026-01-19 03:55:00+00:00,92645.5390625,92654.5,92642.5625,92642.5625,70914048
2026-01-19 04:00:00+00:00,92654.5546875,92682.65625,92588.1171875,92682.65625,102637568
2026-01-19 04:05:00+00:00,92625.203125,92641.671875,92564.4609375,92564.4609375,122437632
2026-01-19 04:10:00+00:00,92562.7109375,92602.4609375,92562.7109375,92586.828125,59070464
2026-01-19 04:15:00+00:00,92564.765625,92582.1171875,92555.3828125,92582.1171875,45889536
2026-01-19 04:20:00+00:00,92598.234375,92598.234375,92481.0,92481.0,17682432
2026-01-19 04:25:00+00:00,92496.7734375,92602.703125,92484.5,92602.703125,0
2026-01-19 04:30:00+00:00,92629.046875,92641.3359375,92624.03125,92630.3671875,199811072
2026-01-19 04:35:00+00:00,92610.515625,92612.828125,92527.8515625,92603.46875,0
2026-01-19 04:40:00+00:00,92641.0234375,92656.34375,92641.0234375,92642.984375,65505280
2026-01-19 04:45:00+00:00,92632.640625,92641.5859375,92623.9765625,92641.5859375,194748416
2026-01-19 04:50:00+00:00,92639.96875,92663.3125,92639.96875,92663.3125,66877440
2026-01-19 04:55:00+00:00,92671.421875,92679.6875,92665.0859375,92674.09375,98861056
2026-01-19 05:00:00+00:00,92630.9921875,92704.25,92630.9921875,92698.125,62494720
2026-01-19 05:05:00+00:00,92697.4453125,92706.7109375,92661.578125,92684.59375,23805952
2026-01-19 05:10:00+00:00,92687.1328125,92710.4765625,92685.140625,92685.140625,60323840
2026-01-19 05:15:00+00:00,92611.0546875,92611.0546875,92542.4375,92587.46875,0
2026-01-19 05:20:00+00:00,92580.90625,92585.625,92567.75,92584.7734375,20088832
2026-01-19 05:25:00+00:00,92590.7421875,92590.7421875,92537.03125,92539.5,77555712
2026-01-19 05:30:00+00:00,92601.9453125,92699.9609375,92601.9453125,92628.5546875,89434112
2026-01-19 05:35:00+00:00,92561.625,92589.2578125,92547.828125,92576.5078125,48961536
2026-01-19 05:40:00+00:00,92565.3671875,92645.0234375,92565.3671875,92599.0625,44564480
2026-01-19 05:45:00+00:00,92582.609375,92611.078125,92573.859375,92573.859375,20590592
2026-01-19 05:50:00+00:00,92544.4921875,92556.109375,92521.0703125,92521.0703125,10536960
2026-01-19 05:55:00+00:00,92495.8984375,92496.7578125,92484.2734375,92484.2890625,66187264
2026-01-19 06:00:00+00:00,92481.125,92512.78125,92480.8671875,92512.78125,10082304
2026-01-19 06:05:00+00:00,92524.5703125,92530.609375,92510.015625,92510.015625,54771712
2026-01-19 06:10:00+00:00,92469.0234375,92469.0234375,92431.25,92468.6796875,71716864
2026-01-19 06:15:00+00:00,92495.375,92495.375,92381.03125,92410.0625,153460736
2026-01-19 06:20:00+00:00,92434.2578125,92468.2265625,92434.2578125,92449.6875,74217472
2026-01-19 06:25:00+00:00,92474.75,92532.4609375,92474.75,92510.578125,42285056
2026-01-19 06:30:00+00:00,92504.4375,92565.40625,92504.4375,92565.40625,134387712
2026-01-19 06:35:00+00:00,92565.0234375,92565.0234375,92504.1875,92504.1875,0
2026-01-19 06:40:00+00:00,92467.140625,92483.546875,92465.5546875,92465.5546875,112648192
2026-01-19 06:45:00+00:00,92489.625,92531.0546875,92489.625,92510.5859375,44650496
2026-01-19 06:50:00+00:00,92554.515625,92559.390625,92542.140625,92556.671875,33148928
2026-01-19 06:55:00+00:00,92544.625,92544.625,92510.515625,92511.3046875,13314048
2026-01-19 07:00:00+00:00,92534.484375,92589.0703125,92534.484375,92583.0390625,25217024
2026-01-19 07:05:00+00:00,92578.8046875,92578.8046875,92532.5234375,92532.5234375,10672128
2026-01-19 07:10:00+00:00,92554.8125,92559.765625,92517.8203125,92559.765625,0
2026-01-19 07:15:00+00:00,92578.5703125,92615.2109375,92576.0859375,92615.2109375,0
2026-01-19 07:20:00+00:00,92609.0703125,92609.0703125,92585.6171875,92592.8671875,9465856
2026-01-19 07:25:00+00:00,92600.9609375,92600.9609375,92557.828125,92557.828125,7553024
2026-01-19 07:30:00+00:00,92556.5390625,92572.4375,92543.2890625,92543.2890625,87846912
2026-01-19 07:35:00+00:00,92548.4765625,92584.609375,92548.4765625,92584.609375,48506880
2026-01-19 07:40:00+00:00,92602.265625,92638.90625,92602.265625,92638.90625,0
2026-01-19 07:45:00+00:00,92655.7734375,92655.9921875,92650.3125,92650.3125,419141632
2026-01-19 07:50:00+00:00,92668.171875,92742.1015625,92668.171875,92742.1015625,133152768
2026-01-19 07:55:00+00:00,92761.953125,92792.71875,92761.953125,92792.71875,200189952
2026-01-19 08:00:00+00:00,92793.3515625,92793.3515625,92700.3671875,92700.3671875,98955264
2026-01-19 08:05:00+00:00,92719.703125,92733.1328125,92696.0390625,92733.1328125,68055040
2026-01-19 08:10:00+00:00,92736.3046875,92769.109375,92736.3046875,92769.109375,51761152
2026-01-19 08:15:00+00:00,92735.34375,92850.9453125,92731.2421875,92850.9453125,139268096
2026-01-19 08:20:00+00:00,92882.296875,93153.890625,92882.296875,93153.890625,0
2026-01-19 08:25:00+00:00,93152.65625,93152.65625,93051.96875,93051.96875,0
2026-01-19 08:30:00+00:00,92937.8828125,93089.8671875,92907.9296875,93089.8671875,625178624
2026-01-19 08:35:00+00:00,93080.3203125,93096.25,93080.3203125,93082.09375,102494208
2026-01-19 08:40:00+00:00,93019.5,93089.8828125,92986.2109375,93074.296875,1213927424
2026-01-19 08:45:00+00:00,93104.375,93208.828125,93103.15625,93208.828125,152436736
2026-01-19 08:50:00+00:00,93185.46875,93185.46875,93170.6015625,93170.6015625,91738112
2026-01-19 08:55:00+00:00,93203.5234375,93259.109375,93203.5234375,93259.109375,184647680
2026-01-19 09:00:00+00:00,93238.890625,93238.890625,93122.84375,93124.6875,100802560
2026-01-19 09:05:00+00:00,93161.9453125,93161.9453125,93121.859375,93125.0,194560000
2026-01-19 09:10:00+00:00,93119.8125,93119.8125,93021.296875,93021.296875,156962816
2026-01-19 09:15:00+00:00,93000.84375,93064.8671875,92995.6484375,92995.6484375,106684416
2026-01-19 09:20:00+00:00,92924.7265625,93035.21875,92924.7265625,93035.21875,0
2026-01-19 09:25:00+00:00,93018.8828125,93028.6796875,92996.796875,93028.6796875,0
2026-01-19 09:30:00+00:00,93019.953125,93026.1015625,92993.6328125,93019.7734375,0
2026-01-19 09:35:00+00:00,93003.4140625,93003.4140625,92946.8515625,92948.9296875,12238848
2026-01-19 09:40:00+00:00,92930.9609375,92964.078125,92922.4765625,92924.40625,82145280
2026-01-19 09:45:00+00:00,92911.3828125,92997.7109375,92911.3828125,92997.7109375,1007616
2026-01-19 09:50:00+00:00,93020.9609375,93028.609375,92957.9609375,92957.9609375,0
2026-01-19 09:55:00+00:00,92964.546875,92993.5625,92960.9765625,92993.5625,56766464
2026-01-19 10:00:00+00:00,92993.8359375,92993.8359375,92921.3203125,92936.453125,802189312
2026-01-19 10:05:00+00:00,92923.1796875,92923.1796875,92853.375,92853.375,0
2026-01-19 10:10:00+00:00,92843.3125,92912.65625,92843.3125,92912.65625,69296128
2026-01-19 10:15:00+00:00,92911.3828125,92969.765625,92911.3828125,92969.765625,6574080
2026-01-19 10:20:00+00:00,92983.640625,93021.6953125,92969.0859375,93013.671875,47263744
2026-01-19 10:25:00+00:00,93010.953125,93010.953125,92936.7890625,92940.6484375,0
2026-01-19 10:30:00+00:00,92940.625,92944.5703125,92915.3515625,92915.3515625,243269632
2026-01-19 10:35:00+00:00,92919.8984375,92941.1171875,92899.6640625,92926.359375,27779072
2026-01-19 10:40:00+00:00,92932.5546875,92961.8046875,92932.5546875,92961.8046875,0
2026-01-19 10:45:00+00:00,92955.609375,92993.2734375,92955.3828125,92989.0859375,0
2026-01-19 10:50:00+00:00,92934.28125,93002.6484375,92934.28125,93002.6484375,70426624
2026-01-19 10:55:00+00:00,92999.84375,93014.1875,92999.53125,92999.53125,0
2026-01-19 11:00:00+00:00,93002.109375,93012.296875,92939.9296875,92939.9296875,0
2026-01-19 11:05:00+00:00,92933.78125,92966.171875,92933.78125,92963.6875,218632192
2026-01-19 11:10:00+00:00,92972.3046875,92972.3046875,92931.7421875,92939.9453125,849580032
2026-01-19 11:15:00+00:00,92984.2109375,93027.96875,92980.5546875,93027.96875,54652928
2026-01-19 11:20:00+00:00,92958.7265625,93061.0859375,92958.7265625,93061.0859375,18960384
2026-01-19 11:25:00+00:00,93061.0234375,93105.3359375,93061.0234375,93063.6484375,0
2026-01-19 11:30:00+00:00,93070.3828125,93081.5546875,93054.5625,93079.453125,224616448
2026-01-19 11:35:00+00:00,93054.328125,93136.9375,93054.328125,93136.9375,25018368
2026-01-19 11:40:00+00:00,93202.40625,93202.40625,93171.8671875,93171.8671875,0
2026-01-19 11:45:00+00:00,93175.09375,93225.7734375,93170.390625,93170.390625,94486528
2026-01-19 11:50:00+00:00,93158.375,93158.375,93116.7421875,93137.28125,66338816
2026-01-19 11:55:00+00:00,93121.8203125,93153.8515625,93121.8203125,93140.140625,0
2026-01-19 12:00:00+00:00,93136.5390625,93136.5390625,93018.734375,93018.734375,18415616
2026-01-19 12:05:00+00:00,93016.9140625,93052.2578125,93004.6796875,93043.625,205094912
2026-01-19 12:10:00+00:00,93066.796875,93066.796875,92992.546875,92992.546875,54312960
2026-01-19 12:15:00+00:00,92999.7109375,93075.1953125,92999.7109375,93075.1953125,7446528
2026-01-19 12:20:00+00:00,93060.8828125,93079.734375,93055.0859375,93065.8828125,92254208
2026-01-19 12:25:00+00:00,93053.21875,93053.21875,92974.1875,92993.2578125,39014400
2026-01-19 12:30:00+00:00,92969.1953125,93098.2421875,92969.1953125,93090.0,337313792
2026-01-19 12:35:00+00:00,93129.75,93144.15625,93129.75,93138.7578125,13422592
2026-01-19 12:40:00+00:00,93140.1171875,93153.4375,93138.4765625,93138.4765625,157663232
2026-01-19 12:45:00+00:00,93100.8984375,93113.7890625,93060.5078125,93060.5078125,62869504
2026-01-19 12:50:00+00:00,93016.234375,93041.421875,93000.3671875,93000.3671875,28467200
2026-01-19 12:55:00+00:00,93025.90625,93025.90625,92974.1796875,92996.1953125,0
2026-01-19 13:00:00+00:00,93013.1015625,93013.1015625,92973.71875,92984.6953125,42233856
2026-01-19 13:05:00+00:00,92970.875,92970.875,92911.28125,92962.234375,0
2026-01-19 13:10:00+00:00,92964.96875,92980.7734375,92953.15625,92980.7734375,193921024
2026-01-19 13:15:00+00:00,92941.5390625,92961.75,92900.5390625,92934.328125,47591424
2026-01-19 13:20:00+00:00,92910.625,92910.625,92829.953125,92839.3203125,0
2026-01-19 13:25:00+00:00,92896.140625,92921.109375,92896.140625,92906.921875,127332352
2026-01-19 13:30:00+00:00,92884.96875,92968.6171875,92884.96875,92968.6171875,82239488
2026-01-19 13:35:00+00:00,92963.5,92987.3828125,92954.6015625,92987.3828125,29855744
2026-01-19 13:40:00+00:00,93071.46875,93071.46875,93051.1328125,93051.1328125,0
2026-01-19 13:45:00+00:00,93032.84375,93063.1015625,93018.4140625,93018.4140625,870359040
2026-01-19 13:50:00+00:00,92984.375,92987.4296875,92977.7265625,92977.7265625,0
2026-01-19 13:55:00+00:00,92985.8671875,92985.8671875,92964.34375,92964.34375,174772224
2026-01-19 14:00:00+00:00,92974.21875,92976.765625,92940.578125,92940.578125,0
2026-01-19 14:05:00+00:00,92934.7578125,92934.7578125,92826.0703125,92826.0703125,31768576
2026-01-19 14:10:00+00:00,92812.6640625,92828.609375,92812.578125,92814.8984375,0
2026-01-19 14:15:00+00:00,92826.2265625,92844.390625,92812.6328125,92844.390625,75440128
2026-01-19 14:20:00+00:00,92845.8984375,92916.1328125,92845.8984375,92889.65625,552960
2026-01-19 14:25:00+00:00,92889.65625,92889.65625,92761.265625,92829.2265625,0
2026-01-19 14:30:00+00:00,92812.5703125,92884.7421875,92812.5703125,92855.15625,0
2026-01-19 14:35:00+00:00,92873.6484375,92873.6484375,92677.9453125,92681.125,43409408
2026-01-19 14:40:00+00:00,92698.7578125,92767.984375,92698.7578125,92767.984375,0
2026-01-19 14:45:00+00:00,92756.6953125,92815.5703125,92719.4140625,92815.5703125,902750208
2026-01-19 14:50:00+00:00,92812.5546875,92834.046875,92773.078125,92781.6484375,0
2026-01-19 14:55:00+00:00,92776.2421875,92776.2421875,92742.390625,92768.84375,187514880
2026-01-19 15:00:00+00:00,92776.3125,92911.6015625,92776.3125,92911.6015625,0
2026-01-19 15:05:00+00:00,92896.7421875,92928.5390625,92886.625,92928.5390625,0
2026-01-19 15:10:00+00:00,92929.5859375,92950.5390625,92889.9453125,92889.9453125,579870720
2026-01-19 15:15:00+00:00,92974.3671875,92985.171875,92913.546875,92913.546875,127840256
2026-01-19 15:20:00+00:00,92948.5859375,92952.140625,92942.4765625,92944.34375,70279168
2026-01-19 15:25:00+00:00,92942.4765625,92991.78125,92942.4765625,92967.6484375,22110208
2026-01-19 15:30:00+00:00,92872.03125,92965.3984375,92872.03125,92965.3984375,60866560
2026-01-19 15:35:00+00:00,92986.78125,92986.78125,92911.109375,92911.109375,40124416
2026-01-19 15:40:00+00:00,92937.625,92950.796875,92937.625,92949.765625,69468160
2026-01-19 15:45:00+00:00,92943.7734375,92978.6328125,92929.1328125,92978.6328125,3895296
2026-01-19 15:50:00+00:00,92927.703125,92980.5234375,92927.703125,92980.5234375,20307968
2026-01-19 15:55:00+00:00,92994.4765625,93022.8125,92994.4765625,93022.8125,78516224
2026-01-19 16:00:00+00:00,93003.4296875,93071.8671875,93003.4296875,93071.8671875,0
2026-01-19 16:05:00+00:00,93069.953125,93069.953125,92991.25,92991.25,182165504
2026-01-19 16:10:00+00:00,92984.984375,93020.7265625,92984.984375,93016.7890625,8552448
2026-01-19 16:15:00+00:00,93001.9375,93018.3828125,92965.234375,93018.3828125,73351168
2026-01-19 16:20:00+00:00,93022.8359375,93074.1171875,93022.8359375,93074.1171875,0
2026-01-19 16:25:00+00:00,93073.0078125,93125.78125,93072.640625,93125.78125,169476096
2026-01-19 16:30:00+00:00,93119.890625,93174.09375,93119.890625,93170.9375,102936576
2026-01-19 16:35:00+00:00,93207.359375,93207.359375,93173.46875,93187.84375,1982464
2026-01-19 16:40:00+00:00,93187.7578125,93187.7578125,93124.7578125,93152.890625,54218752
2026-01-19 16:45:00+00:00,93165.953125,93185.828125,93154.1953125,93154.1953125,20758528
2026-01-19 16:50:00+00:00,93110.3515625,93190.0703125,93110.3515625,93190.0703125,36712448
2026-01-19 16:55:00+00:00,93271.796875,93320.265625,93271.796875,93298.6640625,109486080
2026-01-19 17:00:00+00:00,93273.6015625,93273.6015625,93137.859375,93137.859375,0
2026-01-19 17:05:00+00:00,93144.046875,93200.453125,93144.046875,93200.453125,42848256
2026-01-19 17:10:00+00:00,93209.15625,93309.8046875,93209.15625,93309.8046875,231739392
2026-01-19 17:15:00+00:00,93301.9140625,93303.890625,93297.9375,93297.9375,139784192
2026-01-19 17:20:00+00:00,93285.2890625,93294.78125,93265.5,93265.5,12832768
2026-01-19 17:25:00+00:00,93281.8046875,93345.34375,93257.84375,93257.84375,18247680
2026-01-19 17:30:00+00:00,93269.328125,93269.328125,93130.34375,93167.6796875,33484800
2026-01-19 17:35:00+00:00,93149.53125,93157.21875,93131.703125,93141.2265625,20819968
2026-01-19 17:40:00+00:00,93149.953125,93149.953125,93100.703125,93100.703125,23646208
2026-01-19 17:45:00+00:00,93140.9765625,93163.6875,93135.515625,93163.6875,0
2026-01-19 17:50:00+00:00,93159.3671875,93201.4453125,93159.3671875,93201.4453125,14364672
2026-01-19 17:55:00+00:00,93180.25,93189.9921875,93163.6953125,93182.34375,116113408
2026-01-19 18:00:00+00:00,93184.4609375,93207.0390625,93117.8828125,93117.8828125,0
2026-01-19 18:05:00+00:00,93095.5546875,93095.5546875,93071.21875,93073.5625,74969088
2026-01-19 18:10:00+00:00,93109.921875,93134.109375,93057.4765625,93057.4765625,0
2026-01-19 18:15:00+00:00,93046.78125,93056.2109375,93032.6640625,93054.390625,211779584
2026-01-19 18:20:00+00:00,93051.578125,93051.578125,92993.8671875,92993.8671875,25600000
2026-01-19 18:25:00+00:00,93008.53125,93008.53125,92934.1171875,92934.1171875,26783744
2026-01-19 18:30:00+00:00,92929.28125,92935.6328125,92884.6015625,92884.6015625,0
2026-01-19 18:35:00+00:00,92919.015625,92979.15625,92913.5546875,92979.15625,0
2026-01-19 18:40:00+00:00,92971.6015625,93072.765625,92971.6015625,93068.3828125,0
2026-01-19 18:45:00+00:00,93068.1484375,93071.8515625,93004.421875,93016.015625,220344320
2026-01-19 18:50:00+00:00,93003.71875,93023.1328125,92981.375,93023.1328125,577536
2026-01-19 18:55:00+00:00,93000.1484375,93009.8671875,92993.9375,93003.1875,0
2026-01-19 19:00:00+00:00,93002.796875,93043.609375,93002.796875,93034.703125,0
2026-01-19 19:05:00+00:00,92976.734375,93007.515625,92976.734375,93007.515625,0
2026-01-19 19:10:00+00:00,92999.25,92999.25,92960.28125,92984.578125,0
2026-01-19 19:15:00+00:00,93019.015625,93086.1640625,92991.1796875,93086.1640625,12341248
2026-01-19 19:20:00+00:00,93068.96875,93071.5390625,93047.296875,93047.296875,0
2026-01-19 19:25:00+00:00,93044.921875,93058.03125,93031.9140625,93031.9140625,161689600
2026-01-19 19:30:00+00:00,93029.2265625,93032.6484375,93008.15625,93019.0703125,0
2026-01-19 19:35:00+00:00,93046.8671875,93062.1796875,93036.9375,93036.9375,13086720
2026-01-19 19:40:00+00:00,93011.3125,93061.828125,93011.3125,93061.828125,16723968
2026-01-19 19:45:00+00:00,93073.0390625,93095.921875,93069.265625,93069.7578125,93507584
2026-01-19 19:50:00+00:00,93053.75,93053.75,93027.890625,93052.8671875,58454016
2026-01-19 19:55:00+00:00,93050.2890625,93088.9140625,93050.2890625,93079.109375,50102272
2026-01-19 20:00:00+00:00,93067.625,93129.0859375,93067.625,93110.9140625,0
2026-01-19 20:05:00+00:00,93109.953125,93114.7578125,93101.6328125,93103.8984375,8642560
2026-01-19 20:10:00+00:00,93110.7734375,93150.9375,93102.8515625,93111.9296875,214925312
2026-01-19 20:15:00+00:00,93116.0703125,93167.4609375,93107.2265625,93167.4609375,33734656
2026-01-19 20:20:00+00:00,93155.484375,93160.2265625,93137.90625,93151.546875,0
2026-01-19 20:25:00+00:00,93156.1328125,93215.546875,93156.1328125,93215.546875,1519616
2026-01-19 20:30:00+00:00,93198.5,93198.5,93130.453125,93139.1640625,10481664
2026-01-19 20:35:00+00:00,93127.28125,93143.8359375,93115.8046875,93141.015625,81104896
2026-01-19 20:40:00+00:00,93140.0546875,93140.0546875,93112.5390625,93112.5390625,0
2026-01-19 20:45:00+00:00,93087.7578125,93091.015625,93057.2734375,93080.3671875,30613504
2026-01-19 20:50:00+00:00,93093.0,93110.3359375,93064.546875,93064.546875,15355904
2026-01-19 20:55:00+00:00,93059.46875,93091.734375,93048.0078125,93091.734375,0
2026-01-19 21:00:00+00:00,93077.25,93196.1328125,93077.25,93194.2734375,0
2026-01-19 21:05:00+00:00,93216.9296875,93249.3515625,93190.5390625,93190.5390625,208703488
2026-01-19 21:10:00+00:00,93185.296875,93195.140625,93036.3046875,93036.3046875,91594752
2026-01-19 21:15:00+00:00,93050.15625,93051.4765625,92983.828125,93018.953125,71983104
2026-01-19 21:20:00+00:00,93008.390625,93033.578125,93008.390625,93033.578125,0
2026-01-19 21:25:00+00:00,93023.2734375,93023.2734375,92986.0546875,92990.390625,203411456
2026-01-19 21:30:00+00:00,92982.640625,93014.78125,92982.640625,92994.6171875,0
2026-01-19 21:35:00+00:00,92958.59375,92990.40625,92958.59375,92990.40625,92041216
2026-01-19 21:40:00+00:00,93005.671875,93005.671875,92990.5234375,93002.609375,23367680
2026-01-19 21:45:00+00:00,93005.71875,93005.71875,92981.1640625,92981.1640625,0
2026-01-19 21:50:00+00:00,92977.890625,92977.890625,92955.578125,92961.0859375,16814080
2026-01-19 21:55:00+00:00,92955.6328125,92986.1015625,92955.6328125,92975.2578125,0
2026-01-19 22:00:00+00:00,92968.515625,92972.234375,92949.5703125,92967.8828125,0
2026-01-19 22:05:00+00:00,92962.59375,92976.5703125,92878.0078125,92879.296875,170561536
2026-01-19 22:10:00+00:00,92868.71875,92873.28125,92686.578125,92686.578125,0
2026-01-19 22:15:00+00:00,92769.421875,92937.0234375,92769.421875,92937.0234375,310689792
2026-01-19 22:20:00+00:00,92921.7265625,92950.3515625,92921.7265625,92950.3515625,20721664
2026-01-19 22:25:00+00:00,92974.015625,92974.015625,92944.1640625,92944.1640625,4698112
2026-01-19 22:30:00+00:00,92927.390625,92927.390625,92774.2734375,92774.2734375,0
2026-01-19 22:35:00+00:00,92785.625,92838.2890625,92785.625,92832.1484375,0
2026-01-19 22:40:00+00:00,92785.7109375,92808.8359375,92758.515625,92758.515625,527601664
2026-01-19 22:45:00+00:00,92758.1484375,92770.0546875,92705.015625,92718.8046875,35639296
2026-01-19 22:50:00+00:00,92776.890625,92776.890625,92705.5859375,92705.5859375,231415808
2026-01-19 22:55:00+00:00,92687.84375,92722.375,92570.8125,92570.8125,0
2026-01-19 23:00:00+00:00,92516.0859375,92638.40625,92415.15625,92415.15625,0
2026-01-19 23:05:00+00:00,92450.5546875,92450.5546875,92211.8515625,92422.2890625,0
2026-01-19 23:10:00+00:00,92479.6953125,92479.6953125,92333.546875,92458.8046875,0
2026-01-19 23:15:00+00:00,92418.6328125,92418.6328125,92152.296875,92236.625,0
2026-01-19 23:20:00+00:00,92305.8046875,92348.9609375,92293.7421875,92293.7421875,620208128
2026-01-19 23:25:00+00:00,92353.40625,92467.921875,92353.40625,92460.0859375,0
2026-01-19 23:30:00+00:00,92459.25,92643.53125,92459.25,92643.53125,567353344
2026-01-19 23:35:00+00:00,92616.234375,92620.3984375,92566.0703125,92566.0703125,0
2026-01-19 23:40:00+00:00,92566.6015625,92612.4921875,92566.6015625,92600.0703125,0
2026-01-19 23:45:00+00:00,92581.65625,92643.2109375,92560.0390625,92643.2109375,0
2026-01-19 23:50:00+00:00,92614.4609375,92637.75,92545.84375,92545.84375,0
2026-01-19 23:55:00+00:00,92539.6953125,92557.75,92539.6953125,92548.5,0
2026-01-20 00:00:00+00:00,92583.640625,92702.59375,92544.859375,92702.59375,0
2026-01-20 00:05:00+00:00,92704.6328125,92796.171875,92669.4609375,92675.3359375,0
2026-01-20 00:10:00+00:00,92685.3984375,92716.6484375,92616.1015625,92616.1015625,0
2026-01-20 00:15:00+00:00,92630.3359375,92630.3359375,92501.2578125,92501.2578125,0
2026-01-20 00:20:00+00:00,92523.59375,92523.59375,92420.59375,92420.59375,0
2026-01-20 00:25:00+00:00,92359.9375,92393.765625,92300.734375,92393.765625,0
2026-01-20 00:30:00+00:00,92397.6796875,92488.234375,92397.6796875,92488.234375,0
2026-01-20 00:35:00+00:00,92456.484375,92600.7265625,92456.484375,92588.4375,0
2026-01-20 00:40:00+00:00,92637.8359375,92674.03125,92629.828125,92664.578125,0
2026-01-20 00:45:00+00:00,92654.9609375,92658.8359375,92589.046875,92601.7578125,0
2026-01-20 00:50:00+00:00,92591.5078125,92683.5390625,92550.4453125,92683.5390625,0
2026-01-20 00:55:00+00:00,92651.90625,92651.90625,92606.875,92606.875,0
2026-01-20 01:00:00+00:00,92637.40625,92637.40625,92566.5390625,92566.5390625,0
2026-01-20 01:05:00+00:00,92626.9765625,92711.90625,92624.1015625,92624.1015625,0
2026-01-20 01:10:00+00:00,92558.953125,92600.0859375,92490.6171875,92600.0859375,0
2026-01-20 01:15:00+00:00,92663.484375,92720.359375,92613.1796875,92720.359375,0
2026-01-20 01:20:00+00:00,92720.03125,92755.0546875,92703.5234375,92734.8984375,0
2026-01-20 01:25:00+00:00,92739.4140625,92788.796875,92739.4140625,92788.796875,0
2026-01-20 01:30:00+00:00,92797.2109375,92797.2109375,92713.3046875,92713.3046875,0
2026-01-20 01:35:00+00:00,92690.1875,92690.1875,92652.2421875,92652.2421875,0
2026-01-20 01:40:00+00:00,92645.5625,92670.078125,92621.78125,92621.78125,0
2026-01-20 01:45:00+00:00,92656.546875,92695.25,92646.6171875,92695.25,0
2026-01-20 01:50:00+00:00,92738.15625,92770.7734375,92728.484375,92770.7734375,0
2026-01-20 01:55:00+00:00,92753.4140625,92760.484375,92752.046875,92757.5,0
2026-01-20 02:00:00+00:00,92645.9296875,92645.9296875,92607.1015625,92607.1015625,0
2026-01-20 02:05:00+00:00,92553.5078125,92553.5078125,92451.6484375,92451.6484375,0
2026-01-20 02:10:00+00:00,92424.578125,92464.765625,92424.578125,92431.9765625,0
2026-01-20 02:15:00+00:00,92420.7421875,92456.03125,92420.7421875,92456.03125,365242368
2026-01-20 02:20:00+00:00,92451.390625,92458.1875,92346.59375,92407.0390625,51945472
2026-01-20 02:25:00+00:00,92431.9453125,92431.9453125,92335.1796875,92335.1796875,0
2026-01-20 02:30:00+00:00,92430.46875,92523.65625,92430.46875,92488.0,0
2026-01-20 02:35:00+00:00,92522.3203125,92570.453125,92522.3203125,92540.8125,9744384
2026-01-20 02:40:00+00:00,92560.0703125,92560.0703125,92523.765625,92541.4375,9373696
2026-01-20 02:45:00+00:00,92541.96875,92605.734375,92520.9453125,92520.9453125,68579328
2026-01-20 02:50:00+00:00,92514.5390625,92515.1015625,92493.484375,92515.1015625,0
2026-01-20 02:55:00+00:00,92498.65625,92509.6171875,92464.546875,92464.546875,0
2026-01-20 03:00:00+00:00,92510.4921875,92540.9296875,92493.2890625,92493.2890625,0
2026-01-20 03:05:00+00:00,92482.25,92482.25,92388.96875,92388.96875,0
2026-01-20 03:10:00+00:00,92363.6953125,92369.5625,92333.296875,92347.2421875,0
2026-01-20 03:15:00+00:00,92362.4921875,92416.5625,92362.4921875,92398.2265625,32653312
2026-01-20 03:20:00+00:00,92427.9375,92427.9375,92359.71875,92369.453125,17963008
2026-01-20 03:25:00+00:00,92358.4453125,92360.828125,92321.5078125,92331.8984375,0
2026-01-20 03:30:00+00:00,92306.765625,92306.765625,92217.1171875,92228.6640625,0
2026-01-20 03:35:00+00:00,92292.84375,92297.1328125,92242.7578125,92297.1328125,58300416
2026-01-20 03:40:00+00:00,92296.453125,92306.65625,92291.1328125,92291.1328125,86048768
2026-01-20 03:45:00+00:00,92323.4453125,92385.7734375,92311.578125,92385.7734375,30347264
2026-01-20 03:50:00+00:00,92382.8515625,92401.8203125,92365.109375,92365.109375,21475328
2026-01-20 03:55:00+00:00,92361.6015625,92372.921875,92357.453125,92357.453125,0
2026-01-20 04:00:00+00:00,92367.1171875,92367.1171875,92309.546875,92332.6015625,0
2026-01-20 04:05:00+00:00,92322.5625,92385.4921875,92322.5625,92355.328125,0
2026-01-20 04:10:00+00:00,92349.9765625,92349.9765625,92253.015625,92253.015625,0
2026-01-20 04:15:00+00:00,92253.703125,92253.703125,92203.4296875,92203.4296875,5648384
2026-01-20 04:20:00+00:00,92238.8125,92238.8125,92178.8671875,92178.8671875,0
2026-01-20 04:25:00+00:00,92165.359375,92184.1015625,92157.2265625,92157.2265625,0
2026-01-20 04:30:00+00:00,92239.140625,92327.4453125,92239.140625,92327.4453125,408799232
2026-01-20 04:35:00+00:00,92302.3046875,92302.3046875,92247.6328125,92247.6328125,108412928
2026-01-20 04:40:00+00:00,92245.640625,92245.640625,92144.0859375,92178.5078125,0
2026-01-20 04:45:00+00:00,92177.8671875,92190.0,92169.5078125,92169.5078125,11200512
2026-01-20 04:50:00+00:00,92179.703125,92184.78125,92041.15625,92041.15625,0
2026-01-20 04:55:00+00:00,92058.328125,92058.328125,91954.4921875,91954.4921875,0
2026-01-20 05:00:00+00:00,91988.40625,91988.40625,91580.4921875,91580.4921875,804696064
2026-01-20 05:05:00+00:00,91561.2265625,91743.015625,91561.2265625,91659.328125,399298560
2026-01-20 05:10:00+00:00,91570.2734375,91570.2734375,91332.2734375,91332.2734375,0
2026-01-20 05:15:00+00:00,91350.6015625,91519.7578125,91332.03125,91519.7578125,711956480
2026-01-20 05:20:00+00:00,91568.7265625,91568.7265625,91528.0859375,91553.5234375,333430784
2026-01-20 05:25:00+00:00,91568.8203125,91645.3359375,91568.8203125,91645.3359375,34023424
2026-01-20 05:30:00+00:00,91636.296875,91729.2734375,91636.296875,91729.2734375,0
2026-01-20 05:35:00+00:00,91711.328125,91711.328125,91660.125,91680.296875,32364544
2026-01-20 05:40:00+00:00,91591.53125,91593.3671875,91497.9921875,91520.5546875,112740352
2026-01-20 05:45:00+00:00,91564.671875,91645.046875,91564.671875,91635.09375,169074688
2026-01-20 05:50:00+00:00,91662.6640625,91708.9296875,91662.46875,91672.7265625,104990720
2026-01-20 05:55:00+00:00,91636.1640625,91636.1640625,91604.171875,91604.171875,222660608
2026-01-20 06:00:00+00:00,91556.8984375,91556.8984375,91510.4453125,91521.875,0
2026-01-20 06:05:00+00:00,91484.1015625,91518.8359375,91484.1015625,91515.8359375,0
2026-01-20 06:10:00+00:00,91497.21875,91498.5625,91449.7265625,91449.7265625,56932352
2026-01-20 06:15:00+00:00,91406.2421875,91406.2421875,90904.71875,90904.71875,206637056
2026-01-20 06:20:00+00:00,90842.2734375,91068.5390625,90842.2734375,91042.9375,0
2026-01-20 06:25:00+00:00,91096.546875,91141.75,91074.6171875,91141.75,1274775552
2026-01-20 06:30:00+00:00,91161.0234375,91161.0234375,90818.078125,90845.2265625,578099200
2026-01-20 06:35:00+00:00,90932.5078125,90982.0078125,90927.9609375,90927.9609375,88801280
2026-01-20 06:40:00+00:00,90866.515625,91031.8984375,90866.515625,91031.8984375,239622144
2026-01-20 06:45:00+00:00,91038.46875,91038.46875,90878.0546875,90878.0546875,129011712
2026-01-20 06:50:00+00:00,90875.7734375,90887.515625,90804.7890625,90804.7890625,92624896
2026-01-20 06:55:00+00:00,90714.109375,90820.3046875,90714.109375,90770.21875,338774016
2026-01-20 07:00:00+00:00,90816.7578125,90894.6015625,90816.7578125,90894.6015625,129857536
2026-01-20 07:05:00+00:00,90825.921875,90931.515625,90825.921875,90904.296875,0
2026-01-20 07:10:00+00:00,91013.8828125,91013.8828125,90962.765625,90962.84375,1328889856
2026-01-20 07:15:00+00:00,90944.203125,90966.3671875,90921.1171875,90929.640625,163225600
2026-01-20 07:20:00+00:00,90903.828125,90924.0546875,90896.4140625,90924.0546875,127053824
2026-01-20 07:25:00+00:00,90906.3046875,90967.4375,90906.3046875,90967.4375,78913536
2026-01-20 07:30:00+00:00,90966.7265625,91018.9609375,90917.28125,91004.09375,0
2026-01-20 07:35:00+00:00,91002.796875,91065.1328125,90994.65625,91045.6875,16855040
2026-01-20 07:40:00+00:00,91060.2421875,91113.296875,91060.2421875,91099.046875,0
2026-01-20 07:45:00+00:00,91093.2734375,91105.6171875,91092.1796875,91105.6171875,0
2026-01-20 07:50:00+00:00,91143.0078125,91197.2421875,91104.1484375,91153.1953125,263315456
2026-01-20 07:55:00+00:00,91154.2421875,91160.1171875,91065.8359375,91076.8671875,0
2026-01-20 08:00:00+00:00,91083.25,91083.25,91034.6328125,91046.5234375,125734912
2026-01-20 08:05:00+00:00,90996.609375,90999.90625,90986.0234375,90991.5,63029248
2026-01-20 08:10:00+00:00,90993.375,90993.375,90785.7109375,90785.7109375,90603520
2026-01-20 08:15:00+00:00,90904.0390625,90966.4140625,90860.90625,90966.4140625,0
2026-01-20 08:20:00+00:00,90995.984375,91069.359375,90984.84375,91069.359375,19496960
2026-01-20 08:25:00+00:00,91062.3671875,91141.125,91062.3671875,91107.2421875,195203072
2026-01-20 08:30:00+00:00,91097.546875,91097.546875,90876.8828125,90876.8828125,0
2026-01-20 08:35:00+00:00,90876.0703125,90876.0703125,90623.09375,90680.0390625,0
2026-01-20 08:40:00+00:00,90655.2890625,90765.359375,90655.2890625,90765.359375,172789760
2026-01-20 08:45:00+00:00,90733.3359375,90826.375,90733.3359375,90744.1328125,755290112
2026-01-20 08:50:00+00:00,90788.9453125,90945.890625,90784.1796875,90902.0,0
2026-01-20 08:55:00+00:00,90884.375,90998.25,90884.375,90998.25,135135232
2026-01-20 09:00:00+00:00,90998.7265625,90998.7265625,90891.46875,90891.46875,0
2026-01-20 09:05:00+00:00,90906.1484375,90974.2109375,90906.1484375,90974.2109375,344678400
2026-01-20 09:10:00+00:00,90944.875,90963.5625,90944.875,90952.1640625,0
2026-01-20 09:15:00+00:00,90955.53125,90960.296875,90840.2421875,90840.2421875,0
2026-01-20 09:20:00+00:00,90856.21875,90878.2109375,90856.21875,90878.2109375,27168768
2026-01-20 09:25:00+00:00,90873.359375,90921.6953125,90873.359375,90921.6953125,250417152
2026-01-20 09:30:00+00:00,90952.25,90952.25,90845.5859375,90845.5859375,0
2026-01-20 09:35:00+00:00,90879.3046875,90879.3046875,90860.984375,90860.984375,6438912
2026-01-20 09:40:00+00:00,90940.921875,90940.921875,90911.9140625,90911.9140625,300732416
2026-01-20 09:45:00+00:00,90915.5078125,90942.4140625,90902.0078125,90908.8046875,38473728
2026-01-20 09:50:00+00:00,90898.6796875,90917.140625,90856.71875,90856.71875,11890688
2026-01-20 09:55:00+00:00,90866.109375,90938.984375,90866.109375,90938.984375,0
2026-01-20 10:00:00+00:00,90931.65625,90938.3828125,90900.21875,90938.3828125,12443648
2026-01-20 10:05:00+00:00,90920.21875,90991.1484375,90920.21875,90991.1484375,5087232
2026-01-20 10:10:00+00:00,90954.28125,91051.859375,90948.734375,91051.859375,55230464
2026-01-20 10:15:00+00:00,91066.6171875,91094.8515625,91066.6171875,91094.8515625,0
2026-01-20 10:20:00+00:00,91096.1015625,91126.0234375,91096.1015625,91118.9453125,0
2026-01-20 10:25:00+00:00,91099.7421875,91182.0625,91099.7421875,91182.0625,277200896
2026-01-20 10:30:00+00:00,91188.84375,91188.84375,91138.8359375,91159.2265625,0
2026-01-20 10:35:00+00:00,91119.796875,91119.796875,91060.25,91060.25,438824960
2026-01-20 10:40:00+00:00,91074.546875,91105.890625,91074.546875,91105.890625,24346624
2026-01-20 10:45:00+00:00,91126.8359375,91150.9453125,91126.8359375,91150.9453125,0
2026-01-20 10:50:00+00:00,91135.84375,91163.7890625,91135.84375,91163.7890625,66920448
2026-01-20 10:55:00+00:00,91163.4609375,91188.875,91163.4609375,91184.6796875,0
2026-01-20 11:00:00+00:00,91176.0,91239.984375,91176.0,91229.875,73256960
2026-01-20 11:05:00+00:00,91275.0078125,91328.078125,91266.34375,91316.71875,0
2026-01-20 11:10:00+00:00,91315.953125,91316.3828125,91284.59375,91284.59375,72908800
2026-01-20 11:15:00+00:00,91290.3984375,91301.09375,91263.015625,91301.09375,815104
2026-01-20 11:20:00+00:00,91239.0703125,91251.0390625,91239.0703125,91241.3984375,0
2026-01-20 11:25:00+00:00,91244.2734375,91334.3828125,91244.2734375,91334.3828125,224202752
2026-01-20 11:30:00+00:00,91304.625,91304.625,91267.890625,91267.890625,271450112
2026-01-20 11:35:00+00:00,91258.828125,91258.828125,91231.8203125,91231.8203125,0
2026-01-20 11:40:00+00:00,91228.7734375,91228.7734375,91176.9921875,91227.1484375,0
2026-01-20 11:45:00+00:00,91248.3828125,91248.3828125,91234.4375,91234.4375,155938816
2026-01-20 11:50:00+00:00,91225.5234375,91225.5234375,91173.5078125,91173.5078125,0
2026-01-20 11:55:00+00:00,91154.90625,91193.453125,91146.7578125,91146.7578125,128946176
2026-01-20 12:00:00+00:00,91131.4609375,91137.296875,91118.46875,91125.75,227835904
2026-01-20 12:05:00+00:00,91135.953125,91168.609375,91124.4453125,91160.1640625,0
2026-01-20 12:10:00+00:00,91182.125,91188.0390625,91177.2734375,91188.0390625,0
2026-01-20 12:15:00+00:00,91189.1640625,91205.4296875,91074.4140625,91074.4140625,0
2026-01-20 12:20:00+00:00,91032.375,91032.8984375,91002.4296875,91002.4296875,194600960
2026-01-20 12:25:00+00:00,90981.8515625,91091.5390625,90981.8515625,91091.15625,142577664
2026-01-20 12:30:00+00:00,91070.2421875,91125.3203125,91070.2421875,91104.1484375,0
2026-01-20 12:35:00+00:00,91121.2734375,91133.890625,91094.1640625,91116.6484375,85110784
2026-01-20 12:40:00+00:00,91130.421875,91130.421875,91107.0703125,91107.0703125,10309632
2026-01-20 12:45:00+00:00,91098.6640625,91107.9453125,91095.5390625,91107.9453125,0
2026-01-20 12:50:00+00:00,91123.03125,91142.640625,91123.03125,91133.2734375,174071808
2026-01-20 12:55:00+00:00,91144.8359375,91195.4375,91144.8359375,91195.4375,253939712
2026-01-20 13:00:00+00:00,91192.8125,91199.3203125,91065.625,91065.625,0
2026-01-20 13:05:00+00:00,91003.34375,91003.34375,90919.5234375,90950.328125,0
2026-01-20 13:10:00+00:00,90940.8515625,90940.8515625,90813.5,90813.5,536154112
2026-01-20 13:15:00+00:00,90833.8828125,90899.125,90833.8828125,90895.0234375,0
2026-01-20 13:20:00+00:00,90895.0234375,90963.7578125,90895.0234375,90914.15625,476655616
2026-01-20 13:25:00+00:00,90899.34375,90899.34375,90854.109375,90854.109375,3743744
2026-01-20 13:30:00+00:00,90804.1015625,90826.9609375,90772.796875,90772.796875,0
2026-01-20 13:35:00+00:00,90847.5546875,90899.234375,90808.5859375,90882.3046875,121827328
2026-01-20 13:40:00+00:00,90988.8671875,90988.8671875,90913.6171875,90940.046875,23150592
2026-01-20 13:45:00+00:00,90940.578125,90962.34375,90881.3125,90924.7734375,176447488
2026-01-20 13:50:00+00:00,90926.0859375,90949.1640625,90925.7890625,90949.1640625,98537472
2026-01-20 13:55:00+00:00,90857.2421875,90872.65625,90835.5625,90871.96875,0
2026-01-20 14:00:00+00:00,90869.0625,91010.7421875,90869.0625,91010.7421875,288051200
2026-01-20 14:05:00+00:00,91031.734375,91049.578125,91007.8671875,91007.8671875,0
2026-01-20 14:10:00+00:00,91014.6484375,91024.3203125,91003.5,91013.4765625,777314304
2026-01-20 14:15:00+00:00,91017.1796875,91017.1796875,90780.546875,90780.546875,0
2026-01-20 14:20:00+00:00,90704.8671875,90897.46875,90704.8671875,90833.3828125,0
2026-01-20 14:25:00+00:00,90848.140625,90895.0859375,90823.2109375,90895.0859375,966721536
2026-01-20 14:30:00+00:00,90913.0234375,90913.0234375,90665.1171875,90665.1171875,0
2026-01-20 14:35:00+00:00,90664.546875,91125.8125,90664.546875,91125.8125,372060160
2026-01-20 14:40:00+00:00,91273.8984375,91273.8984375,90802.53125,90960.1875,324747264
2026-01-20 14:45:00+00:00,91032.3125,91032.3125,90302.3515625,90302.3515625,438149120
2026-01-20 14:50:00+00:00,90334.109375,90611.6171875,90334.109375,90498.4296875,364929024
2026-01-20 14:55:00+00:00,90432.2421875,90583.90625,90432.2421875,90583.90625,134602752
2026-01-20 15:00:00+00:00,90461.1796875,90477.1953125,90180.7421875,90180.7421875,873324544
2026-01-20 15:05:00+00:00,90210.5390625,90253.6484375,90009.1953125,90009.1953125,0
2026-01-20 15:10:00+00:00,89883.9609375,90320.90625,89835.34375,90257.1875,920768512
2026-01-20 15:15:00+00:00,90189.5703125,90321.3359375,90101.6328125,90101.6328125,810881024
2026-01-20 15:20:00+00:00,89945.359375,90394.5625,89945.359375,90388.703125,459378688
2026-01-20 15:25:00+00:00,90489.4609375,90578.7109375,90489.4609375,90547.765625,51015680
2026-01-20 15:30:00+00:00,90532.515625,90650.4140625,90532.515625,90650.4140625,374185984
2026-01-20 15:35:00+00:00,90635.265625,90670.4375,90569.8046875,90569.8046875,0
2026-01-20 15:40:00+00:00,90512.34375,90529.1953125,90475.0234375,90475.0234375,935460864
2026-01-20 15:45:00+00:00,90444.84375,90444.84375,90307.4375,90307.4375,141639680
2026-01-20 15:50:00+00:00,90369.7578125,90440.34375,90369.7578125,90390.7109375,143126528
2026-01-20 15:55:00+00:00,90264.7265625,90429.4609375,90264.7265625,90429.4609375,22327296
2026-01-20 16:00:00+00:00,90583.625,90698.390625,90583.625,90617.640625,289120256
2026-01-20 16:05:00+00:00,90609.25,90626.6328125,90482.40625,90482.40625,68247552
2026-01-20 16:10:00+00:00,90434.3203125,90745.890625,90434.3203125,90707.5390625,0
2026-01-20 16:15:00+00:00,90676.65625,90789.140625,90676.65625,90789.140625,148791296
2026-01-20 16:20:00+00:00,90856.9453125,90856.9453125,90603.6171875,90603.6171875,232960000
2026-01-20 16:25:00+00:00,90562.3828125,90562.3828125,90509.9921875,90509.9921875,120582144
2026-01-20 16:30:00+00:00,90531.84375,90531.84375,90342.46875,90342.46875,0
2026-01-20 16:35:00+00:00,90320.75,90395.671875,90320.75,90395.671875,510611456
2026-01-20 16:40:00+00:00,90379.1328125,90379.1328125,90006.0,90006.0,442961920
2026-01-20 16:45:00+00:00,90037.234375,90037.234375,89990.1484375,89996.453125,198615040
2026-01-20 16:50:00+00:00,89995.0703125,90143.03125,89995.0703125,90031.6796875,122052608
2026-01-20 16:55:00+00:00,90019.875,90095.6484375,90019.875,90095.3359375,651264
2026-01-20 17:00:00+00:00,90072.9609375,90095.6953125,90065.640625,90065.640625,218722304
2026-01-20 17:05:00+00:00,90101.4609375,90352.75,90101.4609375,90352.75,15224832
2026-01-20 17:10:00+00:00,90314.2421875,90351.171875,90300.15625,90345.7890625,248791040
2026-01-20 17:15:00+00:00,90362.15625,90372.078125,90292.65625,90292.65625,121507840
2026-01-20 17:20:00+00:00,90270.328125,90270.328125,90195.515625,90195.515625,0
2026-01-20 17:25:00+00:00,90228.234375,90228.234375,90114.9609375,90130.296875,125767680
2026-01-20 17:30:00+00:00,90110.6875,90110.6875,89919.5625,89919.5625,0
2026-01-20 17:35:00+00:00,89924.875,89924.875,89661.9609375,89836.046875,981422080
2026-01-20 17:40:00+00:00,89667.5625,89690.3515625,89611.75,89655.3828125,71229440
2026-01-20 17:45:00+00:00,89606.3359375,89615.921875,89424.9375,89574.75,660291584
2026-01-20 17:50:00+00:00,89622.421875,89622.421875,89487.625,89523.46875,544751616
2026-01-20 17:55:00+00:00,89682.1171875,89700.1953125,89618.265625,89671.7265625,0
2026-01-20 18:00:00+00:00,89675.8359375,89773.1484375,89675.8359375,89773.1484375,670085120
2026-01-20 18:05:00+00:00,89786.4609375,89786.4609375,89670.1484375,89670.1484375,0
2026-01-20 18:10:00+00:00,89653.4453125,89815.71875,89653.4453125,89815.71875,320024576
2026-01-20 18:15:00+00:00,89802.6015625,89815.5625,89732.765625,89732.765625,0
2026-01-20 18:20:00+00:00,89676.84375,89676.84375,89567.2265625,89595.390625,359817216
2026-01-20 18:25:00+00:00,89682.2734375,89772.8515625,89682.2734375,89692.609375,132460544
2026-01-20 18:30:00+00:00,89657.2890625,89657.2890625,89535.7109375,89535.7109375,0
2026-01-20 18:35:00+00:00,89583.859375,89583.859375,89460.6796875,89460.6796875,316690432
2026-01-20 18:40:00+00:00,89484.3046875,89484.3046875,89392.6640625,89392.6640625,0
2026-01-20 18:45:00+00:00,89415.5625,89435.1015625,89375.6953125,89435.1015625,387670016
2026-01-20 18:50:00+00:00,89492.75,89492.7578125,89421.390625,89421.390625,201543680
2026-01-20 18:55:00+00:00,89311.7578125,89417.1875,89311.7578125,89393.78125,22364160
2026-01-20 19:00:00+00:00,89387.1328125,89485.6875,89387.1328125,89485.6875,269979648
2026-01-20 19:05:00+00:00,89466.9296875,89651.1484375,89466.9296875,89651.1484375,0
2026-01-20 19:10:00+00:00,89604.8046875,89604.8046875,89356.6640625,89356.6640625,0
2026-01-20 19:15:00+00:00,89468.1640625,89573.0546875,89453.9765625,89530.7109375,457379840
2026-01-20 19:20:00+00:00,89545.84375,89570.90625,89445.359375,89445.359375,139837440
2026-01-20 19:25:00+00:00,89442.453125,89461.6015625,89412.4296875,89412.4296875,220061696
2026-01-20 19:30:00+00:00,89389.8515625,89389.8515625,89245.5390625,89366.4375,106827776
2026-01-20 19:35:00+00:00,89273.9140625,89313.7265625,89193.546875,89312.5078125,269099008
2026-01-20 19:40:00+00:00,89208.1171875,89424.1875,89208.1171875,89368.234375,169521152
2026-01-20 19:45:00+00:00,89360.9296875,89360.9296875,89310.2109375,89348.1796875,0
2026-01-20 19:50:00+00:00,89355.1484375,89612.296875,89355.1484375,89612.296875,905850880
2026-01-20 19:55:00+00:00,89618.40625,89649.453125,89597.7265625,89597.7265625,368455680
2026-01-20 20:00:00+00:00,89600.03125,89600.03125,89457.4375,89500.5546875,0
2026-01-20 20:05:00+00:00,89460.140625,89460.140625,89343.4375,89407.5703125,0
2026-01-20 20:10:00+00:00,89445.34375,89445.34375,89346.8828125,89346.8828125,0
2026-01-20 20:15:00+00:00,89297.7109375,89588.0546875,89297.7109375,89588.0546875,669487104
2026-01-20 20:20:00+00:00,89670.65625,89697.8359375,89606.6015625,89606.6015625,0
2026-01-20 20:25:00+00:00,89682.7109375,89693.25,89624.6640625,89624.6640625,511868928
2026-01-20 20:30:00+00:00,89650.9765625,89650.9765625,89530.3984375,89530.3984375,179961856
2026-01-20 20:35:00+00:00,89553.203125,89553.203125,89508.1953125,89508.1953125,0
2026-01-20 20:40:00+00:00,89525.2734375,89532.2578125,89521.0625,89529.6796875,0
2026-01-20 20:45:00+00:00,89504.8671875,89695.671875,89504.8671875,89606.5,147419136
2026-01-20 20:50:00+00:00,89613.03125,89681.3828125,89567.765625,89567.765625,145874944
2026-01-20 20:55:00+00:00,89457.3515625,89581.1640625,89457.3515625,89504.59375,667918336
2026-01-20 21:00:00+00:00,89588.1484375,89588.1484375,89559.9765625,89559.9765625,360443904
2026-01-20 21:05:00+00:00,89513.84375,89617.328125,89513.84375,89617.328125,0
2026-01-20 21:10:00+00:00,89647.765625,89699.453125,89647.765625,89699.453125,0
2026-01-20 21:15:00+00:00,89668.984375,89679.8984375,89626.1875,89639.84375,3436544
2026-01-20 21:20:00+00:00,89619.046875,89619.046875,89529.9375,89544.3359375,0
2026-01-20 21:25:00+00:00,89554.4453125,89554.4453125,89522.6953125,89522.6953125,521715712
2026-01-20 21:30:00+00:00,89510.609375,89510.609375,89443.2578125,89443.2578125,171212800
2026-01-20 21:35:00+00:00,89399.8671875,89420.4609375,89374.9921875,89420.4609375,0
2026-01-20 21:40:00+00:00,89428.3515625,89428.3515625,89386.1796875,89386.1796875,0
2026-01-20 21:45:00+00:00,89393.328125,89453.6171875,89321.9921875,89321.9921875,663642112
2026-01-20 21:50:00+00:00,89316.1484375,89384.5703125,89311.140625,89384.5703125,0
2026-01-20 21:55:00+00:00,89357.8515625,89416.03125,89357.8515625,89416.03125,0
2026-01-20 22:00:00+00:00,89405.296875,89405.8515625,89366.6484375,89397.203125,0
2026-01-20 22:05:00+00:00,89437.3125,89465.4375,89437.3125,89459.8046875,540008448
2026-01-20 22:10:00+00:00,89455.0859375,89486.9296875,89443.5234375,89486.9296875,40538112
2026-01-20 22:15:00+00:00,89499.7265625,89508.9296875,89498.8359375,89508.9296875,0
2026-01-20 22:20:00+00:00,89511.6328125,89511.6328125,89483.296875,89483.296875,0
2026-01-20 22:25:00+00:00,89445.796875,89445.796875,89355.78125,89355.78125,519905280
2026-01-20 22:30:00+00:00,89377.9140625,89377.9140625,87954.25,87954.25,101068800
2026-01-20 22:35:00+00:00,88192.6796875,88463.5078125,88192.6796875,88463.5078125,600461312
2026-01-20 22:40:00+00:00,88476.7890625,88498.140625,88354.703125,88354.703125,489852928
2026-01-20 22:45:00+00:00,88443.1640625,88516.0546875,88275.1796875,88397.609375,877035520
2026-01-20 22:50:00+00:00,88358.4609375,88358.4609375,88198.453125,88305.9609375,0
2026-01-20 22:55:00+00:00,88350.4765625,88441.4453125,88350.4765625,88411.828125,34516992
2026-01-20 23:00:00+00:00,88405.0390625,88405.0390625,88021.546875,88021.546875,370425856
2026-01-20 23:05:00+00:00,88038.1484375,88103.1328125,88029.7890625,88103.1328125,0
2026-01-20 23:10:00+00:00,88053.90625,88116.7421875,88053.90625,88093.09375,937177088
2026-01-20 23:15:00+00:00,88089.7265625,88098.21875,87863.96875,87900.1875,0
2026-01-20 23:20:00+00:00,87828.9140625,88094.28125,87828.9140625,88094.28125,210178048
2026-01-20 23:25:00+00:00,88029.6796875,88035.6640625,87896.578125,88035.6640625,644280320
2026-01-20 23:30:00+00:00,88007.734375,88236.3359375,88007.734375,88233.34375,0
2026-01-20 23:35:00+00:00,88281.0,88338.40625,88281.0,88338.40625,81035264
2026-01-20 23:40:00+00:00,88311.65625,88365.0390625,88286.578125,88365.0390625,461627392
2026-01-20 23:45:00+00:00,88399.6953125,88399.6953125,88252.8125,88252.8125,106049536
2026-01-20 23:50:00+00:00,88259.671875,88327.5234375,88259.671875,88291.8984375,51556352
2026-01-20 23:55:00+00:00,88328.8203125,88363.140625,88328.8203125,88339.6171875,0
2026-01-21 00:00:00+00:00,88321.28125,88433.5546875,88321.28125,88433.5546875,329416704
2026-01-21 00:05:00+00:00,88463.8359375,88498.453125,88413.921875,88418.625,0
2026-01-21 00:10:00+00:00,88419.421875,88419.421875,88349.0390625,88349.0390625,1278246912
2026-01-21 00:15:00+00:00,88324.015625,88328.15625,88236.0390625,88328.15625,223920128
2026-01-21 00:20:00+00:00,88302.09375,88302.09375,88163.0546875,88200.640625,77361152
2026-01-21 00:25:00+00:00,88248.796875,88417.7109375,88239.71875,88417.7109375,0
2026-01-21 00:30:00+00:00,88449.3203125,88474.4921875,88421.578125,88474.46875,0
2026-01-21 00:35:00+00:00,88492.265625,88790.15625,88492.265625,88790.15625,298430464
2026-01-21 00:40:00+00:00,88803.9453125,88803.9453125,88729.8515625,88736.28125,0
2026-01-21 00:45:00+00:00,88737.765625,88800.625,88720.25,88772.1484375,1671348224
2026-01-21 00:50:00+00:00,88800.140625,88844.9375,88791.484375,88844.9375,170201088
2026-01-21 00:55:00+00:00,88816.5234375,88822.8359375,88778.3671875,88816.96875,43659264
2026-01-21 01:00:00+00:00,88814.421875,88924.2109375,88778.4296875,88924.2109375,15069184
2026-01-21 01:05:00+00:00,88917.3203125,88917.3203125,88764.1640625,88880.40625,137723904
2026-01-21 01:10:00+00:00,88862.109375,88983.609375,88862.109375,88954.6640625,0
2026-01-21 01:15:00+00:00,88971.359375,88971.359375,88941.9609375,88941.9609375,0
2026-01-21 01:20:00+00:00,88922.9765625,88922.9765625,88843.8203125,88843.8203125,426082304
2026-01-21 01:25:00+00:00,88914.4453125,88914.4453125,88892.671875,88892.671875,30494720
2026-01-21 01:30:00+00:00,88967.25,88978.421875,88944.0,88944.0,0
2026-01-21 01:35:00+00:00,88962.3046875,89003.7890625,88962.3046875,88979.65625,0
2026-01-21 01:40:00+00:00,88954.4375,88984.9140625,88901.46875,88901.46875,548835328
2026-01-21 01:45:00+00:00,88918.3203125,88993.25,88889.578125,88993.25,0
2026-01-21 01:50:00+00:00,88991.5546875,89033.203125,88971.4609375,88974.34375,94900224
2026-01-21 01:55:00+00:00,88935.1328125,88935.1328125,88909.5859375,88909.5859375,472473600
2026-01-21 02:00:00+00:00,88912.34375,89074.1640625,88912.34375,89074.1640625,445317120
2026-01-21 02:05:00+00:00,89136.3515625,89198.4609375,89136.3515625,89152.1875,334372864
2026-01-21 02:10:00+00:00,89151.96875,89151.96875,89099.90625,89143.140625,2105344
2026-01-21 02:15:00+00:00,89167.9765625,89167.9765625,89135.09375,89135.09375,42344448
2026-01-21 02:20:00+00:00,89151.8203125,89185.8828125,89126.3046875,89126.3046875,0
2026-01-21 02:25:00+00:00,89122.2734375,89122.2734375,88994.515625,88994.515625,129744896
2026-01-21 02:30:00+00:00,88978.0859375,88978.0859375,88956.1953125,88974.84375,0
2026-01-21 02:35:00+00:00,88916.4921875,88916.4921875,88881.53125,88912.8671875,0
2026-01-21 02:40:00+00:00,88913.6328125,89067.1171875,88913.6328125,88986.4609375,38465536
2026-01-21 02:45:00+00:00,88979.109375,89046.015625,88979.109375,89025.65625,485871616
2026-01-21 02:50:00+00:00,89039.15625,89039.15625,88970.9296875,88978.890625,0
2026-01-21 02:55:00+00:00,88974.0859375,88989.4296875,88949.0625,88958.2265625,288034816
2026-01-21 03:00:00+00:00,88940.71875,89053.9453125,88940.71875,89053.9453125,0
2026-01-21 03:05:00+00:00,89089.1875,89089.1875,89012.625,89061.625,0
2026-01-21 03:10:00+00:00,89065.4921875,89071.1015625,88993.0234375,89018.9140625,323928064
2026-01-21 03:15:00+00:00,89083.6875,89136.8046875,89081.171875,89111.171875,255516672
2026-01-21 03:20:00+00:00,89113.8515625,89136.0859375,89113.8515625,89136.0859375,0
2026-01-21 03:25:00+00:00,89134.3125,89159.2734375,89131.8515625,89159.2734375,417935360
2026-01-21 03:30:00+00:00,89162.234375,89164.3046875,89125.8203125,89149.71875,0
2026-01-21 03:35:00+00:00,89158.4765625,89273.0078125,89158.4765625,89273.0078125,330403840
2026-01-21 03:40:00+00:00,89244.8515625,89350.078125,89244.8515625,89350.078125,567910400
2026-01-21 03:45:00+00:00,89455.671875,89455.671875,89394.671875,89421.59375,0
2026-01-21 03:50:00+00:00,89400.4140625,89400.4140625,89310.390625,89331.96875,16855040
2026-01-21 03:55:00+00:00,89323.8359375,89323.8359375,89312.0234375,89315.8828125,108077056
2026-01-21 04:00:00+00:00,89315.8828125,89360.6796875,89315.8828125,89346.5390625,499175424
2026-01-21 04:05:00+00:00,89350.25,89364.5,89332.0390625,89341.3515625,50290688
2026-01-21 04:10:00+00:00,89344.2734375,89354.2421875,89283.59375,89283.59375,0
2026-01-21 04:15:00+00:00,89281.6171875,89283.6953125,89256.34375,89283.6953125,0
2026-01-21 04:20:00+00:00,89288.75,89385.5390625,89288.75,89385.5390625,567336960
2026-01-21 04:25:00+00:00,89372.21875,89374.984375,89356.8671875,89374.984375,0
2026-01-21 04:30:00+00:00,89389.890625,89389.890625,89292.8359375,89292.8359375,0
2026-01-21 04:35:00+00:00,89305.9296875,89351.6171875,89305.9296875,89351.6171875,0
2026-01-21 04:40:00+00:00,89353.75,89398.6875,89353.75,89398.6875,87871488
2026-01-21 04:45:00+00:00,89439.4921875,89503.46875,89439.4921875,89474.75,0
2026-01-21 04:50:00+00:00,89473.2421875,89473.2421875,89394.5078125,89394.5078125,224993280
2026-01-21 04:55:00+00:00,89390.1015625,89390.1015625,89346.9921875,89352.0078125,361971712
2026-01-21 05:00:00+00:00,89335.65625,89384.5390625,89335.65625,89375.921875,0
2026-01-21 05:05:00+00:00,89386.609375,89429.234375,89342.21875,89429.234375,186679296
2026-01-21 05:10:00+00:00,89422.765625,89433.25,89422.765625,89423.8828125,0
2026-01-21 05:15:00+00:00,89456.46875,89493.0546875,89447.390625,89493.0546875,0
2026-01-21 05:20:00+00:00,89497.2890625,89497.2890625,89456.21875,89471.2265625,0
2026-01-21 05:25:00+00:00,89471.0859375,89475.1796875,89445.7265625,89475.1796875,179884032
2026-01-21 05:30:00+00:00,89479.890625,89597.0703125,89479.890625,89584.5859375,0
2026-01-21 05:35:00+00:00,89589.4453125,89766.65625,89589.4453125,89766.65625,0
2026-01-21 05:40:00+00:00,89745.7265625,89827.9453125,89740.125,89820.3046875,1683636224
2026-01-21 05:45:00+00:00,89819.1875,89972.5234375,89810.8515625,89960.484375,9838592
2026-01-21 05:50:00+00:00,89929.6328125,89929.6328125,89883.984375,89901.8671875,0
2026-01-21 05:55:00+00:00,89905.09375,89905.09375,89813.7734375,89813.7734375,0
2026-01-21 06:00:00+00:00,89842.734375,89842.734375,89704.0703125,89704.0703125,0
2026-01-21 06:05:00+00:00,89736.1953125,89736.1953125,89714.7109375,89714.7109375,505262080
2026-01-21 06:10:00+00:00,89714.0625,89766.578125,89714.0625,89765.09375,0
2026-01-21 06:15:00+00:00,89776.7890625,89776.7890625,89750.109375,89760.09375,0
2026-01-21 06:20:00+00:00,89736.59375,89779.40625,89735.1875,89760.0546875,0
2026-01-21 06:25:00+00:00,89787.9765625,89809.15625,89734.65625,89739.859375,0
2026-01-21 06:30:00+00:00,89784.4375,89784.4375,89702.75,89718.1953125,390545408
2026-01-21 06:35:00+00:00,89661.8046875,89661.8046875,89567.4609375,89576.859375,0
2026-01-21 06:40:00+00:00,89576.15625,89576.15625,89505.171875,89550.140625,0
2026-01-21 06:45:00+00:00,89521.9765625,89521.9765625,89409.96875,89481.0,231936000
2026-01-21 06:50:00+00:00,89475.9921875,89475.9921875,89421.21875,89461.515625,0
2026-01-21 06:55:00+00:00,89479.1796875,89527.296875,89479.1796875,89527.296875,688271360
2026-01-21 07:00:00+00:00,89542.9375,89568.4765625,89465.6796875,89568.4765625,189919232
2026-01-21 07:05:00+00:00,89628.0,89638.125,89628.0,89638.125,0
2026-01-21 07:10:00+00:00,89615.9453125,89615.9453125,89408.109375,89408.109375,0
2026-01-21 07:15:00+00:00,89419.6875,89491.4453125,89419.6875,89491.4453125,0
2026-01-21 07:20:00+00:00,89495.171875,89543.3046875,89495.171875,89543.1171875,113717248
2026-01-21 07:25:00+00:00,89527.9453125,89527.9453125,89494.8359375,89494.8359375,0
2026-01-21 07:30:00+00:00,89528.375,89528.375,89322.90625,89322.90625,267886592
2026-01-21 07:35:00+00:00,89327.453125,89327.453125,89200.0703125,89200.0703125,158920704
2026-01-21 07:40:00+00:00,89102.5078125,89134.7109375,89102.5078125,89118.8125,0
2026-01-21 07:45:00+00:00,89117.9765625,89117.9765625,89088.3203125,89111.7578125,138330112
2026-01-21 07:50:00+00:00,89127.2421875,89140.21875,89081.8359375,89081.8359375,82325504
2026-01-21 07:55:00+00:00,89074.0390625,89074.0390625,88987.125,89049.6171875,301436928
2026-01-21 08:00:00+00:00,89112.140625,89127.1171875,89085.0234375,89098.6875,110034944
2026-01-21 08:05:00+00:00,89105.28125,89134.265625,89085.109375,89129.4453125,0
2026-01-21 08:10:00+00:00,89180.9375,89198.90625,89171.234375,89198.90625,0
2026-01-21 08:15:00+00:00,89124.4296875,89178.2578125,89124.4296875,89168.7734375,581632
2026-01-21 08:20:00+00:00,89195.7890625,89262.65625,89195.7890625,89262.65625,0
2026-01-21 08:25:00+00:00,89239.8046875,89239.8046875,89165.7421875,89167.6015625,0
2026-01-21 08:30:00+00:00,89150.3828125,89172.96875,89139.0703125,89170.859375,457199616
2026-01-21 08:35:00+00:00,89179.90625,89179.90625,89035.0703125,89035.0703125,0
2026-01-21 08:40:00+00:00,88951.546875,88998.6015625,88894.2578125,88894.2578125,0
2026-01-21 08:45:00+00:00,88920.609375,88977.3203125,88920.609375,88977.3203125,221872128
2026-01-21 08:50:00+00:00,88993.9375,89053.15625,88989.8671875,89053.15625,0
2026-01-21 08:55:00+00:00,89054.3515625,89133.46875,89046.3515625,89101.4921875,132800512
2026-01-21 09:00:00+00:00,89096.578125,89112.546875,89087.71875,89104.2421875,0
2026-01-21 09:05:00+00:00,89159.578125,89159.578125,89086.171875,89151.453125,240685056
2026-01-21 09:10:00+00:00,89125.828125,89174.7578125,89125.828125,89174.7578125,45957120
2026-01-21 09:15:00+00:00,89186.609375,89254.0703125,89186.609375,89254.0703125,0
2026-01-21 09:20:00+00:00,89250.0390625,89269.953125,89238.1171875,89266.4609375,0
2026-01-21 09:25:00+00:00,89312.6015625,89336.59375,89312.6015625,89317.75,0
2026-01-21 09:30:00+00:00,89305.65625,89331.5625,89282.421875,89318.640625,0
2026-01-21 09:35:00+00:00,89360.8671875,89381.4921875,89334.1640625,89360.25,1242374144
2026-01-21 09:40:00+00:00,89354.8203125,89354.8203125,89287.8359375,89287.8359375,0
2026-01-21 09:45:00+00:00,89298.28125,89307.40625,89258.8203125,89280.140625,0
2026-01-21 09:50:00+00:00,89223.8984375,89247.2578125,89181.9921875,89181.9921875,160264192
2026-01-21 09:55:00+00:00,89149.5625,89149.5625,88984.3203125,88984.3203125,0
2026-01-21 10:00:00+00:00,89008.3984375,89212.953125,89008.3359375,89212.953125,0
2026-01-21 10:05:00+00:00,89228.765625,89237.171875,89208.9296875,89215.921875,43597824
2026-01-21 10:10:00+00:00,89196.0,89203.359375,89164.1640625,89164.1640625,1237401600
2026-01-21 10:15:00+00:00,89184.8046875,89228.2265625,89184.8046875,89228.2265625,0
2026-01-21 10:20:00+00:00,89248.125,89283.7578125,89201.015625,89209.9609375,376770560
2026-01-21 10:25:00+00:00,89210.9453125,89212.875,89202.9765625,89204.6484375,0
2026-01-21 10:30:00+00:00,89226.5625,89226.5625,89197.7265625,89213.171875,63922176
2026-01-21 10:35:00+00:00,89226.734375,89226.734375,89148.765625,89217.765625,0
2026-01-21 10:40:00+00:00,89254.21875,89272.71875,89210.3828125,89210.3828125,421396480
2026-01-21 10:45:00+00:00,89211.4375,89211.4375,89166.890625,89195.1484375,0
2026-01-21 10:50:00+00:00,89204.0,89205.9765625,89196.875,89196.875,0
2026-01-21 10:55:00+00:00,89179.859375,89179.859375,89151.703125,89175.625,73625600
2026-01-21 11:00:00+00:00,89158.875,89158.875,89076.1328125,89076.75,3014656
2026-01-21 11:05:00+00:00,89058.1328125,89117.6640625,89058.1328125,89117.6640625,93446144
2026-01-21 11:10:00+00:00,89125.984375,89189.9375,89125.984375,89189.9375,266874880
2026-01-21 11:15:00+00:00,89212.0703125,89212.0703125,89193.953125,89198.0625,0
2026-01-21 11:20:00+00:00,89262.8359375,89274.3046875,89258.6171875,89258.6171875,34865152
2026-01-21 11:25:00+00:00,89262.40625,89263.1328125,89245.4140625,89245.4140625,358240256
2026-01-21 11:30:00+00:00,89232.8046875,89239.578125,89217.0625,89219.1640625,353603584
2026-01-21 11:35:00+00:00,89242.359375,89242.359375,89167.03125,89167.03125,0
2026-01-21 11:40:00+00:00,89167.859375,89180.2890625,89155.8125,89180.2890625,0
2026-01-21 11:45:00+00:00,89176.5859375,89206.6484375,89090.75,89109.75,93392896
2026-01-21 11:50:00+00:00,89048.140625,89048.140625,88992.71875,89004.5859375,400564224
2026-01-21 11:55:00+00:00,88894.6796875,88894.6796875,88652.5859375,88687.1328125,0
2026-01-21 12:00:00+00:00,88694.875,88726.515625,88694.875,88707.8203125,382656512
2026-01-21 12:05:00+00:00,88655.6328125,88655.6328125,88524.421875,88652.6953125,198889472
2026-01-21 12:10:00+00:00,88437.4140625,88437.4140625,88203.75,88203.75,579186688
2026-01-21 12:15:00+00:00,88239.046875,88330.953125,88199.9453125,88330.953125,611528704
2026-01-21 12:20:00+00:00,88267.0859375,88321.4453125,88190.734375,88318.671875,77537280
2026-01-21 12:25:00+00:00,88345.71875,88345.71875,88275.1796875,88275.1796875,259567616
2026-01-21 12:30:00+00:00,88269.4921875,88347.2421875,88215.6328125,88347.2421875,0
2026-01-21 12:35:00+00:00,88503.1484375,88556.984375,88503.1484375,88556.984375,723394560
2026-01-21 12:40:00+00:00,88567.640625,88567.640625,88522.9453125,88533.484375,0
2026-01-21 12:45:00+00:00,88533.484375,88533.484375,88452.15625,88480.15625,336060416
2026-01-21 12:50:00+00:00,88534.515625,88603.78125,88534.515625,88581.4921875,8826880
2026-01-21 12:55:00+00:00,88579.484375,88659.9765625,88579.484375,88647.78125,461783040
2026-01-21 13:00:00+00:00,88655.0546875,88681.34375,88595.2734375,88662.6171875,0
2026-01-21 13:05:00+00:00,88818.2109375,88862.6953125,88795.8828125,88836.28125,188674048
2026-01-21 13:10:00+00:00,88808.1953125,88892.3984375,88808.1953125,88892.3984375,0
2026-01-21 13:15:00+00:00,88853.453125,88859.2890625,88772.3125,88772.3125,95678464
2026-01-21 13:20:00+00:00,88751.96875,88751.96875,88703.8515625,88715.6640625,0
2026-01-21 13:25:00+00:00,88707.71875,88734.484375,88707.71875,88733.890625,275087360
2026-01-21 13:30:00+00:00,88754.765625,88754.765625,88680.0,88731.875,527220736
2026-01-21 13:35:00+00:00,88901.3828125,88919.2109375,88691.9609375,88691.9609375,0
2026-01-21 13:40:00+00:00,88689.6640625,88689.6640625,88631.1484375,88631.1484375,0
2026-01-21 13:45:00+00:00,88622.15625,88636.21875,88509.4375,88509.4375,0
2026-01-21 13:50:00+00:00,88548.5390625,88677.90625,88505.4296875,88677.90625,284712960
2026-01-21 13:55:00+00:00,88715.9375,88774.421875,88697.5078125,88700.5,0
2026-01-21 14:00:00+00:00,88599.59375,88599.59375,88549.03125,88594.59375,1814302720
2026-01-21 14:05:00+00:00,88739.1015625,89204.8203125,88739.1015625,89108.40625,225980416
2026-01-21 14:10:00+00:00,89045.59375,89547.7265625,89045.59375,89547.7265625,0
2026-01-21 14:15:00+00:00,89489.125,89557.828125,89365.625,89557.828125,1300668416
2026-01-21 14:20:00+00:00,89403.4140625,89618.171875,89380.5859375,89618.171875,204566528
2026-01-21 14:25:00+00:00,89550.4375,89550.4375,89293.609375,89295.65625,0
2026-01-21 14:30:00+00:00,89567.3984375,89826.6796875,89567.3984375,89826.6796875,305106944
2026-01-21 14:35:00+00:00,89869.4609375,89869.4609375,89565.125,89722.8828125,0
2026-01-21 14:40:00+00:00,89711.4375,89711.4375,89563.3828125,89646.0234375,0
2026-01-21 14:45:00+00:00,89575.25,89602.1640625,89404.8203125,89565.78125,338448384
2026-01-21 14:50:00+00:00,89486.9765625,89486.9765625,89390.796875,89464.3515625,0
2026-01-21 14:55:00+00:00,89541.625,89829.578125,89531.5625,89829.578125,0
2026-01-21 15:00:00+00:00,89722.8828125,89918.5625,89722.8828125,89918.5625,0
2026-01-21 15:05:00+00:00,89721.328125,90075.9921875,89721.328125,90068.5703125,231505920
2026-01-21 15:10:00+00:00,90087.75,90114.953125,90071.25,90114.953125,0
2026-01-21 15:15:00+00:00,90249.5390625,90412.0625,90239.203125,90412.0625,0
2026-01-21 15:20:00+00:00,90371.6484375,90371.6484375,90127.0078125,90225.5078125,0
2026-01-21 15:25:00+00:00,90226.96875,90226.96875,89997.46875,89997.46875,0
2026-01-21 15:30:00+00:00,89941.3125,90071.65625,89914.578125,90071.65625,997556224
2026-01-21 15:35:00+00:00,90105.4140625,90105.4140625,89818.671875,89818.671875,50663424
2026-01-21 15:40:00+00:00,89934.3359375,90021.0,89866.1015625,89949.0390625,0
2026-01-21 15:45:00+00:00,90020.3359375,90092.1796875,89949.1015625,90092.1796875,0
2026-01-21 15:50:00+00:00,90087.2734375,90281.2265625,90087.2734375,90252.625,457007104
2026-01-21 15:55:00+00:00,90277.140625,90277.140625,90236.859375,90238.5859375,0
2026-01-21 16:00:00+00:00,90192.3828125,90231.1484375,90093.1015625,90093.1015625,6156288
2026-01-21 16:05:00+00:00,90001.5546875,90001.5546875,89757.734375,89757.734375,0
2026-01-21 16:10:00+00:00,89727.8515625,89819.6875,89727.8515625,89819.6875,142467072
2026-01-21 16:15:00+00:00,89697.765625,89731.4375,89615.3046875,89731.4375,191774720
2026-01-21 16:20:00+00:00,89604.484375,89604.484375,89253.53125,89253.53125,75149312
2026-01-21 16:25:00+00:00,89373.6640625,89526.4140625,89262.515625,89526.4140625,0
2026-01-21 16:30:00+00:00,89523.8203125,89523.8203125,89257.8125,89257.8125,439042048
2026-01-21 16:35:00+00:00,89099.546875,89106.0546875,88742.1953125,88742.1953125,0
2026-01-21 16:40:00+00:00,88785.640625,88785.640625,88267.4140625,88267.4140625,202346496
2026-01-21 16:45:00+00:00,88085.4140625,88464.09375,88085.4140625,88331.09375,341344256
2026-01-21 16:50:00+00:00,88540.015625,88540.015625,88269.9296875,88358.0390625,269910016
2026-01-21 16:55:00+00:00,88219.484375,88219.484375,87585.9921875,87585.9921875,0
2026-01-21 17:00:00+00:00,87527.5546875,87782.765625,87527.5546875,87782.765625,1095364608
2026-01-21 17:05:00+00:00,87926.59375,87926.59375,87818.34375,87818.34375,0
2026-01-21 17:10:00+00:00,87730.46875,87739.8515625,87526.0625,87526.0625,1303367680
2026-01-21 17:15:00+00:00,87240.59375,87432.6015625,87240.59375,87400.6171875,408748032
2026-01-21 17:20:00+00:00,87734.8828125,87734.8828125,87529.828125,87529.828125,711720960
2026-01-21 17:25:00+00:00,87543.46875,87711.46875,87543.46875,87711.46875,151228416
2026-01-21 17:30:00+00:00,87721.7734375,87750.328125,87508.5234375,87514.671875,0
2026-01-21 17:35:00+00:00,87540.78125,87683.96875,87540.78125,87683.96875,876838912
2026-01-21 17:40:00+00:00,87773.796875,87927.9921875,87773.796875,87881.7890625,0
2026-01-21 17:45:00+00:00,87886.5859375,87906.0546875,87855.0234375,87855.0234375,0
2026-01-21 17:50:00+00:00,87887.359375,87913.5859375,87875.1484375,87902.6484375,227160064
2026-01-21 17:55:00+00:00,87875.0625,87895.9296875,87776.109375,87895.9296875,0
2026-01-21 18:00:00+00:00,87872.296875,87872.296875,87573.9921875,87573.9921875,219525120
2026-01-21 18:05:00+00:00,87563.40625,87748.8125,87563.40625,87612.5859375,0
2026-01-21 18:10:00+00:00,87602.421875,87949.578125,87602.421875,87949.578125,307720192
2026-01-21 18:15:00+00:00,87807.5703125,87885.921875,87807.5703125,87846.84375,0
2026-01-21 18:20:00+00:00,87850.96875,87912.3359375,87800.671875,87803.546875,0
2026-01-21 18:25:00+00:00,87793.75,87927.0078125,87793.75,87839.6875,0
2026-01-21 18:30:00+00:00,87919.4140625,87941.390625,87896.28125,87918.4375,317915136
2026-01-21 18:35:00+00:00,87880.40625,88003.9296875,87880.40625,88003.9296875,91713536
2026-01-21 18:40:00+00:00,88049.671875,88106.25,88032.046875,88038.609375,25034752
2026-01-21 18:45:00+00:00,88061.53125,88299.328125,88061.53125,88299.328125,0
2026-01-21 18:50:00+00:00,88431.4609375,88505.5859375,88358.25,88358.25,0
2026-01-21 18:55:00+00:00,88379.140625,88439.1796875,88356.90625,88377.2890625,478027776
2026-01-21 19:00:00+00:00,88390.3046875,88514.8828125,88389.2265625,88389.2265625,0
2026-01-21 19:05:00+00:00,88282.046875,88282.046875,88205.5546875,88266.890625,0
2026-01-21 19:10:00+00:00,88222.90625,88284.046875,88222.90625,88284.046875,142733312
2026-01-21 19:15:00+00:00,88335.671875,88357.4921875,88335.671875,88357.2421875,149417984
2026-01-21 19:20:00+00:00,88418.921875,88446.8125,88375.1015625,88443.34375,0
2026-01-21 19:25:00+00:00,88563.046875,88926.8203125,88508.65625,88926.8203125,270811136
2026-01-21 19:30:00+00:00,89571.359375,89747.0078125,89571.359375,89672.609375,491741184
2026-01-21 19:35:00+00:00,89905.1640625,89914.65625,89837.8125,89914.65625,167301120
2026-01-21 19:40:00+00:00,89941.65625,89972.8359375,89884.796875,89972.8359375,684531712
2026-01-21 19:45:00+00:00,90000.96875,90283.3203125,90000.96875,90283.3203125,480272384
2026-01-21 19:50:00+00:00,90258.2578125,90284.2578125,89852.4921875,90079.5,109056000
2026-01-21 19:55:00+00:00,90135.7109375,90281.7421875,90135.7109375,90246.1328125,305733632
2026-01-21 20:00:00+00:00,90271.765625,90271.765625,89947.4609375,89947.4609375,0
2026-01-21 20:05:00+00:00,89945.953125,89945.953125,89828.6328125,89901.8515625,113795072
2026-01-21 20:10:00+00:00,89849.3046875,89849.3046875,89674.2890625,89820.40625,0
2026-01-21 20:15:00+00:00,89866.34375,89866.34375,89686.75,89741.2578125,44249088
2026-01-21 20:20:00+00:00,89579.375,89608.40625,89400.9765625,89555.6015625,108105728
2026-01-21 20:25:00+00:00,89628.859375,89696.5859375,89478.3359375,89696.5859375,334020608
2026-01-21 20:30:00+00:00,89687.7265625,89866.9765625,89658.390625,89866.9765625,233676800
2026-01-21 20:35:00+00:00,89930.828125,89930.828125,89879.640625,89897.71875,0
2026-01-21 20:40:00+00:00,89807.4765625,89869.7578125,89739.09375,89806.0078125,0
2026-01-21 20:45:00+00:00,89831.2109375,90104.0625,89831.2109375,90104.0625,60563456
2026-01-21 20:50:00+00:00,90055.9921875,90077.2890625,90035.9375,90077.2890625,0
2026-01-21 20:55:00+00:00,90058.5390625,90094.9453125,90025.546875,90094.9453125,1330929664
2026-01-21 21:00:00+00:00,90095.609375,90095.609375,89955.09375,90093.78125,60420096
2026-01-21 21:05:00+00:00,90029.375,90098.6796875,90005.84375,90080.0546875,95772672
2026-01-21 21:10:00+00:00,90073.8046875,90073.8046875,89993.6328125,90016.734375,0
2026-01-21 21:15:00+00:00,90035.6796875,90232.65625,90003.7890625,90232.65625,221323264
2026-01-21 21:20:00+00:00,90227.640625,90227.640625,90109.2265625,90109.2265625,0
2026-01-21 21:25:00+00:00,90087.375,90087.375,89993.90625,89993.90625,0
2026-01-21 21:30:00+00:00,89997.4765625,90082.2890625,89997.4765625,90082.2890625,120766464
2026-01-21 21:35:00+00:00,90080.125,90099.171875,90025.9140625,90099.171875,153546752
2026-01-21 21:40:00+00:00,90106.7109375,90163.1640625,90106.7109375,90148.3125,171974656
2026-01-21 21:45:00+00:00,90173.671875,90179.140625,90111.6796875,90111.6796875,0
2026-01-21 21:50:00+00:00,90076.53125,90151.2421875,90076.53125,90151.2421875,0
2026-01-21 21:55:00+00:00,90121.6796875,90194.1328125,90120.1796875,90194.1328125,1122365440
2026-01-21 22:00:00+00:00,90171.5859375,90189.921875,90144.703125,90189.921875,0
2026-01-21 22:05:00+00:00,90205.9765625,90230.3125,90193.0,90197.6796875,0
2026-01-21 22:10:00+00:00,90239.1328125,90309.03125,90191.7578125,90191.7578125,333279232
2026-01-21 22:15:00+00:00,90166.59375,90166.59375,90062.421875,90092.625,278851584
2026-01-21 22:20:00+00:00,90074.2421875,90074.2421875,89953.421875,89953.421875,46129152
2026-01-21 22:25:00+00:00,89938.6640625,89972.1640625,89883.5078125,89967.9453125,0
2026-01-21 22:30:00+00:00,89940.578125,89943.921875,89882.3671875,89943.921875,81100800
2026-01-21 22:35:00+00:00,89942.3359375,89994.4609375,89942.3359375,89966.5625,0
2026-01-21 22:40:00+00:00,89852.4296875,89950.4296875,89839.984375,89893.6015625,0
2026-01-21 22:45:00+00:00,89900.21875,89922.46875,89857.7890625,89857.7890625,0
2026-01-21 22:50:00+00:00,89861.171875,89863.46875,89822.921875,89863.46875,1166270464
2026-01-21 22:55:00+00:00,89899.75,89904.1015625,89779.609375,89782.7421875,0
2026-01-21 23:00:00+00:00,89735.8671875,89833.65625,89724.0625,89833.65625,0
2026-01-21 23:05:00+00:00,89856.7421875,89897.109375,89856.7421875,89897.109375,819585024
2026-01-21 23:10:00+00:00,89870.625,89901.140625,89830.5078125,89901.140625,0
2026-01-21 23:15:00+00:00,90118.4921875,90118.4921875,89987.0,89987.0,0
2026-01-21 23:20:00+00:00,89968.515625,89968.515625,89814.8359375,89814.8359375,791867392
2026-01-21 23:25:00+00:00,89861.7421875,89949.640625,89861.7421875,89949.640625,0
2026-01-21 23:30:00+00:00,89939.4921875,89939.4921875,89832.359375,89832.359375,0
2026-01-21 23:35:00+00:00,89816.3046875,89816.3046875,89764.9921875,89764.9921875,88166400
2026-01-21 23:40:00+00:00,89721.78125,89721.78125,89507.75,89507.75,0
2026-01-21 23:45:00+00:00,89481.703125,89504.7578125,89399.8359375,89399.8359375,735531008
2026-01-21 23:50:00+00:00,89306.90625,89364.3828125,89306.90625,89346.59375,0
2026-01-21 23:55:00+00:00,89348.0546875,89402.84375,89348.0546875,89368.671875,186929152
2026-01-22 00:00:00+00:00,89372.4296875,89453.4296875,89372.4296875,89453.4296875,0
2026-01-22 00:05:00+00:00,89530.953125,89572.703125,89529.8046875,89572.703125,113840128
2026-01-22 00:10:00+00:00,89593.171875,89639.8203125,89552.3359375,89639.8203125,0
2026-01-22 00:15:00+00:00,89630.234375,89661.359375,89550.375,89661.359375,138108928
2026-01-22 00:20:00+00:00,89661.1953125,89686.109375,89636.046875,89686.109375,0
2026-01-22 00:25:00+00:00,89721.640625,89800.6796875,89721.640625,89765.0390625,54808576
2026-01-22 00:30:00+00:00,89750.734375,89880.2421875,89750.734375,89844.9609375,0
2026-01-22 00:35:00+00:00,89809.1796875,89848.3359375,89809.1796875,89841.3828125,0
2026-01-22 00:40:00+00:00,89841.3828125,89909.84375,89841.3828125,89849.7265625,0
2026-01-22 00:45:00+00:00,89869.8203125,89890.03125,89861.6484375,89878.859375,23511040
2026-01-22 00:50:00+00:00,89870.0546875,89931.953125,89863.59375,89898.078125,0
2026-01-22 00:55:00+00:00,89912.625,89922.5859375,89814.7421875,89814.7421875,39514112
2026-01-22 01:00:00+00:00,89823.671875,90022.03125,89772.5625,90022.03125,0
2026-01-22 01:05:00+00:00,89921.171875,89921.171875,89843.9765625,89843.9765625,4640768
2026-01-22 01:10:00+00:00,89883.1484375,89904.0625,89878.375,89904.0625,0
2026-01-22 01:15:00+00:00,89913.609375,90019.59375,89913.609375,90013.515625,129929216
2026-01-22 01:20:00+00:00,90021.3671875,90074.5703125,89979.1484375,89989.8203125,0
2026-01-22 01:25:00+00:00,90042.609375,90062.3515625,90021.8203125,90042.953125,378310656
2026-01-22 01:30:00+00:00,90049.4140625,90078.8984375,89978.0859375,89978.0859375,0
2026-01-22 01:35:00+00:00,90003.1953125,90003.1953125,89948.6796875,89948.6796875,0
2026-01-22 01:40:00+00:00,89945.8984375,89945.8984375,89853.1015625,89921.53125,251322368
2026-01-22 01:45:00+00:00,89908.4453125,89938.8515625,89897.5703125,89933.8984375,0
2026-01-22 01:50:00+00:00,90010.765625,90010.765625,89969.6015625,90004.4765625,0
2026-01-22 01:55:00+00:00,90055.890625,90055.890625,89988.59375,90045.375,0
2026-01-22 02:00:00+00:00,90030.71875,90030.71875,89946.3203125,89995.5390625,0
2026-01-22 02:05:00+00:00,89965.8203125,90008.25,89965.421875,90008.25,0
2026-01-22 02:10:00+00:00,90042.7578125,90042.7578125,89960.1171875,90019.3515625,0
2026-01-22 02:15:00+00:00,90082.203125,90168.28125,90082.203125,90136.828125,0
2026-01-22 02:20:00+00:00,90175.4609375,90189.8046875,90166.90625,90177.0390625,292696064
2026-01-22 02:25:00+00:00,90179.7890625,90254.0546875,90179.7890625,90209.984375,98123776
2026-01-22 02:30:00+00:00,90177.3125,90177.3125,90008.4140625,90008.4140625,0
2026-01-22 02:35:00+00:00,90014.375,90014.375,89991.890625,90008.0390625,162017280
2026-01-22 02:40:00+00:00,90005.1796875,90049.3203125,89975.5703125,90049.3203125,0
2026-01-22 02:45:00+00:00,90043.4375,90043.4375,89989.0546875,90011.140625,444608512
2026-01-22 02:50:00+00:00,89980.84375,89980.84375,89864.890625,89870.8828125,0
2026-01-22 02:55:00+00:00,89786.90625,89860.421875,89786.90625,89860.421875,0
2026-01-22 03:00:00+00:00,89857.9296875,89948.671875,89857.9296875,89924.734375,0
2026-01-22 03:05:00+00:00,89982.6796875,90053.2578125,89982.6796875,90049.921875,0
2026-01-22 03:10:00+00:00,90026.953125,90058.765625,90017.140625,90017.140625,0
2026-01-22 03:15:00+00:00,90032.0234375,90032.0234375,89818.21875,89851.828125,0
2026-01-22 03:20:00+00:00,89855.265625,89932.03125,89855.265625,89918.75,67293184
2026-01-22 03:25:00+00:00,89911.734375,89911.734375,89845.5078125,89864.9765625,362164224
2026-01-22 03:30:00+00:00,89850.046875,89850.046875,89758.15625,89758.15625,0
2026-01-22 03:35:00+00:00,89702.3203125,89730.21875,89649.703125,89726.1328125,194285568
2026-01-22 03:40:00+00:00,89743.1015625,89752.125,89743.1015625,89752.125,0
2026-01-22 03:45:00+00:00,89749.375,89786.96875,89749.375,89778.546875,96198656
2026-01-22 03:50:00+00:00,89795.375,89795.375,89775.015625,89787.859375,0
2026-01-22 03:55:00+00:00,89784.359375,89806.5078125,89784.359375,89806.5078125,277594112
2026-01-22 04:00:00+00:00,89799.9140625,89799.9140625,89787.375,89787.375,0
2026-01-22 04:05:00+00:00,89783.796875,89863.3203125,89783.796875,89857.0703125,0
2026-01-22 04:10:00+00:00,89858.59375,89879.4375,89806.140625,89806.140625,343744512
2026-01-22 04:15:00+00:00,89786.6875,89858.2265625,89745.5078125,89858.2265625,131735552
2026-01-22 04:20:00+00:00,89844.3984375,89844.3984375,89764.9296875,89800.328125,35131392
2026-01-22 04:25:00+00:00,89822.015625,89870.5703125,89822.015625,89870.5703125,0
2026-01-22 04:30:00+00:00,89884.3359375,89885.21875,89876.4296875,89885.21875,7172096
2026-01-22 04:35:00+00:00,89919.359375,89927.9921875,89895.1328125,89895.1328125,420749312
2026-01-22 04:40:00+00:00,89825.8125,89857.9765625,89825.8125,89844.0,0
2026-01-22 04:45:00+00:00,89901.5546875,89925.6328125,89901.5546875,89903.0625,105467904
2026-01-22 04:50:00+00:00,89929.921875,89975.3671875,89929.921875,89968.3359375,0
2026-01-22 04:55:00+00:00,89960.3515625,89961.8203125,89937.7890625,89961.8203125,7581696
2026-01-22 05:00:00+00:00,89928.8828125,89937.21875,89913.25,89924.15625,0
2026-01-22 05:05:00+00:00,89937.6484375,89969.8359375,89937.6484375,89969.8359375,140546048
2026-01-22 05:10:00+00:00,89960.859375,89974.5625,89937.78125,89937.78125,0
2026-01-22 05:15:00+00:00,89957.0,89957.0,89953.984375,89954.2265625,0
2026-01-22 05:20:00+00:00,89945.0078125,89945.0078125,89882.734375,89922.703125,0
2026-01-22 05:25:00+00:00,89924.125,89925.9140625,89904.1796875,89904.1796875,101842944
2026-01-22 05:30:00+00:00,89895.5234375,89902.46875,89882.75,89896.4765625,65028096
2026-01-22 05:35:00+00:00,89882.671875,89895.4453125,89843.46875,89895.4453125,0
2026-01-22 05:40:00+00:00,89900.1015625,89926.828125,89900.1015625,89915.21875,0
2026-01-22 05:45:00+00:00,89925.3671875,89941.609375,89911.5234375,89941.609375,0
2026-01-22 05:50:00+00:00,89935.8828125,89948.8359375,89873.609375,89873.609375,0
2026-01-22 05:55:00+00:00,89886.3984375,89886.3984375,89859.625,89859.625,0
2026-01-22 06:00:00+00:00,89937.40625,89985.6171875,89937.40625,89985.6171875,355663872
2026-01-22 06:05:00+00:00,90022.2578125,90022.2578125,89883.296875,89883.296875,0
2026-01-22 06:10:00+00:00,89865.875,89865.875,89823.6484375,89853.171875,154804224
2026-01-22 06:15:00+00:00,89949.03125,89954.8671875,89928.8671875,89937.796875,548356096
2026-01-22 06:20:00+00:00,89947.7265625,89984.1484375,89910.0,89910.0,0
2026-01-22 06:25:00+00:00,89912.828125,89915.4375,89905.59375,89915.4375,0
2026-01-22 06:30:00+00:00,89913.3515625,89981.546875,89913.3515625,89981.515625,84201472
2026-01-22 06:35:00+00:00,89979.578125,90042.5,89979.578125,90028.90625,128282624
2026-01-22 06:40:00+00:00,90037.125,90091.8203125,90037.125,90065.390625,71884800
2026-01-22 06:45:00+00:00,90062.5546875,90115.2890625,90062.5546875,90091.0390625,0
2026-01-22 06:50:00+00:00,90094.921875,90097.9375,90072.671875,90072.671875,336740352
2026-01-22 06:55:00+00:00,90078.3203125,90108.515625,90074.9765625,90108.515625,0
2026-01-22 07:00:00+00:00,90085.953125,90104.0390625,89998.7578125,89998.7578125,220639232
2026-01-22 07:05:00+00:00,89991.71875,90010.640625,89987.9296875,90010.640625,0
2026-01-22 07:10:00+00:00,90001.640625,90006.65625,89989.03125,90006.65625,0
2026-01-22 07:15:00+00:00,89966.5078125,89967.9453125,89900.0703125,89900.0703125,40026112
2026-01-22 07:20:00+00:00,89918.0859375,89920.703125,89864.0546875,89872.140625,0
2026-01-22 07:25:00+00:00,89871.2421875,89894.890625,89846.7109375,89894.890625,330706944
2026-01-22 07:30:00+00:00,89897.3828125,89897.3828125,89829.359375,89867.8046875,267300864
2026-01-22 07:35:00+00:00,89866.9765625,89871.828125,89858.109375,89858.109375,0
2026-01-22 07:40:00+00:00,89835.7421875,89891.4609375,89835.7421875,89868.4375,0
2026-01-22 07:45:00+00:00,89855.234375,89855.234375,89832.8203125,89837.8046875,404860928
2026-01-22 07:50:00+00:00,89850.8671875,89850.8671875,89779.1953125,89779.1953125,0
2026-01-22 07:55:00+00:00,89768.5859375,89768.5859375,89713.28125,89713.28125,0
2026-01-22 08:00:00+00:00,89737.8359375,89820.6171875,89737.8359375,89820.6171875,64782336
2026-01-22 08:05:00+00:00,89835.046875,89868.625,89835.046875,89854.390625,0
2026-01-22 08:10:00+00:00,89864.3671875,89864.3671875,89713.5859375,89713.5859375,117608448
2026-01-22 08:15:00+00:00,89688.9609375,89839.5546875,89688.9609375,89839.5546875,114008064
2026-01-22 08:20:00+00:00,89817.046875,89828.046875,89781.9453125,89781.9453125,281821184
2026-01-22 08:25:00+00:00,89790.7734375,89841.9296875,89785.03125,89841.9296875,0
2026-01-22 08:30:00+00:00,89798.953125,89798.953125,89716.71875,89727.875,0
2026-01-22 08:35:00+00:00,89743.78125,89751.0859375,89732.0,89732.0,42967040
2026-01-22 08:40:00+00:00,89762.53125,89785.7578125,89746.859375,89746.859375,0
2026-01-22 08:45:00+00:00,89748.4140625,89748.4140625,89721.21875,89729.8515625,321032192
2026-01-22 08:50:00+00:00,89743.6328125,89857.2578125,89743.6328125,89856.3671875,228663296
2026-01-22 08:55:00+00:00,89865.171875,89865.171875,89823.0078125,89823.0078125,0
2026-01-22 09:00:00+00:00,89823.6015625,89839.84375,89820.1171875,89820.1171875,38862848
2026-01-22 09:05:00+00:00,89844.6015625,89942.5625,89844.6015625,89942.5625,0
2026-01-22 09:10:00+00:00,89936.4296875,89970.46875,89925.015625,89966.6328125,0
2026-01-22 09:15:00+00:00,89964.390625,89968.5546875,89889.0,89889.0,216739840
2026-01-22 09:20:00+00:00,89899.5234375,89926.6171875,89897.8671875,89926.6171875,0
2026-01-22 09:25:00+00:00,89921.3203125,89935.7890625,89902.65625,89935.7890625,0
2026-01-22 09:30:00+00:00,89911.46875,89942.4921875,89881.84375,89901.4296875,0
2026-01-22 09:35:00+00:00,89915.1015625,90033.3203125,89915.1015625,90029.6875,20008960
2026-01-22 09:40:00+00:00,90018.421875,90042.640625,90018.421875,90027.390625,0
2026-01-22 09:45:00+00:00,90025.2734375,90026.3828125,90007.53125,90007.53125,200142848
2026-01-22 09:50:00+00:00,90021.4921875,90026.546875,89980.3046875,89980.3046875,117297152
2026-01-22 09:55:00+00:00,89973.5,89973.5,89947.0625,89947.0625,0
2026-01-22 10:00:00+00:00,89947.3203125,89964.78125,89884.875,89884.875,0
2026-01-22 10:05:00+00:00,89886.1953125,89939.6328125,89886.1953125,89939.6328125,1083273216
2026-01-22 10:10:00+00:00,89966.2734375,89966.2734375,89949.3671875,89949.3671875,0
2026-01-22 10:15:00+00:00,89947.1640625,89971.4921875,89927.34375,89948.296875,208617472
2026-01-22 10:20:00+00:00,89936.71875,89976.3671875,89936.71875,89972.6328125,47026176
2026-01-22 10:25:00+00:00,89964.578125,89975.2421875,89964.53125,89965.7421875,0
2026-01-22 10:30:00+00:00,89968.1875,89980.015625,89954.078125,89970.8125,0
2026-01-22 10:35:00+00:00,89949.09375,89967.7265625,89949.09375,89964.515625,116989952
2026-01-22 10:40:00+00:00,89937.015625,89944.671875,89937.015625,89944.0078125,0
2026-01-22 10:45:00+00:00,89967.203125,89975.0390625,89960.0078125,89970.09375,0
2026-01-22 10:50:00+00:00,89967.25,89984.1640625,89967.25,89984.1640625,0
2026-01-22 10:55:00+00:00,90013.328125,90013.328125,89999.703125,90011.8125,68235264
2026-01-22 11:00:00+00:00,90005.0859375,90005.0859375,89968.53125,89989.890625,62644224
2026-01-22 11:05:00+00:00,89956.9921875,89987.4453125,89956.9921875,89987.4453125,0
2026-01-22 11:10:00+00:00,90005.078125,90053.109375,89901.609375,89901.609375,167317504
2026-01-22 11:15:00+00:00,89896.7421875,89928.359375,89865.625,89928.359375,0
2026-01-22 11:20:00+00:00,89932.03125,89932.03125,89875.65625,89887.40625,233922560
2026-01-22 11:25:00+00:00,89875.921875,89875.921875,89838.171875,89869.4375,0
2026-01-22 11:30:00+00:00,89863.3828125,89922.1328125,89863.3828125,89919.9609375,0
2026-01-22 11:35:00+00:00,89915.8046875,89915.8046875,89825.8671875,89849.4453125,29659136
2026-01-22 11:40:00+00:00,89856.9375,89892.2265625,89837.1484375,89892.2265625,229855232
2026-01-22 11:45:00+00:00,89891.7734375,89976.0234375,89891.7734375,89971.3671875,105840640
2026-01-22 11:50:00+00:00,89973.671875,89973.671875,89834.0390625,89834.0390625,50651136
2026-01-22 11:55:00+00:00,89833.84375,89853.8828125,89833.84375,89853.8828125,0
2026-01-22 12:00:00+00:00,89853.265625,89860.65625,89803.6484375,89860.65625,0
2026-01-22 12:05:00+00:00,89880.4453125,89935.25,89877.234375,89935.25,0
2026-01-22 12:10:00+00:00,89951.3828125,89951.3828125,89892.09375,89909.8671875,0
2026-01-22 12:15:00+00:00,89912.6796875,89935.984375,89902.21875,89902.21875,0
2026-01-22 12:20:00+00:00,89905.6328125,89933.96875,89905.6328125,89924.890625,0
2026-01-22 12:25:00+00:00,89905.140625,89926.3046875,89902.8984375,89926.3046875,0
2026-01-22 12:30:00+00:00,89928.2890625,89985.984375,89922.0546875,89985.984375,0
2026-01-22 12:35:00+00:00,89966.359375,89966.359375,89960.0625,89964.65625,307298304
2026-01-22 12:40:00+00:00,89928.734375,89930.28125,89900.75,89919.921875,164446208
2026-01-22 12:45:00+00:00,89944.296875,89947.234375,89933.765625,89933.765625,0
2026-01-22 12:50:00+00:00,89945.71875,89949.59375,89906.21875,89929.671875,0
2026-01-22 12:55:00+00:00,89899.671875,89935.0,89899.671875,89935.0,0
2026-01-22 13:00:00+00:00,89937.5703125,89949.4921875,89919.078125,89919.078125,47808512
2026-01-22 13:05:00+00:00,89934.921875,89955.515625,89934.8125,89953.3828125,240660480
2026-01-22 13:10:00+00:00,89937.6171875,89952.921875,89934.71875,89952.921875,110964736
2026-01-22 13:15:00+00:00,89963.421875,90014.2890625,89963.421875,89989.234375,590917632
2026-01-22 13:20:00+00:00,89975.953125,90013.4921875,89975.953125,90009.546875,229904384
2026-01-22 13:25:00+00:00,90029.7421875,90098.0234375,90029.7421875,90098.0234375,375848960
2026-01-22 13:30:00+00:00,90102.3515625,90220.1015625,89846.2734375,89846.2734375,59572224
2026-01-22 13:35:00+00:00,89892.0625,89892.0625,89735.2734375,89741.1171875,485478400
2026-01-22 13:40:00+00:00,89777.5703125,89777.5703125,89492.015625,89492.015625,194805760
2026-01-22 13:45:00+00:00,89534.5546875,89589.3359375,89534.5546875,89562.484375,303181824
2026-01-22 13:50:00+00:00,89567.0703125,89567.0703125,89424.3359375,89424.3359375,863547392
2026-01-22 13:55:00+00:00,89487.6953125,89562.40625,89487.6953125,89521.828125,384876544
2026-01-22 14:00:00+00:00,89534.890625,89534.890625,89400.8515625,89429.40625,189050880
2026-01-22 14:05:00+00:00,89490.9140625,89490.9140625,89439.015625,89439.015625,111161344
2026-01-22 14:10:00+00:00,89444.4296875,89564.5703125,89442.5078125,89560.2734375,91906048
2026-01-22 14:15:00+00:00,89591.7421875,89596.09375,89576.0,89586.7265625,214970368
2026-01-22 14:20:00+00:00,89563.078125,89563.078125,89318.2265625,89318.2265625,0
2026-01-22 14:25:00+00:00,89350.5625,89474.9140625,89350.5625,89461.6015625,880660480
2026-01-22 14:30:00+00:00,89492.890625,89521.3203125,89394.578125,89394.578125,0
2026-01-22 14:35:00+00:00,89492.765625,89542.828125,89123.640625,89542.828125,677838848
2026-01-22 14:40:00+00:00,89529.953125,89581.265625,89347.9375,89347.9375,159948800
2026-01-22 14:45:00+00:00,89406.828125,89406.828125,89083.3671875,89083.3671875,128135168
2026-01-22 14:50:00+00:00,89056.0546875,89284.2421875,89056.0546875,89284.2421875,14716928
2026-01-22 14:55:00+00:00,89263.8828125,89263.8828125,89095.2421875,89121.171875,261918720
2026-01-22 15:00:00+00:00,89030.96875,89152.71875,89030.96875,89129.0703125,45305856
2026-01-22 15:05:00+00:00,89197.7265625,89197.7265625,89090.25,89187.1875,17797120
2026-01-22 15:10:00+00:00,89161.25,89265.7109375,89087.53125,89180.21875,126771200
2026-01-22 15:15:00+00:00,89151.734375,89230.421875,89067.28125,89067.28125,0
2026-01-22 15:20:00+00:00,89116.4765625,89202.171875,89076.609375,89076.609375,106217472
2026-01-22 15:25:00+00:00,88797.8125,88797.8125,88564.4375,88564.4375,162598912
2026-01-22 15:30:00+00:00,88632.890625,88646.2734375,88438.4453125,88507.921875,4516966400
2026-01-22 15:35:00+00:00,88632.3828125,88770.9921875,88632.3828125,88770.9921875,104808448
2026-01-22 15:40:00+00:00,88788.09375,88911.65625,88737.4609375,88911.65625,1154342912
2026-01-22 15:45:00+00:00,89055.25,89260.6484375,89055.25,89106.65625,550637568
2026-01-22 15:50:00+00:00,89093.6484375,89140.984375,88973.3671875,89017.7421875,82333696
2026-01-22 15:55:00+00:00,88870.8359375,88943.0234375,88870.8359375,88943.0234375,42037248
2026-01-22 16:00:00+00:00,88937.2578125,89060.7734375,88937.2578125,89035.4609375,230785024
2026-01-22 16:05:00+00:00,89051.015625,89051.015625,88820.3828125,88820.3828125,679374848
2026-01-22 16:10:00+00:00,88823.9296875,88846.015625,88692.234375,88765.5859375,1716224
2026-01-22 16:15:00+00:00,88748.2109375,88748.2109375,88648.4296875,88648.4296875,420556800
2026-01-22 16:20:00+00:00,88660.40625,89039.1640625,88660.40625,89005.1640625,22466560
2026-01-22 16:25:00+00:00,88988.8359375,89041.3828125,88988.8359375,89004.9375,271384576
2026-01-22 16:30:00+00:00,88880.3125,89019.8984375,88750.5078125,88750.5078125,212561920
2026-01-22 16:35:00+00:00,88739.2109375,88921.5703125,88712.4765625,88921.5703125,114487296
2026-01-22 16:40:00+00:00,88830.015625,88865.703125,88786.6171875,88865.703125,132546560
2026-01-22 16:45:00+00:00,88874.265625,89120.75,88874.265625,89120.75,5468160
2026-01-22 16:50:00+00:00,89039.4140625,89039.4140625,88891.4765625,88891.4765625,101363712
2026-01-22 16:55:00+00:00,88909.484375,88928.8515625,88856.71875,88906.21875,682962944
