Date,Open,High,Low,Close,Volume
2025-11-23 18:00:00+00:00,86709.5,87158.65625,86709.5,86961.15625,1483440128
2025-11-23 19:00:00+00:00,86956.6484375,87609.8125,86950.0390625,87326.5,1044574208
2025-11-23 20:00:00+00:00,87303.2734375,87647.09375,87251.2421875,87410.640625,1798660096
2025-11-23 21:00:00+00:00,87460.0859375,87973.9453125,87247.5546875,87973.9453125,1423523840
2025-11-23 22:00:00+00:00,87966.109375,88010.4453125,87595.5546875,87961.4375,295694336
2025-11-23 23:00:00+00:00,87957.5546875,88025.1875,86758.390625,86798.921875,2504142848
2025-11-24 00:00:00+00:00,86794.40625,87106.9453125,86016.3203125,86694.1328125,1670569984
2025-11-24 01:00:00+00:00,86711.3671875,87013.015625,86423.6015625,87013.015625,126472192
2025-11-24 02:00:00+00:00,87032.484375,87987.9921875,87032.484375,87414.140625,1428889600
2025-11-24 03:00:00+00:00,87463.53125,87726.3359375,87195.90625,87344.1484375,555020288
2025-11-24 04:00:00+00:00,87455.5390625,87544.8125,86435.75,86691.2734375,220213248
2025-11-24 05:00:00+00:00,86699.234375,87744.109375,86695.1640625,87377.5546875,1175351296
2025-11-24 06:00:00+00:00,87403.4765625,87441.078125,86845.5,86920.609375,999751680
2025-11-24 07:00:00+00:00,86880.796875,87267.1328125,86721.0078125,86977.4453125,343789568
2025-11-24 08:00:00+00:00,86995.0546875,86995.0546875,86723.7734375,86957.0703125,481656832
2025-11-24 09:00:00+00:00,86949.046875,86949.046875,85858.46875,85968.671875,1094287360
2025-11-24 10:00:00+00:00,85933.015625,86089.3828125,85692.4453125,86053.9140625,1139445760
2025-11-24 11:00:00+00:00,86037.59375,86342.125,85878.03125,86265.734375,39395328
2025-11-24 12:00:00+00:00,86224.1640625,86234.75,85846.25,85928.125,0
2025-11-24 13:00:00+00:00,85968.859375,86497.046875,85968.609375,86084.2734375,3384938496
2025-11-24 14:00:00+00:00,86089.9765625,86404.4375,85279.109375,85833.9765625,685080576
2025-11-24 15:00:00+00:00,86030.171875,86668.375,85980.3125,86539.2578125,1780838400
2025-11-24 16:00:00+00:00,86555.53125,87525.140625,86555.53125,87185.5703125,964018176
2025-11-24 17:00:00+00:00,87272.2421875,88394.140625,86945.7734375,88394.140625,1028988928
2025-11-24 18:00:00+00:00,88452.1328125,88674.8671875,88217.4609375,88674.8671875,2625601536
2025-11-24 19:00:00+00:00,88674.8671875,88792.46875,88146.6328125,88234.0546875,180518912
2025-11-24 20:00:00+00:00,88353.53125,89195.734375,88353.53125,89143.7421875,1915731968
2025-11-24 21:00:00+00:00,89113.6953125,89113.6953125,88731.5859375,88823.078125,297320448
2025-11-24 22:00:00+00:00,88765.8828125,89042.203125,88589.0703125,88699.21875,0
2025-11-24 23:00:00+00:00,88645.390625,88645.390625,88248.4765625,88261.2578125,0
2025-11-25 00:00:00+00:00,88268.5390625,88268.5390625,87857.4453125,88089.46875,0
2025-11-25 01:00:00+00:00,88072.46875,88140.765625,87766.8203125,87766.8203125,0
2025-11-25 02:00:00+00:00,87738.234375,87909.78125,87459.7421875,87853.6953125,0
2025-11-25 03:00:00+00:00,87886.0859375,87957.7734375,87567.5390625,87768.859375,88948736
2025-11-25 04:00:00+00:00,87767.6328125,88457.3359375,87767.6328125,88335.015625,0
2025-11-25 05:00:00+00:00,88336.9296875,88336.9296875,87948.2890625,88097.0546875,0
2025-11-25 06:00:00+00:00,88125.4921875,88125.4921875,87820.0546875,87993.71875,0
2025-11-25 07:00:00+00:00,87982.9140625,88017.796875,87381.484375,87381.484375,239296512
2025-11-25 08:00:00+00:00,87373.609375,87568.5703125,87035.765625,87035.765625,663764992
2025-11-25 09:00:00+00:00,87017.5234375,87217.9609375,86674.8046875,87217.9609375,73392128
2025-11-25 10:00:00+00:00,87206.796875,87393.8984375,86935.90625,87393.8984375,0
2025-11-25 11:00:00+00:00,87395.984375,87502.2265625,87293.546875,87364.375,0
2025-11-25 12:00:00+00:00,87365.5078125,87687.359375,87365.5078125,87508.140625,57962496
2025-11-25 13:00:00+00:00,87490.96875,87651.34375,86888.4921875,87005.359375,111636480
2025-11-25 14:00:00+00:00,87045.8515625,87211.1328125,86144.3515625,86611.1171875,596488192
2025-11-25 15:00:00+00:00,86723.1640625,87238.703125,86223.8828125,86947.859375,55107584
2025-11-25 16:00:00+00:00,86941.890625,87197.4296875,86775.015625,87068.2578125,0
2025-11-25 17:00:00+00:00,87086.2421875,88070.765625,87061.6015625,87681.09375,0
2025-11-25 18:00:00+00:00,87610.7578125,87778.8515625,87241.4765625,87241.4765625,0
2025-11-25 19:00:00+00:00,87223.8984375,87224.3359375,86171.4765625,86819.25,224854016
2025-11-25 20:00:00+00:00,86848.3359375,87396.9609375,86750.7734375,87396.9609375,0
2025-11-25 21:00:00+00:00,87384.8671875,87384.8671875,86977.8984375,87000.9296875,0
2025-11-25 22:00:00+00:00,86999.671875,87610.3671875,86577.890625,87610.3671875,649699328
2025-11-25 23:00:00+00:00,87604.5703125,87764.9609375,87341.6640625,87349.984375,50847744
2025-11-26 00:00:00+00:00,87334.421875,87695.9140625,87311.9375,87512.875,0
2025-11-26 01:00:00+00:00,87539.4296875,88150.796875,87359.5390625,87894.0234375,446685184
2025-11-26 02:00:00+00:00,87877.328125,88014.5859375,87662.296875,87663.3984375,0
2025-11-26 03:00:00+00:00,87670.640625,87827.4375,87063.0546875,87063.0546875,0
2025-11-26 04:00:00+00:00,87133.0859375,87305.71875,86895.28125,87211.8671875,309141504
2025-11-26 05:00:00+00:00,87206.2734375,87667.15625,87206.2734375,87491.5703125,930045952
2025-11-26 06:00:00+00:00,87504.7421875,87830.7734375,87444.578125,87802.03125,56762368
2025-11-26 07:00:00+00:00,87791.75,87920.1640625,87690.421875,87920.1640625,0
2025-11-26 08:00:00+00:00,87905.921875,87905.921875,87393.8359375,87393.8359375,0
2025-11-26 09:00:00+00:00,87393.796875,87405.8046875,86767.2109375,86794.1015625,0
2025-11-26 10:00:00+00:00,86841.7578125,86993.5859375,86671.5390625,86918.8359375,0
2025-11-26 11:00:00+00:00,86922.6953125,87055.5,86839.5546875,87031.1640625,208891904
2025-11-26 12:00:00+00:00,87065.8515625,87128.640625,86406.53125,86642.9453125,109342720
2025-11-26 13:00:00+00:00,86632.0390625,87023.5078125,86572.8046875,87023.5078125,0
2025-11-26 14:00:00+00:00,87023.578125,87577.3359375,86944.7421875,86955.6640625,0
2025-11-26 15:00:00+00:00,86841.265625,87298.0078125,86734.171875,86897.2265625,0
2025-11-26 16:00:00+00:00,86956.9453125,87843.4453125,86956.9453125,87812.828125,2590838784
2025-11-26 17:00:00+00:00,87798.7734375,89942.109375,87731.1015625,89942.109375,3481866240
2025-11-26 18:00:00+00:00,89844.5,90380.8203125,89747.484375,90073.109375,3163189248
2025-11-26 19:00:00+00:00,90129.1796875,90149.2109375,89769.65625,89989.7578125,300044288
2025-11-26 20:00:00+00:00,89908.09375,90047.3046875,89517.3359375,89914.125,715538432
2025-11-26 21:00:00+00:00,89901.2578125,90426.4921875,89830.421875,90179.109375,770740224
2025-11-26 22:00:00+00:00,90160.609375,90568.3671875,90132.9296875,90426.59375,0
2025-11-26 23:00:00+00:00,90396.2578125,90556.921875,90333.125,90522.234375,0
2025-11-27 00:00:00+00:00,90507.96875,90578.8359375,90127.2109375,90478.5390625,261947392
2025-11-27 01:00:00+00:00,90461.3046875,91038.1484375,90461.3046875,91038.1484375,0
2025-11-27 02:00:00+00:00,91157.515625,91862.0,90919.9609375,91397.8046875,4264226816
2025-11-27 03:00:00+00:00,91399.3203125,91593.203125,91078.0703125,91161.3984375,1145913344
2025-11-27 04:00:00+00:00,91138.7421875,91326.1171875,91071.75,91257.5078125,0
2025-11-27 05:00:00+00:00,91260.875,91509.8515625,90941.8046875,90965.2890625,580984832
2025-11-27 06:00:00+00:00,91006.59375,91378.625,90991.15625,91245.71875,102367232
2025-11-27 07:00:00+00:00,91254.203125,91479.1640625,91143.1796875,91395.1015625,237469696
2025-11-27 08:00:00+00:00,91412.6015625,91497.984375,91253.4765625,91493.4140625,159956992
2025-11-27 09:00:00+00:00,91489.3203125,91884.515625,91484.046875,91553.3984375,429678592
2025-11-27 10:00:00+00:00,91556.5078125,91722.1171875,91371.546875,91618.234375,299859968
2025-11-27 11:00:00+00:00,91620.015625,91620.015625,91386.90625,91386.90625,48242688
2025-11-27 12:00:00+00:00,91386.7734375,91423.59375,90975.6484375,90975.6484375,0
2025-11-27 13:00:00+00:00,90969.96875,91050.890625,90489.515625,90935.609375,1362329600
2025-11-27 14:00:00+00:00,90852.921875,90919.015625,90652.3671875,90803.4921875,0
2025-11-27 15:00:00+00:00,90786.6796875,90966.6484375,90654.8203125,90959.4765625,0
2025-11-27 16:00:00+00:00,90927.1953125,91521.3359375,90871.359375,91455.765625,0
2025-11-27 17:00:00+00:00,91454.0703125,91569.078125,91334.0703125,91477.421875,934858752
2025-11-27 18:00:00+00:00,91475.40625,91811.3671875,91388.359375,91792.296875,0
2025-11-27 19:00:00+00:00,91791.7421875,91791.7421875,91517.3125,91537.890625,0
2025-11-27 20:00:00+00:00,91542.53125,91566.296875,91402.390625,91456.75,0
2025-11-27 21:00:00+00:00,91446.2109375,91560.4140625,91275.3671875,91438.140625,0
2025-11-27 22:00:00+00:00,91443.109375,91573.6484375,91223.90625,91304.4765625,0
2025-11-27 23:00:00+00:00,91313.515625,91519.7734375,91223.359375,91287.6015625,0
2025-11-28 00:00:00+00:00,91305.5625,91358.7109375,91111.3671875,91178.859375,0
2025-11-28 01:00:00+00:00,91187.1015625,91187.1015625,90837.4765625,90850.5234375,0
2025-11-28 02:00:00+00:00,90820.7421875,91102.53125,90699.5703125,91082.8515625,0
2025-11-28 03:00:00+00:00,91076.359375,91261.8828125,91003.6484375,91204.703125,0
2025-11-28 04:00:00+00:00,91202.0625,91480.7578125,91127.8203125,91430.71875,0
2025-11-28 05:00:00+00:00,91392.4765625,91677.609375,91327.453125,91636.9921875,0
2025-11-28 06:00:00+00:00,91642.546875,91642.546875,91194.3671875,91317.1484375,0
2025-11-28 07:00:00+00:00,91306.4375,91513.890625,90862.7421875,90895.9609375,0
2025-11-28 08:00:00+00:00,90923.90625,91596.7109375,90923.90625,91590.015625,523505664
2025-11-28 09:00:00+00:00,91599.828125,91813.1171875,91452.671875,91530.359375,0
2025-11-28 10:00:00+00:00,91584.2265625,91835.25,91476.3515625,91805.6953125,0
2025-11-28 11:00:00+00:00,91818.28125,91914.609375,91140.96875,91456.0078125,940085248
2025-11-28 12:00:00+00:00,91454.734375,91595.125,91452.0859375,91491.28125,0
2025-11-28 13:00:00+00:00,91517.6953125,92402.296875,91403.7734375,92181.015625,0
2025-11-28 14:00:00+00:00,92316.4296875,92913.328125,91939.421875,92148.7578125,2933600256
2025-11-28 15:00:00+00:00,92224.3359375,92766.03125,92069.3125,92350.546875,2247561216
2025-11-28 16:00:00+00:00,92365.2421875,92371.3515625,90971.75,90971.75,544002048
2025-11-28 17:00:00+00:00,90948.390625,91172.4296875,90303.6171875,90789.7578125,2112716800
2025-11-28 18:00:00+00:00,90624.46875,90925.625,90472.5625,90754.46875,682242048
2025-11-28 19:00:00+00:00,90841.6875,91193.1328125,90841.6875,91164.7421875,2214293504
2025-11-28 20:00:00+00:00,91170.484375,91220.0703125,90901.578125,91190.1015625,228159488
2025-11-28 21:00:00+00:00,91207.796875,91271.703125,90999.8359375,91001.5859375,0
2025-11-28 22:00:00+00:00,90907.2109375,91002.765625,90777.890625,90939.7265625,110141440
2025-11-29 19:00:00+00:00,90830.34375,90855.1484375,90761.2890625,90761.2890625,0
2025-12-01 07:00:00+00:00,86266.390625,86548.6796875,86196.921875,86533.8359375,23061065728
2025-12-01 08:00:00+00:00,86536.78125,86847.7734375,86422.1875,86847.7734375,524853248
2025-12-01 09:00:00+00:00,86866.2109375,86896.9453125,86587.5078125,86716.6953125,263401472
2025-12-01 10:00:00+00:00,86726.046875,86796.2734375,86564.8359375,86638.0703125,807399424
2025-12-01 11:00:00+00:00,86644.25,86646.1171875,86227.578125,86227.578125,747626496
2025-12-01 12:00:00+00:00,86137.1484375,86156.4921875,84817.421875,85484.3046875,90808320
2025-12-01 13:00:00+00:00,85461.046875,86088.3203125,85418.2890625,86006.6015625,1751769088
2025-12-01 14:00:00+00:00,85983.1171875,86580.734375,85942.140625,86161.53125,3965136896
2025-12-01 15:00:00+00:00,86044.4921875,86061.4921875,83909.734375,84637.1953125,4063100928
2025-12-01 16:00:00+00:00,84653.6015625,85358.1328125,84104.4921875,84513.078125,3634044928
2025-12-01 17:00:00+00:00,84529.6953125,85260.0859375,84478.2578125,84953.6953125,2091474944
2025-12-01 18:00:00+00:00,84933.296875,85477.53125,84732.265625,85179.3203125,1276346368
2025-12-01 19:00:00+00:00,85218.265625,85239.2890625,84654.0078125,85033.78125,2018066432
2025-12-01 20:00:00+00:00,85021.875,85813.5859375,85021.875,85469.125,1664278528
2025-12-01 21:00:00+00:00,85455.1796875,86450.90625,85455.1796875,86425.0703125,1892753408
2025-12-01 22:00:00+00:00,86440.8828125,86853.6796875,86381.71875,86648.2578125,841400320
2025-12-01 23:00:00+00:00,86599.984375,86822.59375,86298.8203125,86305.8984375,106921984
2025-12-02 00:00:00+00:00,86306.09375,86620.84375,86205.09375,86503.796875,0
2025-12-02 01:00:00+00:00,86519.75,87272.2734375,86398.6953125,86440.8515625,0
2025-12-02 02:00:00+00:00,86449.2734375,86859.3515625,86336.3046875,86583.1953125,0
2025-12-02 03:00:00+00:00,86547.4765625,87005.375,86223.6015625,86956.0703125,0
2025-12-02 04:00:00+00:00,86961.7109375,87218.3828125,86926.828125,86970.6328125,0
2025-12-02 05:00:00+00:00,86974.765625,87075.4921875,86857.1484375,86997.5390625,0
2025-12-02 06:00:00+00:00,87012.4140625,87173.859375,86899.1015625,87106.515625,0
2025-12-02 07:00:00+00:00,87118.578125,87118.734375,86917.609375,87032.6953125,0
2025-12-02 08:00:00+00:00,87039.8359375,87039.8359375,86408.96875,86408.96875,0
2025-12-02 09:00:00+00:00,86509.9609375,86943.859375,86509.9609375,86742.0703125,0
2025-12-02 10:00:00+00:00,86753.5234375,87490.9765625,86753.5234375,87301.625,0
2025-12-02 11:00:00+00:00,87298.359375,87553.921875,87037.6875,87395.390625,2308128768
2025-12-02 12:00:00+00:00,87381.4140625,87505.84375,87250.3671875,87250.3671875,0
2025-12-02 13:00:00+00:00,87284.8671875,87841.1953125,87114.8359375,87841.1953125,0
2025-12-02 14:00:00+00:00,87779.3984375,89221.328125,87667.4140625,89157.0625,2447892480
2025-12-02 15:00:00+00:00,89255.9140625,91084.7265625,89255.9140625,90948.328125,2543419392
2025-12-02 16:00:00+00:00,90928.65625,91220.0546875,90316.7734375,90902.4296875,0
2025-12-02 17:00:00+00:00,90833.2421875,91945.46875,90833.2421875,91497.4296875,2102452224
2025-12-02 18:00:00+00:00,91494.40625,92193.4921875,91494.40625,91862.984375,0
2025-12-02 19:00:00+00:00,91963.6171875,92309.515625,91943.3828125,91951.6484375,2146222080
2025-12-02 20:00:00+00:00,91945.8359375,91945.8359375,90821.234375,91046.8828125,1333592064
2025-12-02 21:00:00+00:00,91119.1328125,91654.3515625,91053.6484375,91613.0,0
2025-12-02 22:00:00+00:00,91635.1796875,92003.703125,91600.859375,92003.703125,0
2025-12-02 23:00:00+00:00,92004.703125,92004.703125,91360.6640625,91360.6640625,483549184
2025-12-03 00:00:00+00:00,91345.3125,91741.6640625,91080.0,91588.7421875,0
2025-12-03 01:00:00+00:00,91632.609375,92359.796875,91542.7109375,92189.578125,47554560
2025-12-03 02:00:00+00:00,92237.671875,92973.796875,92237.671875,92814.484375,2008293376
2025-12-03 03:00:00+00:00,92813.1328125,92945.15625,92661.3515625,92738.0703125,22814720
2025-12-03 04:00:00+00:00,92710.0703125,93418.109375,92694.1328125,93418.109375,900497408
2025-12-03 05:00:00+00:00,93369.4765625,93640.78125,93212.015625,93640.78125,1866670080
2025-12-03 06:00:00+00:00,93703.5234375,93935.609375,93221.65625,93420.2109375,1514610688
2025-12-03 07:00:00+00:00,93438.7109375,93438.7109375,92960.828125,93009.0,1506877440
2025-12-03 08:00:00+00:00,93019.3515625,93154.8125,92728.46875,92728.46875,0
2025-12-03 09:00:00+00:00,92758.1953125,93182.9296875,92758.1953125,93182.9296875,0
2025-12-03 10:00:00+00:00,93209.25,93380.3203125,92923.8125,92928.59375,2962178048
2025-12-03 11:00:00+00:00,92938.109375,93041.4921875,92788.8984375,93030.828125,0
2025-12-03 12:00:00+00:00,93030.1171875,93087.4375,92740.609375,92976.1953125,45260800
2025-12-03 13:00:00+00:00,92953.1328125,93236.265625,92953.1328125,93145.3984375,0
2025-12-03 14:00:00+00:00,93166.890625,93554.9296875,91883.2109375,92663.9140625,890290176
2025-12-03 15:00:00+00:00,92479.0703125,92987.9453125,92018.0390625,92391.71875,0
2025-12-03 16:00:00+00:00,92380.34375,92731.96875,91878.703125,92271.6875,0
2025-12-03 17:00:00+00:00,92276.625,93032.640625,92276.625,93017.203125,0
2025-12-03 18:00:00+00:00,92981.7421875,93486.4921875,92430.9296875,92572.125,0
2025-12-03 19:00:00+00:00,92612.4375,93089.234375,92585.0546875,93015.546875,0
2025-12-03 20:00:00+00:00,93034.28125,93309.734375,92865.453125,92913.59375,0
2025-12-03 21:00:00+00:00,92971.890625,93679.609375,92911.6796875,93679.609375,0
2025-12-03 22:00:00+00:00,93744.78125,93932.9453125,93351.6953125,93818.34375,1382498304
2025-12-03 23:00:00+00:00,93805.984375,94049.6953125,93522.734375,93592.453125,80134144
2025-12-04 00:00:00+00:00,93463.3828125,93478.859375,92749.1484375,93090.1171875,0
2025-12-04 01:00:00+00:00,93073.5859375,93700.109375,93045.6953125,93202.7578125,0
2025-12-04 02:00:00+00:00,93209.8046875,94010.6796875,93197.5,93982.4140625,0
2025-12-04 03:00:00+00:00,93972.65625,94022.4765625,93464.7421875,93546.546875,0
2025-12-04 04:00:00+00:00,93553.65625,93553.65625,93267.125,93326.0859375,0
2025-12-04 05:00:00+00:00,93345.90625,93376.7578125,92821.0625,92989.1953125,0
2025-12-04 06:00:00+00:00,93005.1875,93364.609375,92891.6875,93149.25,0
2025-12-04 07:00:00+00:00,93169.0703125,93395.09375,92952.921875,93395.09375,0
2025-12-04 08:00:00+00:00,93405.609375,93591.2109375,93121.6875,93218.3046875,0
2025-12-04 09:00:00+00:00,93291.3671875,93599.9375,93291.3671875,93494.8828125,0
2025-12-04 10:00:00+00:00,93510.8984375,93563.9765625,93205.2890625,93264.0234375,0
2025-12-04 11:00:00+00:00,93262.5078125,93293.765625,92797.765625,92943.4375,0
2025-12-04 12:00:00+00:00,92966.2734375,93165.9921875,92817.171875,93040.796875,0
2025-12-04 13:00:00+00:00,93000.0703125,93018.1640625,92485.859375,92558.546875,77438976
2025-12-04 14:00:00+00:00,92538.390625,92805.6953125,91905.4375,91918.953125,0
2025-12-04 15:00:00+00:00,92013.609375,93060.65625,92013.609375,93007.4921875,155361280
2025-12-04 16:00:00+00:00,92941.8984375,93165.234375,92308.2421875,92479.0625,0
2025-12-04 17:00:00+00:00,92461.078125,92504.4140625,91830.0546875,92425.2890625,173293568
2025-12-04 18:00:00+00:00,92421.8671875,92544.4921875,92010.1484375,92071.109375,0
2025-12-04 19:00:00+00:00,92144.0234375,92164.59375,90978.71875,92028.8671875,2098388992
2025-12-04 20:00:00+00:00,92067.2890625,92529.390625,91771.90625,92529.390625,0
2025-12-04 21:00:00+00:00,92514.6640625,92663.65625,92156.4296875,92172.4453125,0
2025-12-04 22:00:00+00:00,92172.4453125,92484.6484375,92172.4453125,92419.203125,0
2025-12-04 23:00:00+00:00,92399.1796875,92442.7734375,92115.8828125,92146.9921875,0
2025-12-05 00:00:00+00:00,92139.3359375,92475.6796875,92103.9453125,92292.671875,0
2025-12-05 01:00:00+00:00,92309.9765625,92603.4765625,92297.5859375,92387.2578125,0
2025-12-05 02:00:00+00:00,92382.46875,92702.640625,92282.9453125,92544.34375,0
2025-12-05 03:00:00+00:00,92547.1875,92638.6015625,92070.9296875,92150.609375,0
2025-12-05 04:00:00+00:00,92172.640625,92385.453125,91862.125,92048.828125,225943552
2025-12-05 05:00:00+00:00,92044.4765625,92196.734375,91918.03125,91938.3515625,0
2025-12-05 06:00:00+00:00,91944.078125,92288.828125,91944.078125,92288.828125,0
2025-12-05 07:00:00+00:00,92288.3203125,92496.078125,92246.5234375,92246.8359375,0
2025-12-05 08:00:00+00:00,92257.3515625,92257.3515625,91977.078125,92103.515625,0
2025-12-05 09:00:00+00:00,92124.5078125,92128.2734375,91051.4765625,91147.0546875,958406656
2025-12-05 10:00:00+00:00,91159.8125,91481.359375,91131.265625,91353.8203125,396427264
2025-12-05 11:00:00+00:00,91321.21875,91538.3828125,91189.0546875,91395.03125,0
2025-12-05 12:00:00+00:00,91381.8046875,91422.6640625,91155.390625,91262.7890625,66285568
2025-12-05 13:00:00+00:00,91255.4921875,91347.5078125,90332.375,90573.9140625,50393088
2025-12-05 14:00:00+00:00,90513.0703125,90744.578125,90010.3359375,90270.2109375,883863552
2025-12-05 15:00:00+00:00,90292.03125,91399.390625,90292.03125,90320.109375,359223296
2025-12-05 16:00:00+00:00,90453.953125,90453.953125,88232.8828125,88878.6875,3293970432
2025-12-05 17:00:00+00:00,88900.9296875,89487.3359375,88689.8359375,89371.1640625,732663808
2025-12-05 18:00:00+00:00,89368.71875,89803.1015625,88983.4921875,89003.90625,522678272
2025-12-05 19:00:00+00:00,88979.6328125,89802.9609375,88910.5703125,89725.2890625,0
2025-12-05 20:00:00+00:00,89680.0625,89727.28125,89277.46875,89336.2421875,360071168
2025-12-05 21:00:00+00:00,89323.0625,89491.9921875,89120.3984375,89184.6640625,435535872
2025-12-05 22:00:00+00:00,89188.171875,89368.6796875,88944.9453125,89297.1875,97525760
2025-12-05 23:00:00+00:00,89282.65625,89384.484375,88977.3203125,89381.8515625,0
2025-12-06 00:00:00+00:00,89360.8359375,89449.546875,89092.0390625,89448.2578125,206573568
2025-12-06 01:00:00+00:00,89440.5703125,89489.546875,89255.46875,89320.0,0
2025-12-06 02:00:00+00:00,89319.875,89346.7578125,89234.9140625,89343.7890625,0
2025-12-06 03:00:00+00:00,89367.6171875,89793.8984375,89367.6171875,89709.21875,420872192
2025-12-06 04:00:00+00:00,89705.296875,89711.7265625,89583.3671875,89711.7265625,0
2025-12-06 05:00:00+00:00,89693.109375,89751.2109375,89567.1328125,89628.9765625,0
2025-12-06 06:00:00+00:00,89627.8828125,89771.8359375,89567.5390625,89693.375,0
2025-12-06 07:00:00+00:00,89711.578125,89719.953125,89501.703125,89638.171875,0
2025-12-06 08:00:00+00:00,89627.609375,89630.9921875,89290.7734375,89337.828125,51716096
2025-12-06 09:00:00+00:00,89319.796875,89677.1328125,89308.1875,89629.75,0
2025-12-06 10:00:00+00:00,89620.6015625,89693.6328125,89524.9375,89554.4921875,0
2025-12-06 11:00:00+00:00,89526.3125,89729.40625,89526.3125,89648.8359375,174460928
2025-12-06 12:00:00+00:00,89659.328125,89666.484375,89593.234375,89604.390625,0
2025-12-06 13:00:00+00:00,89598.6015625,89778.234375,89598.6015625,89691.0546875,0
2025-12-06 14:00:00+00:00,89682.421875,90174.3359375,89676.25,90050.109375,0
2025-12-06 15:00:00+00:00,90045.5703125,90045.5703125,89582.7421875,89885.171875,0
2025-12-06 16:00:00+00:00,89779.0546875,89985.5703125,89714.890625,89733.109375,0
2025-12-06 17:00:00+00:00,89730.1484375,89816.3828125,89672.0546875,89713.203125,0
2025-12-06 18:00:00+00:00,89722.0,89787.09375,89599.5546875,89657.1171875,0
2025-12-06 19:00:00+00:00,89663.1953125,89749.1484375,89350.9453125,89433.890625,0
2025-12-06 20:00:00+00:00,89433.6015625,89570.984375,89366.1796875,89570.984375,0
2025-12-06 21:00:00+00:00,89565.4609375,89604.9296875,89444.609375,89479.1875,0
2025-12-06 22:00:00+00:00,89458.59375,89538.8828125,89300.4921875,89326.234375,0
2025-12-06 23:00:00+00:00,89310.046875,89331.578125,88981.4921875,89270.5859375,259080192
2025-12-07 00:00:00+00:00,89257.46875,89549.46875,89225.390625,89499.3984375,0
2025-12-07 01:00:00+00:00,89458.8515625,89596.4375,89378.28125,89378.28125,0
2025-12-07 02:00:00+00:00,89348.90625,89670.8125,89348.90625,89670.8125,0
2025-12-07 03:00:00+00:00,89640.296875,89750.2890625,89586.09375,89732.3203125,0
2025-12-07 04:00:00+00:00,89736.515625,89806.9375,89517.1328125,89568.5859375,236564480
2025-12-07 05:00:00+00:00,89570.1640625,89590.1171875,89468.0078125,89535.3203125,0
2025-12-07 06:00:00+00:00,89524.71875,89701.53125,89520.2109375,89693.625,78209024
2025-12-07 07:00:00+00:00,89702.7578125,89755.9921875,89260.28125,89367.4921875,0
2025-12-07 08:00:00+00:00,89382.1328125,89524.8515625,89229.546875,89328.65625,0
2025-12-07 09:00:00+00:00,89341.5,89395.4921875,89098.2734375,89152.0703125,0
2025-12-07 10:00:00+00:00,89137.875,89374.3125,89137.875,89295.9296875,62070784
2025-12-07 11:00:00+00:00,89272.703125,89281.90625,89192.921875,89199.75,0
2025-12-07 12:00:00+00:00,89201.8125,89582.8671875,89167.6328125,89491.4375,57413632
2025-12-07 13:00:00+00:00,89491.7421875,89524.6953125,88948.6640625,89086.1953125,588152832
2025-12-07 14:00:00+00:00,89070.71875,89096.5703125,87823.5,88224.4140625,1236549632
2025-12-07 15:00:00+00:00,88250.9609375,89635.671875,88206.3515625,89498.5859375,1544073216
2025-12-07 16:00:00+00:00,89587.203125,89675.546875,89199.21875,89675.546875,1127821312
2025-12-07 17:00:00+00:00,89772.421875,91173.875,89665.6640625,90995.703125,3157397504
2025-12-07 18:00:00+00:00,90990.34375,91719.8515625,90990.34375,91386.5234375,1838891008
2025-12-07 19:00:00+00:00,91387.40625,91545.7109375,91279.0,91367.9921875,0
2025-12-07 20:00:00+00:00,91401.015625,91504.9296875,91365.9765625,91456.53125,210132992
2025-12-07 21:00:00+00:00,91454.2265625,91454.2265625,89961.5078125,90123.9375,221388800
2025-12-07 22:00:00+00:00,90157.8515625,90173.6875,89150.5390625,89670.59375,2868666368
2025-12-07 23:00:00+00:00,89628.4609375,90345.4609375,89583.765625,90320.2421875,691253248
2025-12-08 00:00:00+00:00,90426.9453125,90602.1484375,90006.03125,90422.671875,1128091648
2025-12-08 01:00:00+00:00,90354.796875,91670.484375,90354.796875,90906.8671875,1658298368
2025-12-08 02:00:00+00:00,90910.8203125,91440.1484375,90863.015625,91429.0625,1001168896
2025-12-08 03:00:00+00:00,91379.65625,91419.4296875,91010.359375,91126.984375,1164009472
2025-12-08 04:00:00+00:00,91132.6875,91452.6015625,91092.9921875,91271.1640625,38129664
2025-12-08 05:00:00+00:00,91294.0234375,91416.03125,91087.1484375,91349.4375,593805312
2025-12-08 06:00:00+00:00,91338.0859375,91635.78125,91253.8828125,91454.828125,792178688
2025-12-08 07:00:00+00:00,91457.5390625,91810.265625,91390.7265625,91544.1953125,515788800
2025-12-08 08:00:00+00:00,91565.6328125,91885.7421875,91526.875,91830.4765625,204132352
2025-12-08 09:00:00+00:00,91842.125,92255.546875,91842.125,91953.1640625,1536200704
2025-12-08 10:00:00+00:00,91937.0,92216.90625,91863.328125,92147.109375,491900928
2025-12-08 11:00:00+00:00,92151.6953125,92182.3828125,91902.2109375,92000.78125,197328896
2025-12-08 12:00:00+00:00,91982.6640625,91982.6640625,91751.125,91796.140625,619315200
2025-12-08 13:00:00+00:00,91791.28125,92099.34375,91429.8359375,91429.8359375,0
2025-12-08 14:00:00+00:00,91448.625,91615.046875,90846.3125,90846.3125,671834112
2025-12-08 15:00:00+00:00,90882.3359375,90923.125,89689.6640625,90054.5625,2128613376
2025-12-08 16:00:00+00:00,89910.1796875,90440.8515625,89753.640625,89968.3125,826658816
2025-12-08 17:00:00+00:00,89954.265625,90282.9609375,89765.7578125,90282.9609375,0
2025-12-08 18:00:00+00:00,90242.078125,90486.9453125,89760.9296875,89760.9296875,0
2025-12-08 19:00:00+00:00,89870.453125,90328.765625,89870.453125,90099.9375,1347035136
2025-12-08 20:00:00+00:00,90125.0390625,90914.5546875,90125.0390625,90736.6796875,1129852928
2025-12-08 21:00:00+00:00,90812.7890625,91379.140625,90734.3125,91379.140625,0
2025-12-08 22:00:00+00:00,91336.2890625,91336.2890625,90776.5390625,90793.1796875,0
2025-12-08 23:00:00+00:00,90832.390625,90993.421875,90523.0625,90617.3984375,0
2025-12-09 00:00:00+00:00,90644.140625,90820.96875,90380.578125,90410.28125,0
2025-12-09 01:00:00+00:00,90412.0625,90552.28125,90017.4296875,90081.6171875,0
2025-12-09 02:00:00+00:00,90084.9296875,90367.6328125,90056.03125,90106.9296875,0
2025-12-09 03:00:00+00:00,90072.609375,90438.3515625,89830.9375,90435.75,1202860032
2025-12-09 04:00:00+00:00,90412.375,90503.96875,89781.4765625,89945.96875,654217216
2025-12-09 05:00:00+00:00,89930.3828125,90194.296875,89586.9765625,89924.875,630419456
2025-12-09 06:00:00+00:00,89920.8125,90202.3984375,89808.2890625,90169.5390625,0
2025-12-09 07:00:00+00:00,90185.8359375,90524.1484375,90111.4609375,90480.9765625,54607872
2025-12-09 08:00:00+00:00,90477.609375,90595.03125,90453.140625,90487.265625,102821888
2025-12-09 09:00:00+00:00,90493.1484375,90499.0078125,90156.625,90156.625,0
2025-12-09 10:00:00+00:00,90155.0859375,90314.78125,90014.7890625,90231.4296875,0
2025-12-09 11:00:00+00:00,90275.46875,90375.5078125,90164.6171875,90375.5078125,209571840
2025-12-09 12:00:00+00:00,90375.3125,90670.171875,90363.2265625,90610.328125,0
2025-12-09 13:00:00+00:00,90599.359375,90826.0625,90229.25,90415.15625,0
2025-12-09 14:00:00+00:00,90418.75,90570.9140625,90051.0625,90243.671875,0
2025-12-09 15:00:00+00:00,90361.7265625,92812.984375,90361.7265625,92724.46875,914980864
2025-12-09 16:00:00+00:00,92656.3828125,94461.84375,92656.3828125,94288.1015625,6740717568
2025-12-09 17:00:00+00:00,94189.546875,94601.5703125,93573.5625,93842.578125,2488238080
2025-12-09 18:00:00+00:00,93874.6796875,94170.453125,93688.421875,93986.015625,386461696
2025-12-09 19:00:00+00:00,93936.5625,94140.6640625,93709.2578125,93815.1640625,132485120
2025-12-09 20:00:00+00:00,93741.5078125,93808.9765625,92819.7109375,93102.7734375,546512896
2025-12-09 21:00:00+00:00,93090.6171875,93220.8359375,92316.5546875,92697.71875,362266624
2025-12-09 22:00:00+00:00,92681.03125,92994.84375,92544.1328125,92921.28125,955392000
2025-12-09 23:00:00+00:00,92903.53125,92969.734375,92584.84375,92685.5234375,0
2025-12-10 00:00:00+00:00,92705.875,92770.34375,92143.8359375,92166.734375,687542272
2025-12-10 01:00:00+00:00,92166.5234375,92406.5703125,92027.890625,92350.9375,0
2025-12-10 02:00:00+00:00,92333.53125,92551.25,92070.703125,92380.78125,401629184
2025-12-10 03:00:00+00:00,92540.0859375,92540.0859375,92357.125,92418.5390625,0
2025-12-10 04:00:00+00:00,92415.859375,92664.28125,92415.40625,92574.15625,1309835264
2025-12-10 05:00:00+00:00,92567.3125,92711.7109375,92564.09375,92608.1328125,0
2025-12-10 06:00:00+00:00,92600.359375,92729.78125,92462.4765625,92708.0390625,0
2025-12-10 07:00:00+00:00,92667.65625,92733.6328125,92509.2734375,92733.6328125,0
2025-12-10 08:00:00+00:00,92778.1796875,92778.1796875,92581.609375,92650.9453125,28663808
2025-12-10 09:00:00+00:00,92638.3046875,92936.8515625,92485.6484375,92936.8515625,0
2025-12-10 10:00:00+00:00,92944.96875,93181.6015625,92188.515625,92388.03125,1535393792
2025-12-10 11:00:00+00:00,92292.828125,92430.4765625,91839.6171875,92112.546875,1394872320
2025-12-10 12:00:00+00:00,92130.1328125,92190.0234375,91857.0546875,92033.6015625,0
2025-12-10 13:00:00+00:00,92007.25,92208.6171875,91971.1953125,92082.21875,0
2025-12-10 14:00:00+00:00,92096.4609375,92096.4609375,91679.7109375,91787.484375,0
2025-12-10 15:00:00+00:00,91810.25,92124.8671875,91676.8984375,92012.4921875,0
2025-12-10 16:00:00+00:00,92072.859375,92579.34375,91956.8125,92173.6953125,0
2025-12-10 17:00:00+00:00,92176.6328125,92479.90625,92140.125,92395.203125,0
2025-12-10 18:00:00+00:00,92400.4375,93013.9453125,92055.921875,92372.96875,0
2025-12-10 19:00:00+00:00,92501.7890625,93128.8515625,92054.2578125,92979.0546875,5123604480
2025-12-10 20:00:00+00:00,92946.1171875,94447.9921875,92449.1953125,92528.1640625,1298399232
2025-12-10 21:00:00+00:00,92490.6015625,92787.4140625,91923.453125,92509.34375,3418726400
2025-12-10 22:00:00+00:00,92372.5,92683.015625,92008.3359375,92578.71875,0
2025-12-10 23:00:00+00:00,92530.5703125,92568.5625,91979.4296875,92055.515625,0
2025-12-11 00:00:00+00:00,92034.4453125,92083.9765625,91148.2890625,91422.4609375,0
2025-12-11 01:00:00+00:00,91415.5546875,91415.5546875,90721.15625,90739.1015625,890335232
2025-12-11 02:00:00+00:00,90709.59375,90709.59375,89915.875,90046.1171875,1868226560
2025-12-11 03:00:00+00:00,90079.1328125,90079.1328125,89494.6875,89905.5078125,1742594048
2025-12-11 04:00:00+00:00,89807.2109375,90489.390625,89768.9375,90489.390625,721903616
2025-12-11 05:00:00+00:00,90466.5078125,90466.5078125,90111.328125,90317.8984375,522092544
2025-12-11 06:00:00+00:00,90327.21875,90433.125,90067.828125,90317.0703125,202948608
2025-12-11 07:00:00+00:00,90331.5859375,90335.8515625,90135.3828125,90258.65625,0
2025-12-11 08:00:00+00:00,90257.734375,90268.8125,90008.578125,90186.234375,0
2025-12-11 09:00:00+00:00,90202.7421875,90488.09375,90202.7421875,90224.1015625,183967744
2025-12-11 10:00:00+00:00,90243.7578125,90354.4375,90206.875,90353.875,0
2025-12-11 11:00:00+00:00,90346.34375,90413.6328125,90237.296875,90276.5078125,0
2025-12-11 12:00:00+00:00,90277.78125,90386.4609375,90130.203125,90130.203125,0
2025-12-11 13:00:00+00:00,90053.328125,90145.8984375,89924.1640625,90096.8203125,27492352
2025-12-11 14:00:00+00:00,90097.578125,90426.84375,89341.171875,89595.6015625,0
2025-12-11 15:00:00+00:00,89458.125,90585.953125,89458.125,89825.3515625,2575290368
2025-12-11 16:00:00+00:00,89912.9921875,90105.46875,89395.0,89662.6328125,0
2025-12-11 17:00:00+00:00,89718.21875,90261.140625,89697.546875,89994.71875,0
2025-12-11 18:00:00+00:00,89980.2890625,91163.2734375,89954.9140625,90654.0859375,0
2025-12-11 19:00:00+00:00,90768.984375,91511.421875,90632.4765625,90834.9921875,0
2025-12-11 20:00:00+00:00,90874.296875,91813.8203125,90874.296875,91813.8203125,0
2025-12-11 21:00:00+00:00,91794.125,93512.1796875,91762.796875,92885.890625,2230702080
2025-12-11 22:00:00+00:00,92900.546875,93069.6328125,92206.734375,92450.28125,0
2025-12-11 23:00:00+00:00,92418.9765625,92795.046875,92418.9765625,92516.328125,1818030080
2025-12-12 00:00:00+00:00,92522.484375,92647.03125,91893.4921875,91893.4921875,0
2025-12-12 01:00:00+00:00,91506.9921875,92266.8203125,91506.9921875,92131.1484375,207601664
2025-12-12 02:00:00+00:00,92166.7421875,92726.8359375,91996.1328125,92582.3359375,0
2025-12-12 03:00:00+00:00,92599.2421875,92720.140625,92233.046875,92317.5390625,0
2025-12-12 04:00:00+00:00,92323.609375,92414.546875,92174.0859375,92391.1796875,0
2025-12-12 05:00:00+00:00,92392.640625,92502.4765625,92108.0234375,92455.7890625,0
2025-12-12 06:00:00+00:00,92455.3984375,92720.09375,92439.203125,92528.6484375,783388672
2025-12-12 07:00:00+00:00,92532.3984375,92556.4921875,92297.6328125,92448.7109375,2303827968
2025-12-12 08:00:00+00:00,92460.8125,92460.8125,92194.46875,92301.8671875,1168453632
2025-12-12 09:00:00+00:00,92348.65625,92537.0703125,92140.4375,92537.0703125,1281175552
2025-12-12 10:00:00+00:00,92584.921875,92623.703125,92434.1015625,92543.1796875,1446789120
2025-12-12 11:00:00+00:00,92525.0,92525.0,92332.0,92395.375,1522884608
2025-12-12 12:00:00+00:00,92415.5703125,92415.5703125,92110.3671875,92402.03125,0
2025-12-12 13:00:00+00:00,92435.4921875,92507.53125,92294.7265625,92323.40625,2539741184
2025-12-12 14:00:00+00:00,92310.171875,92589.546875,92012.8671875,92588.9921875,919822336
2025-12-12 15:00:00+00:00,92314.484375,92344.53125,89817.984375,89817.984375,3051659264
2025-12-12 16:00:00+00:00,89972.2265625,90408.1171875,89546.15625,89982.59375,4424622080
2025-12-12 17:00:00+00:00,90123.296875,90563.484375,89924.5234375,90056.2265625,1558151168
2025-12-12 18:00:00+00:00,90084.46875,90672.5546875,90084.46875,90354.390625,2403155968
2025-12-12 19:00:00+00:00,90378.890625,90378.890625,90068.8515625,90169.8515625,1225531392
2025-12-12 20:00:00+00:00,90218.3828125,90322.6640625,89926.5234375,90212.9296875,467247104
2025-12-12 21:00:00+00:00,90227.9921875,90337.609375,90162.671875,90238.5859375,0
2025-12-12 22:00:00+00:00,90205.0703125,90379.5078125,90205.0703125,90334.3203125,0
2025-12-12 23:00:00+00:00,90340.234375,90410.109375,90265.09375,90265.09375,0
2025-12-13 00:00:00+00:00,90279.3203125,90417.578125,90242.75,90349.96875,727605248
2025-12-13 01:00:00+00:00,90329.203125,90370.7421875,90128.15625,90206.3203125,108183552
2025-12-13 02:00:00+00:00,90247.8359375,90317.4140625,90241.2734375,90241.2734375,440655872
2025-12-13 03:00:00+00:00,90245.609375,90433.8671875,90225.1328125,90344.0859375,387940352
2025-12-13 04:00:00+00:00,90359.953125,90416.1171875,90312.453125,90397.828125,778256384
2025-12-13 05:00:00+00:00,90394.21875,90394.5703125,90290.546875,90351.421875,655106048
2025-12-13 06:00:00+00:00,90354.671875,90376.5078125,90293.5,90368.75,0
2025-12-13 07:00:00+00:00,90358.640625,90409.7421875,90346.265625,90350.359375,0
2025-12-13 08:00:00+00:00,90351.9921875,90550.359375,90335.203125,90441.3203125,0
2025-12-13 09:00:00+00:00,90462.6796875,90515.359375,90413.4375,90413.4375,0
2025-12-13 10:00:00+00:00,90419.4453125,90644.8359375,90419.4453125,90581.6640625,0
2025-12-13 11:00:00+00:00,90588.3203125,90621.734375,90335.796875,90355.0390625,270860288
2025-12-13 12:00:00+00:00,90361.4375,90488.75,90314.859375,90368.203125,0
2025-12-13 13:00:00+00:00,90430.8828125,90457.421875,90240.4609375,90272.125,0
2025-12-13 14:00:00+00:00,90310.5234375,90310.5234375,89988.046875,90121.3125,0
2025-12-13 15:00:00+00:00,90154.296875,90301.8515625,90066.53125,90119.0390625,0
2025-12-13 16:00:00+00:00,90119.0390625,90260.7734375,90072.421875,90115.046875,0
2025-12-13 17:00:00+00:00,90115.609375,90115.609375,90017.15625,90065.71875,0
2025-12-13 18:00:00+00:00,90074.71875,90192.3125,90074.71875,90131.875,0
2025-12-13 19:00:00+00:00,90146.390625,90246.9921875,90126.2109375,90215.390625,0
2025-12-13 20:00:00+00:00,90223.625,90235.8984375,90107.0859375,90107.0859375,0
2025-12-13 21:00:00+00:00,90112.8203125,90195.25,89828.6484375,90181.5546875,0
2025-12-13 22:00:00+00:00,90186.9375,90237.296875,90071.8515625,90113.3125,0
2025-12-13 23:00:00+00:00,90108.4921875,90297.0078125,90108.4921875,90297.0078125,0
2025-12-14 00:00:00+00:00,90264.171875,90490.1953125,90168.09375,90375.453125,332292096
2025-12-14 01:00:00+00:00,90386.1328125,90461.3125,90225.3125,90319.1015625,96505856
2025-12-14 02:00:00+00:00,90316.578125,90405.875,90280.171875,90323.59375,417792
2025-12-14 03:00:00+00:00,90320.8515625,90324.6796875,90272.6171875,90272.6171875,0
2025-12-14 04:00:00+00:00,90274.3125,90342.4140625,90178.4765625,90207.453125,0
2025-12-14 05:00:00+00:00,90183.8828125,90234.3671875,90101.96875,90218.28125,384671744
2025-12-14 06:00:00+00:00,90217.828125,90244.5625,90113.078125,90173.15625,480243712
2025-12-14 07:00:00+00:00,90181.9765625,90288.546875,90120.09375,90260.6328125,0
2025-12-14 08:00:00+00:00,90260.5,90287.25,90149.34375,90149.5078125,0
2025-12-14 09:00:00+00:00,90139.5625,90165.7734375,90022.8203125,90039.96875,6338183168
2025-12-14 10:00:00+00:00,90038.5859375,90116.9765625,89863.0078125,89864.765625,0
2025-12-14 11:00:00+00:00,89845.625,89845.625,88899.2578125,89386.75,0
2025-12-14 12:00:00+00:00,89415.796875,89654.21875,89164.328125,89447.1640625,0
2025-12-14 13:00:00+00:00,89432.921875,89432.921875,89214.140625,89401.4375,0
2025-12-14 14:00:00+00:00,89490.6484375,89551.3359375,88951.3515625,89109.390625,0
2025-12-14 15:00:00+00:00,89118.7265625,89154.0078125,88947.625,89052.140625,0
2025-12-14 16:00:00+00:00,89044.1875,89338.21875,88704.8515625,88704.8515625,0
2025-12-14 17:00:00+00:00,88847.890625,89028.6484375,88677.109375,88855.9921875,0
2025-12-14 18:00:00+00:00,88835.140625,89060.125,88766.9765625,89028.4609375,0
2025-12-14 19:00:00+00:00,89021.8203125,89021.8203125,88547.8125,88605.0546875,0
2025-12-14 20:00:00+00:00,88660.578125,88823.515625,88433.390625,88593.5078125,0
2025-12-14 21:00:00+00:00,88584.515625,88711.9140625,88464.671875,88473.1015625,0
2025-12-14 22:00:00+00:00,88469.046875,88581.640625,88088.28125,88380.984375,0
2025-12-14 23:00:00+00:00,88514.953125,88514.953125,87638.3203125,88172.1484375,0
2025-12-15 00:00:00+00:00,88167.90625,88632.359375,88130.1640625,88491.96875,0
2025-12-15 01:00:00+00:00,88528.703125,89334.4921875,88452.6328125,89222.875,0
2025-12-15 02:00:00+00:00,89263.765625,89983.921875,89263.765625,89333.046875,0
2025-12-15 03:00:00+00:00,89325.1953125,89529.25,89255.6484375,89300.5546875,0
2025-12-15 04:00:00+00:00,89286.5859375,89757.4140625,89286.5859375,89705.4609375,0
2025-12-15 05:00:00+00:00,89665.2890625,89743.8125,89503.6640625,89609.96875,0
2025-12-15 06:00:00+00:00,89618.0390625,89899.2421875,89497.828125,89762.5234375,0
2025-12-15 07:00:00+00:00,89761.3828125,89828.03125,89544.40625,89765.875,0
2025-12-15 08:00:00+00:00,89752.6796875,89908.265625,89675.40625,89798.7578125,0
2025-12-15 09:00:00+00:00,89803.671875,89950.6796875,89803.671875,89866.8125,0
2025-12-15 10:00:00+00:00,89882.359375,89975.203125,89749.6171875,89862.7734375,384565248
2025-12-15 11:00:00+00:00,89865.4375,89886.6015625,89589.8671875,89653.140625,0
2025-12-15 12:00:00+00:00,89651.890625,89753.9296875,89439.8359375,89702.4375,0
2025-12-15 13:00:00+00:00,89701.546875,89722.1875,89297.6328125,89452.8984375,406751232
2025-12-15 14:00:00+00:00,89445.328125,89834.75,87956.8828125,88136.921875,975976448
2025-12-15 15:00:00+00:00,88091.3828125,88091.3828125,86681.4453125,86956.4140625,5710870528
2025-12-15 16:00:00+00:00,86872.3515625,87156.4296875,86217.7578125,86324.3125,2532503552
2025-12-15 17:00:00+00:00,86409.109375,86449.9140625,85630.5234375,85712.1484375,1740865536
2025-12-15 18:00:00+00:00,85738.8671875,86239.7265625,85337.203125,86227.8515625,1902190592
2025-12-15 19:00:00+00:00,86197.875,86490.5546875,85924.8984375,86203.125,2213670912
2025-12-15 20:00:00+00:00,86132.421875,86152.84375,85645.6953125,85892.359375,594681856
2025-12-15 21:00:00+00:00,85818.1640625,86236.46875,85570.0859375,86236.46875,0
2025-12-15 22:00:00+00:00,86205.6171875,86211.7421875,85859.3515625,86163.25,1293418496
2025-12-15 23:00:00+00:00,86238.8125,86444.1484375,86155.390625,86422.1875,0
2025-12-16 00:00:00+00:00,86424.4375,86496.2890625,85874.703125,85874.703125,0
2025-12-16 01:00:00+00:00,85773.46875,86139.359375,85696.125,85904.03125,0
2025-12-16 02:00:00+00:00,85913.15625,86190.765625,85834.234375,85878.828125,0
2025-12-16 03:00:00+00:00,85923.265625,86002.703125,85568.0546875,85837.78125,1979572224
2025-12-16 04:00:00+00:00,85837.78125,85862.765625,85381.6875,85800.59375,456720384
2025-12-16 05:00:00+00:00,85804.640625,86160.6484375,85804.640625,85996.9921875,213884928
2025-12-16 06:00:00+00:00,86008.203125,86556.953125,86008.203125,86542.5625,363614208
2025-12-16 07:00:00+00:00,86496.9921875,86563.328125,85891.96875,86039.8125,855908352
2025-12-16 08:00:00+00:00,86007.2109375,86310.078125,85967.171875,86234.78125,438214656
2025-12-16 09:00:00+00:00,86266.1953125,86382.390625,86209.6484375,86323.8828125,180744192
2025-12-16 10:00:00+00:00,86331.8203125,87288.140625,86304.5546875,87051.265625,661389312
2025-12-16 11:00:00+00:00,86893.1171875,87291.6484375,86852.6484375,87278.96875,304504832
2025-12-16 12:00:00+00:00,87245.671875,87409.9765625,87108.3671875,87210.5625,0
2025-12-16 13:00:00+00:00,87220.4609375,87527.84375,86548.96875,86548.96875,3285856256
2025-12-16 14:00:00+00:00,86507.453125,87517.765625,86272.8125,87215.671875,0
2025-12-16 15:00:00+00:00,87255.0625,88108.234375,86993.84375,87875.8828125,0
2025-12-16 16:00:00+00:00,87950.71875,87992.578125,87421.5703125,87626.015625,0
2025-12-16 17:00:00+00:00,87605.359375,87801.640625,87142.9453125,87142.9453125,0
2025-12-16 18:00:00+00:00,87111.7890625,87975.828125,87064.734375,87730.515625,0
2025-12-16 19:00:00+00:00,87746.9921875,87754.5625,87284.5625,87613.0234375,0
2025-12-16 20:00:00+00:00,87581.15625,87778.1484375,87354.046875,87656.7421875,0
2025-12-16 21:00:00+00:00,87615.640625,87915.609375,87498.7890625,87763.109375,0
2025-12-16 22:00:00+00:00,87765.171875,87883.3203125,87636.0234375,87757.2109375,0
2025-12-16 23:00:00+00:00,87772.9453125,87850.40625,87603.15625,87848.2421875,0
2025-12-17 00:00:00+00:00,87842.8671875,87842.8671875,87415.8671875,87526.046875,628613120
2025-12-17 01:00:00+00:00,87536.7890625,87888.8359375,87484.6640625,87517.6875,0
2025-12-17 02:00:00+00:00,87532.8984375,87560.7109375,87200.109375,87457.0234375,0
2025-12-17 03:00:00+00:00,87463.953125,87580.9765625,87177.265625,87185.2109375,0
2025-12-17 04:00:00+00:00,87210.3828125,87357.15625,86746.40625,86777.421875,0
2025-12-17 05:00:00+00:00,86762.515625,86762.515625,86229.78125,86602.9140625,468123648
2025-12-17 06:00:00+00:00,86605.6484375,86935.7421875,86583.359375,86741.2734375,0
2025-12-17 07:00:00+00:00,86743.6484375,87071.4921875,86592.4453125,87032.375,0
2025-12-17 08:00:00+00:00,87024.109375,87024.109375,86313.46875,86348.0546875,0
2025-12-17 09:00:00+00:00,86365.984375,86560.203125,86237.71875,86408.046875,159756288
2025-12-17 10:00:00+00:00,86406.921875,86784.59375,86290.140625,86582.0234375,0
2025-12-17 11:00:00+00:00,86600.9921875,87080.6953125,86566.7421875,86952.9765625,0
2025-12-17 12:00:00+00:00,86953.8359375,87165.5078125,86835.2734375,86994.59375,0
2025-12-17 13:00:00+00:00,86998.2265625,87676.1015625,86826.59375,87636.28125,0
2025-12-17 14:00:00+00:00,87618.9453125,89451.8046875,87194.9609375,89451.8046875,0
2025-12-17 15:00:00+00:00,89524.5,90234.7734375,87302.0546875,87302.0546875,4645810176
2025-12-17 16:00:00+00:00,87222.421875,87693.265625,86163.265625,86909.4375,1868443648
2025-12-17 17:00:00+00:00,86913.578125,87042.3046875,86311.8984375,86422.5234375,448954368
2025-12-17 18:00:00+00:00,86394.6875,86785.1171875,85735.890625,85754.4453125,162873344
2025-12-17 19:00:00+00:00,85793.1640625,86112.2109375,85344.1796875,85976.78125,1341763584
2025-12-17 20:00:00+00:00,85986.8203125,86168.734375,85635.21875,85852.1484375,487251968
2025-12-17 21:00:00+00:00,85836.9140625,86004.515625,85713.6015625,85950.6640625,0
2025-12-17 22:00:00+00:00,85945.2109375,86350.875,85907.859375,86298.7265625,432304128
2025-12-17 23:00:00+00:00,86305.0078125,86305.0078125,85930.3203125,86105.1328125,167567360
2025-12-18 00:00:00+00:00,86196.7890625,86272.6484375,86039.640625,86203.75,0
2025-12-18 01:00:00+00:00,86202.46875,86202.46875,85848.5,86097.6953125,74092544
2025-12-18 02:00:00+00:00,86095.859375,86736.5390625,86037.40625,86641.4375,449380352
2025-12-18 03:00:00+00:00,86550.265625,86636.34375,86254.765625,86554.53125,716374016
2025-12-18 04:00:00+00:00,86583.875,86857.8359375,86583.875,86733.515625,47095808
2025-12-18 05:00:00+00:00,86727.9765625,86727.9765625,86367.8125,86394.859375,0
2025-12-18 06:00:00+00:00,86397.921875,86592.9375,86392.3515625,86592.9375,0
2025-12-18 07:00:00+00:00,86636.453125,86823.0234375,86590.421875,86772.3515625,0
2025-12-18 08:00:00+00:00,86796.6328125,87036.234375,86674.5703125,86946.1015625,632524800
2025-12-18 09:00:00+00:00,86942.5546875,87327.046875,86775.515625,87257.828125,465829888
2025-12-18 10:00:00+00:00,87242.3359375,87389.9140625,87218.3125,87255.8359375,0
2025-12-18 11:00:00+00:00,87281.8828125,87291.1953125,87071.96875,87220.5234375,0
2025-12-18 12:00:00+00:00,87271.328125,87355.9375,87103.390625,87181.09375,0
2025-12-18 13:00:00+00:00,87313.1640625,89106.109375,87313.1640625,88797.2890625,2830639104
2025-12-18 14:00:00+00:00,88935.765625,89283.6640625,87784.625,88299.4140625,1610309632
2025-12-18 15:00:00+00:00,88369.046875,89279.9609375,88033.359375,88502.203125,0
2025-12-18 16:00:00+00:00,88447.6328125,88466.8203125,87900.78125,87928.2421875,0
2025-12-18 17:00:00+00:00,87900.3125,87900.3125,85479.0234375,86302.8359375,2901164032
2025-12-18 18:00:00+00:00,86420.046875,86738.25,85824.640625,85972.5546875,399704064
2025-12-18 19:00:00+00:00,85890.25,85890.25,84485.53125,84542.4453125,2145484800
2025-12-18 20:00:00+00:00,84460.9765625,85154.109375,84460.9765625,84765.296875,2918789120
2025-12-18 21:00:00+00:00,85134.09375,85666.7109375,84994.25,85600.0703125,1111547904
2025-12-18 22:00:00+00:00,85583.328125,85649.9140625,85285.1640625,85570.890625,535089152
2025-12-18 23:00:00+00:00,85544.578125,85561.8046875,85293.8125,85447.734375,0
2025-12-19 00:00:00+00:00,85463.296875,85539.0703125,85258.5078125,85539.0703125,0
2025-12-19 01:00:00+00:00,85552.5078125,85552.5078125,85134.0625,85317.0859375,114257920
2025-12-19 02:00:00+00:00,85289.609375,85847.609375,85114.8828125,85660.546875,119107584
2025-12-19 03:00:00+00:00,85578.90625,87489.6171875,85578.90625,86761.8046875,1879740416
2025-12-19 04:00:00+00:00,86789.3828125,87288.6328125,86789.3828125,87043.8984375,1428692992
2025-12-19 05:00:00+00:00,87032.0390625,87156.9296875,86660.9296875,87048.6875,663064576
2025-12-19 06:00:00+00:00,87054.8515625,87318.6328125,86885.859375,87290.609375,632479744
2025-12-19 07:00:00+00:00,87398.1171875,88295.3046875,87398.1171875,87899.90625,1315643392
2025-12-19 08:00:00+00:00,87893.8828125,88127.4375,87702.75,88097.6484375,279502848
2025-12-19 09:00:00+00:00,88051.5078125,88051.5078125,87868.6484375,88015.984375,0
2025-12-19 10:00:00+00:00,88051.140625,88237.09375,87892.640625,88237.09375,0
2025-12-19 11:00:00+00:00,88230.515625,88314.3125,88121.4453125,88158.4375,663236608
2025-12-19 12:00:00+00:00,88147.6484375,88188.4375,87859.78125,87907.0078125,309714944
2025-12-19 13:00:00+00:00,87828.5390625,88093.6328125,87802.6484375,87945.6484375,0
2025-12-19 14:00:00+00:00,87945.9609375,88439.8046875,87567.078125,88094.3203125,0
2025-12-19 15:00:00+00:00,88135.0703125,89313.359375,87744.703125,87873.5234375,0
2025-12-19 16:00:00+00:00,87939.203125,88755.9453125,87924.78125,87944.4453125,1538793472
2025-12-19 17:00:00+00:00,87926.3359375,88233.96875,86890.7578125,87302.953125,0
2025-12-19 18:00:00+00:00,86918.34375,87351.375,86858.1796875,87163.515625,0
2025-12-19 19:00:00+00:00,87099.3203125,87969.96875,87097.421875,87817.0390625,0
2025-12-19 20:00:00+00:00,87790.046875,88288.6328125,87593.0546875,87909.09375,0
2025-12-19 21:00:00+00:00,87938.2265625,87987.03125,87760.1875,87760.1875,263950336
2025-12-19 22:00:00+00:00,87779.5390625,88339.921875,87779.5390625,88244.1328125,0
2025-12-19 23:00:00+00:00,88268.0625,88294.1484375,88099.9921875,88104.1875,0
2025-12-20 00:00:00+00:00,88098.40625,88132.34375,87924.875,87981.296875,138588160
2025-12-20 01:00:00+00:00,87979.59375,88122.5703125,87979.59375,88025.375,0
2025-12-20 02:00:00+00:00,88032.8828125,88244.171875,87976.21875,88161.390625,0
2025-12-20 03:00:00+00:00,88169.7109375,88306.1640625,88147.390625,88192.0078125,0
2025-12-20 04:00:00+00:00,88181.5234375,88276.953125,88097.0546875,88224.125,0
2025-12-20 05:00:00+00:00,88260.75,88450.6796875,88255.7265625,88262.6953125,0
2025-12-20 06:00:00+00:00,88261.625,88399.0078125,88244.5625,88256.359375,0
2025-12-20 07:00:00+00:00,88261.9375,88284.859375,88156.25,88217.40625,0
2025-12-20 08:00:00+00:00,88218.359375,88377.5390625,88218.359375,88248.25,0
2025-12-20 09:00:00+00:00,88205.984375,88295.6953125,88196.6171875,88203.1640625,0
2025-12-20 10:00:00+00:00,88185.4375,88219.9453125,88093.015625,88121.890625,0
2025-12-20 11:00:00+00:00,88120.4375,88256.0234375,88082.484375,88254.078125,0
2025-12-20 12:00:00+00:00,88239.15625,88279.078125,88154.7421875,88208.6328125,0
2025-12-20 13:00:00+00:00,88213.484375,88273.5,87953.9375,88203.9609375,0
2025-12-20 14:00:00+00:00,88225.6015625,88225.6015625,87993.6484375,88215.15625,0
2025-12-20 15:00:00+00:00,88213.8515625,88213.8984375,88014.59375,88148.1640625,0
2025-12-20 16:00:00+00:00,88163.40625,88170.1796875,88094.8359375,88114.2265625,0
2025-12-20 17:00:00+00:00,88144.15625,88206.9921875,88086.0546875,88139.3515625,0
2025-12-20 18:00:00+00:00,88146.2734375,88337.6015625,88117.734375,88304.6328125,0
2025-12-20 19:00:00+00:00,88273.953125,88273.953125,88179.015625,88190.2109375,0
2025-12-20 20:00:00+00:00,88185.4453125,88256.7578125,88178.390625,88245.984375,0
2025-12-20 21:00:00+00:00,88243.046875,88360.2578125,88170.328125,88170.328125,0
2025-12-20 22:00:00+00:00,88207.6015625,88294.9453125,88118.7734375,88294.9453125,0
2025-12-20 23:00:00+00:00,88268.703125,88373.46875,88231.6875,88351.671875,36218880
2025-12-21 00:00:00+00:00,88339.9609375,88387.328125,88277.8828125,88320.03125,30797824
2025-12-21 01:00:00+00:00,88367.140625,88367.140625,88027.7578125,88027.7578125,35826688
2025-12-21 02:00:00+00:00,88000.640625,88044.4765625,87870.3671875,87921.0546875,289453056
2025-12-21 03:00:00+00:00,87924.1640625,88112.328125,87924.1640625,88044.75,66693120
2025-12-21 04:00:00+00:00,88038.3828125,88105.0625,88031.09375,88040.6796875,0
2025-12-21 05:00:00+00:00,88041.28125,88120.34375,88036.390625,88111.515625,0
2025-12-21 06:00:00+00:00,88110.390625,88177.2578125,88063.3359375,88067.3359375,0
2025-12-21 07:00:00+00:00,88063.84375,88109.765625,88040.625,88104.828125,0
2025-12-21 08:00:00+00:00,88129.6328125,88576.7265625,88128.2421875,88532.265625,434766848
2025-12-21 09:00:00+00:00,88592.8203125,89011.0859375,88504.4296875,88842.46875,868160512
2025-12-21 10:00:00+00:00,88917.625,88919.984375,88565.765625,88617.765625,287939584
2025-12-21 11:00:00+00:00,88622.9296875,88708.84375,88562.9921875,88585.8359375,63645696
2025-12-21 12:00:00+00:00,88591.1484375,88878.453125,88514.1171875,88556.2734375,424061952
2025-12-21 13:00:00+00:00,88601.6328125,88637.9375,87624.03125,87643.1015625,1027958784
2025-12-21 14:00:00+00:00,87666.40625,88106.1484375,87666.40625,88018.5234375,440483840
2025-12-21 15:00:00+00:00,88027.7578125,88219.46875,87802.8046875,88039.1875,156100608
2025-12-21 16:00:00+00:00,88042.78125,88306.3125,87982.703125,88303.6875,442085376
2025-12-21 17:00:00+00:00,88331.9296875,88447.09375,88269.25,88296.5234375,331239424
2025-12-21 18:00:00+00:00,88293.28125,88410.96875,87957.515625,88410.96875,172236800
2025-12-21 19:00:00+00:00,88474.0859375,88530.125,88241.5,88482.203125,295604224
2025-12-21 20:00:00+00:00,88462.3515625,88485.9609375,88216.046875,88216.046875,116543488
2025-12-21 21:00:00+00:00,88216.9140625,88342.7890625,88108.7890625,88137.4296875,0
2025-12-21 22:00:00+00:00,88112.2578125,88445.3046875,88112.2578125,88445.3046875,142993408
2025-12-21 23:00:00+00:00,88445.3046875,88711.84375,88360.8828125,88625.4375,454811648
2025-12-22 00:00:00+00:00,88621.6640625,89577.7109375,88621.6640625,88837.7578125,1135831040
2025-12-22 01:00:00+00:00,88639.453125,89220.96875,88564.359375,88641.953125,1398138880
2025-12-22 02:00:00+00:00,88641.8125,88641.8125,88013.03125,88443.0078125,818884608
2025-12-22 03:00:00+00:00,88433.671875,88775.640625,88321.3828125,88758.171875,379111424
2025-12-22 04:00:00+00:00,88783.2734375,88986.2109375,88702.5859375,88907.1171875,322160640
2025-12-22 05:00:00+00:00,88881.8828125,88959.125,88760.9765625,88811.2890625,567367680
2025-12-22 06:00:00+00:00,88798.5859375,88945.03125,88711.453125,88924.828125,356710400
2025-12-22 07:00:00+00:00,88887.2109375,89144.6328125,88887.2109375,89093.9765625,736342016
2025-12-22 08:00:00+00:00,89118.734375,89817.203125,89088.1640625,89290.5078125,1117186048
2025-12-22 09:00:00+00:00,89280.4375,89744.5546875,89280.1171875,89726.6015625,0
2025-12-22 10:00:00+00:00,89792.2265625,89801.625,89601.796875,89763.6015625,143038464
2025-12-22 11:00:00+00:00,89745.140625,89989.4453125,89633.796875,89919.90625,1293662208
2025-12-22 12:00:00+00:00,89915.8828125,90372.2109375,89915.8828125,90233.796875,1350805504
2025-12-22 13:00:00+00:00,90186.359375,90285.5078125,89725.3359375,89875.0234375,0
2025-12-22 14:00:00+00:00,89889.5625,90151.4140625,89520.0703125,90079.375,1464584192
2025-12-22 15:00:00+00:00,90096.3203125,90299.828125,89219.296875,89738.3046875,2053013504
2025-12-22 16:00:00+00:00,89715.3671875,90056.9765625,89527.6484375,89565.0234375,1159237632
2025-12-22 17:00:00+00:00,89499.6484375,89499.6484375,89119.90625,89264.734375,777867264
2025-12-22 18:00:00+00:00,89298.34375,89467.1640625,89149.2421875,89149.2421875,379748352
2025-12-22 19:00:00+00:00,89111.0859375,89111.0859375,87975.2265625,88039.9375,1626800128
2025-12-22 20:00:00+00:00,88034.3359375,88403.3203125,87933.328125,88403.3203125,1313689600
2025-12-22 21:00:00+00:00,88321.2578125,88551.3671875,88213.3828125,88231.4765625,533372928
2025-12-22 22:00:00+00:00,88237.6484375,88732.3828125,88126.546875,88598.8359375,636502016
2025-12-22 23:00:00+00:00,88603.6328125,88621.3515625,88395.0703125,88488.765625,0
2025-12-23 00:00:00+00:00,88530.7265625,88857.3046875,88455.171875,88745.96875,0
2025-12-23 01:00:00+00:00,88729.734375,88810.0859375,88432.75,88483.4453125,0
2025-12-23 02:00:00+00:00,88471.015625,88695.546875,88124.5703125,88155.4609375,0
2025-12-23 03:00:00+00:00,88151.4921875,88280.78125,87883.34375,88181.9140625,482131968
2025-12-23 04:00:00+00:00,88131.7890625,88304.8671875,87902.828125,87902.828125,0
2025-12-23 05:00:00+00:00,87909.8125,87960.296875,87595.2734375,87739.828125,711389184
2025-12-23 06:00:00+00:00,87625.6015625,87710.90625,87061.8203125,87352.9609375,880627712
2025-12-23 07:00:00+00:00,87348.03125,87616.640625,87348.03125,87509.3359375,5864038400
2025-12-23 08:00:00+00:00,87506.2421875,87609.125,87390.453125,87392.890625,1763012608
2025-12-23 09:00:00+00:00,87407.1953125,87547.40625,87268.7265625,87485.78125,0
2025-12-23 10:00:00+00:00,87473.9375,87598.6484375,87469.125,87553.3515625,0
2025-12-23 11:00:00+00:00,87555.0859375,87819.015625,87512.78125,87819.015625,0
2025-12-23 12:00:00+00:00,87809.015625,87862.21875,87612.5,87774.171875,0
2025-12-23 13:00:00+00:00,87759.8515625,87814.265625,87434.71875,87605.765625,0
2025-12-23 14:00:00+00:00,87562.90625,87737.3203125,86656.34375,86656.34375,0
2025-12-23 15:00:00+00:00,86822.3828125,87438.9140625,86760.140625,87426.453125,0
2025-12-23 16:00:00+00:00,87417.984375,88077.9140625,87376.0859375,87986.765625,767049728
2025-12-23 17:00:00+00:00,87966.71875,88117.2109375,87372.65625,87378.0,6168576
2025-12-23 18:00:00+00:00,87151.1953125,88072.5703125,87151.1953125,87947.7109375,1074348032
2025-12-23 19:00:00+00:00,87933.8125,87986.5,87628.7421875,87697.2734375,0
2025-12-23 20:00:00+00:00,87709.71875,88271.2109375,87518.4140625,87651.453125,0
2025-12-23 21:00:00+00:00,87657.46875,87794.1953125,87512.0234375,87672.484375,174862336
2025-12-23 22:00:00+00:00,87669.0078125,87708.8828125,87293.6953125,87343.171875,322273280
2025-12-23 23:00:00+00:00,87358.0859375,87454.9140625,87174.4921875,87404.21875,281632768
2025-12-24 00:00:00+00:00,87431.0859375,87593.640625,87239.0625,87584.7890625,0
2025-12-24 01:00:00+00:00,87603.9921875,87750.0546875,87463.390625,87600.0,74338304
2025-12-24 02:00:00+00:00,87595.78125,87595.78125,86912.3359375,87113.875,0
2025-12-24 03:00:00+00:00,87085.3671875,87337.1171875,86873.8515625,87287.046875,0
2025-12-24 04:00:00+00:00,87286.5234375,87401.4453125,87077.109375,87079.703125,0
2025-12-24 05:00:00+00:00,87079.421875,87199.2578125,86755.796875,86905.234375,0
2025-12-24 06:00:00+00:00,86901.734375,86986.0546875,86794.1796875,86941.0078125,0
2025-12-24 07:00:00+00:00,86952.203125,87104.390625,86921.6328125,86921.6328125,0
2025-12-24 08:00:00+00:00,86877.7890625,86998.0859375,86749.8125,86749.8125,0
2025-12-24 09:00:00+00:00,86733.1953125,86823.796875,86691.9375,86757.4375,0
2025-12-24 10:00:00+00:00,86753.1640625,87107.46875,86748.75,87036.765625,178896896
2025-12-24 11:00:00+00:00,87026.7734375,87280.8046875,87026.7734375,87156.0859375,0
2025-12-24 12:00:00+00:00,87158.4140625,87420.4609375,87098.6171875,87391.71875,0
2025-12-24 13:00:00+00:00,87383.5625,87389.453125,87025.7421875,87244.0390625,0
2025-12-24 14:00:00+00:00,87248.9296875,87377.28125,86411.796875,86882.3984375,0
2025-12-24 15:00:00+00:00,87071.8515625,87104.203125,86587.953125,86914.6015625,0
2025-12-24 16:00:00+00:00,86941.2890625,87572.890625,86904.109375,87168.1484375,0
2025-12-24 17:00:00+00:00,87247.875,87475.90625,87196.7578125,87216.53125,0
2025-12-24 18:00:00+00:00,87256.9921875,87435.09375,87203.0390625,87412.6171875,0
2025-12-24 19:00:00+00:00,87406.7890625,87507.859375,87307.3046875,87495.484375,0
2025-12-24 20:00:00+00:00,87507.8203125,87591.8984375,87489.7734375,87494.3671875,0
2025-12-24 21:00:00+00:00,87532.1640625,87711.4921875,87532.1640625,87607.796875,0
2025-12-24 22:00:00+00:00,87629.796875,87947.0546875,87629.796875,87941.3515625,0
2025-12-24 23:00:00+00:00,87936.734375,87936.734375,87551.7109375,87615.5703125,0
2025-12-25 00:00:00+00:00,87608.0546875,87664.0625,87488.328125,87490.3671875,0
2025-12-25 01:00:00+00:00,87498.1875,87685.4453125,87498.1875,87631.765625,0
2025-12-25 02:00:00+00:00,87636.96875,87870.1171875,87529.2109375,87843.265625,0
2025-12-25 03:00:00+00:00,87827.7734375,87848.265625,87728.640625,87792.0546875,0
2025-12-25 04:00:00+00:00,87788.71875,87789.609375,87699.0234375,87744.0078125,0
2025-12-25 05:00:00+00:00,87742.5234375,87742.5234375,87613.1875,87702.3671875,0
2025-12-25 06:00:00+00:00,87703.8515625,87773.6796875,87645.6796875,87773.6796875,0
2025-12-25 07:00:00+00:00,87774.5703125,87795.21875,87707.5078125,87786.6875,0
2025-12-25 08:00:00+00:00,87782.921875,87808.9375,87339.2734375,87508.9765625,242833408
2025-12-25 09:00:00+00:00,87525.859375,87525.859375,87392.3671875,87465.7109375,17125376
2025-12-25 10:00:00+00:00,87459.4375,87459.4375,87238.015625,87361.8828125,0
2025-12-25 11:00:00+00:00,87370.640625,87517.3046875,87370.640625,87458.4921875,0
2025-12-25 12:00:00+00:00,87476.3203125,87533.203125,87441.921875,87521.0859375,0
2025-12-25 13:00:00+00:00,87516.6328125,87607.109375,87373.84375,87601.421875,0
2025-12-25 14:00:00+00:00,87581.0234375,87685.4765625,87517.5,87672.6953125,0
2025-12-25 15:00:00+00:00,87667.3671875,88462.0703125,87667.3671875,88274.7890625,0
2025-12-25 16:00:00+00:00,88259.4140625,88389.234375,87948.015625,88053.796875,0
2025-12-25 17:00:00+00:00,88042.1328125,88126.40625,87963.8515625,88114.0546875,0
2025-12-25 18:00:00+00:00,88103.953125,88253.4921875,88103.953125,88185.5703125,0
2025-12-25 19:00:00+00:00,88182.546875,88186.1953125,88024.7734375,88094.2265625,0
2025-12-25 20:00:00+00:00,88096.2109375,88103.3125,87687.015625,87821.90625,218568704
2025-12-25 21:00:00+00:00,87838.140625,87921.65625,87775.4453125,87851.859375,27912192
2025-12-25 22:00:00+00:00,87845.4765625,87867.7421875,87351.3046875,87625.0625,177784832
2025-12-25 23:00:00+00:00,87541.421875,87690.484375,86971.5,87204.3671875,1121579008
2025-12-26 00:00:00+00:00,87214.5,87263.5625,86917.9765625,87041.6640625,273956864
2025-12-26 01:00:00+00:00,87063.359375,87411.6875,87063.359375,87385.875,955342848
2025-12-26 02:00:00+00:00,87379.9609375,89232.1484375,87379.9609375,89091.078125,4295059456
2025-12-26 03:00:00+00:00,89099.0078125,89158.734375,88639.0625,88742.3125,2309169152
2025-12-26 04:00:00+00:00,88688.6484375,89020.203125,88455.6328125,88891.71875,1110192128
2025-12-26 05:00:00+00:00,88893.8046875,88942.3828125,88769.390625,88942.3828125,186279936
2025-12-26 06:00:00+00:00,88924.1953125,89163.2578125,88924.1953125,89133.1015625,926695424
2025-12-26 07:00:00+00:00,89072.8828125,89439.1171875,88372.125,88372.125,2443640832
2025-12-26 08:00:00+00:00,88394.3984375,88741.3828125,88394.3984375,88666.6328125,710477824
2025-12-26 09:00:00+00:00,88677.171875,88828.0625,88615.0625,88769.6171875,309696512
2025-12-26 10:00:00+00:00,88750.15625,88807.9609375,88635.9375,88716.546875,22343680
2025-12-26 11:00:00+00:00,88707.4609375,88707.4609375,88498.59375,88512.640625,112492544
2025-12-26 12:00:00+00:00,88493.953125,88682.6484375,88493.953125,88626.3984375,339990528
2025-12-26 13:00:00+00:00,88618.734375,88983.1640625,88597.7109375,88983.1640625,166897664
2025-12-26 14:00:00+00:00,88873.515625,88975.640625,87360.75,87382.0,2166237184
2025-12-26 15:00:00+00:00,87368.0703125,87368.0703125,86645.6328125,86991.421875,4316983296
2025-12-26 16:00:00+00:00,87063.71875,87286.53125,86831.4453125,86831.4453125,913866752
2025-12-26 17:00:00+00:00,86785.90625,87359.15625,86785.90625,87238.2734375,755982336
2025-12-26 18:00:00+00:00,87235.6484375,87282.5390625,87064.8125,87189.5859375,519565312
2025-12-26 19:00:00+00:00,87196.3671875,87481.71875,87171.859375,87414.7265625,670957568
2025-12-26 20:00:00+00:00,87447.5078125,87698.7109375,87349.5234375,87553.0390625,187916288
2025-12-26 21:00:00+00:00,87524.1484375,87623.390625,87422.9765625,87422.9765625,301699072
2025-12-26 22:00:00+00:00,87407.5546875,87505.3828125,87284.5703125,87418.5,0
2025-12-26 23:00:00+00:00,87468.765625,87468.765625,87278.109375,87303.9375,0
2025-12-27 00:00:00+00:00,87316.0078125,87340.015625,87196.078125,87338.203125,0
2025-12-27 01:00:00+00:00,87335.859375,87409.8984375,87292.984375,87404.7734375,0
2025-12-27 02:00:00+00:00,87408.015625,87409.953125,87346.875,87386.515625,0
2025-12-27 03:00:00+00:00,87389.859375,87463.1796875,87332.03125,87448.96875,0
2025-12-27 04:00:00+00:00,87447.90625,87447.90625,87398.3046875,87405.90625,0
2025-12-27 05:00:00+00:00,87412.8203125,87451.359375,87387.8125,87451.359375,0
2025-12-27 06:00:00+00:00,87448.6328125,87493.5625,87369.2734375,87407.640625,0
2025-12-27 07:00:00+00:00,87425.0234375,87642.4921875,87416.09375,87478.546875,0
2025-12-27 08:00:00+00:00,87488.0703125,87606.2109375,87488.0703125,87530.71875,0
2025-12-27 09:00:00+00:00,87519.296875,87604.3671875,87497.1484375,87565.796875,0
2025-12-27 10:00:00+00:00,87560.59375,87565.4765625,87367.0859375,87456.3046875,0
2025-12-27 11:00:00+00:00,87449.3203125,87485.0078125,87407.4296875,87416.84375,0
2025-12-27 12:00:00+00:00,87451.8359375,87468.3828125,87400.4375,87426.546875,0
2025-12-27 13:00:00+00:00,87425.359375,87434.828125,87294.828125,87424.0546875,0
2025-12-27 14:00:00+00:00,87405.484375,87486.171875,87363.5859375,87485.0625,0
2025-12-27 15:00:00+00:00,87475.1015625,87545.8046875,87447.3984375,87516.34375,0
2025-12-27 16:00:00+00:00,87492.6640625,87525.015625,87400.0,87449.171875,0
2025-12-27 17:00:00+00:00,87451.09375,87513.7578125,87446.4375,87501.921875,0
2025-12-27 18:00:00+00:00,87502.015625,87504.515625,87409.7109375,87433.75,0
2025-12-27 19:00:00+00:00,87438.8515625,87513.8203125,87438.296875,87512.390625,0
2025-12-27 20:00:00+00:00,87523.9375,87557.1328125,87479.7890625,87495.9375,0
2025-12-27 21:00:00+00:00,87498.109375,87609.6875,87495.3515625,87605.6640625,0
2025-12-27 22:00:00+00:00,87605.15625,87830.609375,87480.53125,87587.4609375,186419200
2025-12-27 23:00:00+00:00,87509.40625,87863.984375,87509.40625,87805.5625,177369088
2025-12-28 00:00:00+00:00,87806.0546875,87857.3125,87657.78125,87781.640625,15262720
2025-12-28 01:00:00+00:00,87786.984375,87866.5859375,87692.8359375,87717.453125,111571968
2025-12-28 02:00:00+00:00,87723.5,87805.1015625,87690.1328125,87748.28125,0
2025-12-28 03:00:00+00:00,87743.90625,87762.9140625,87669.8828125,87688.1015625,0
2025-12-28 04:00:00+00:00,87684.0703125,87743.640625,87635.578125,87661.0078125,28371968
2025-12-28 05:00:00+00:00,87655.5546875,87655.5546875,87555.765625,87589.0390625,41666560
2025-12-28 06:00:00+00:00,87588.984375,87720.3125,87577.40625,87681.515625,0
2025-12-28 07:00:00+00:00,87666.84375,87670.8125,87597.859375,87665.2734375,0
2025-12-28 08:00:00+00:00,87657.328125,87881.53125,87657.328125,87760.6171875,51259392
2025-12-28 09:00:00+00:00,87733.6015625,87832.34375,87690.953125,87730.890625,0
2025-12-28 10:00:00+00:00,87737.75,87881.890625,87733.5234375,87787.6796875,218498048
2025-12-28 11:00:00+00:00,87788.359375,87862.765625,87743.9921875,87789.5546875,21225472
2025-12-28 12:00:00+00:00,87813.84375,87813.84375,87749.59375,87786.7890625,45235200
2025-12-28 13:00:00+00:00,87772.8203125,87864.09375,87752.4765625,87833.6640625,84672512
2025-12-28 14:00:00+00:00,87826.2734375,87951.984375,87826.2734375,87865.4140625,0
2025-12-28 15:00:00+00:00,87848.40625,87935.75,87780.0625,87780.0625,510532608
2025-12-28 16:00:00+00:00,87779.65625,87833.5078125,87719.40625,87750.1171875,142030848
2025-12-28 17:00:00+00:00,87749.4453125,87857.578125,87686.4609375,87693.71875,0
2025-12-28 18:00:00+00:00,87693.3828125,87695.40625,87482.78125,87537.0703125,526517248
2025-12-28 19:00:00+00:00,87538.5546875,87607.9765625,87444.390625,87485.578125,409132032
2025-12-28 20:00:00+00:00,87476.078125,87579.25,87396.0390625,87477.890625,130200576
2025-12-28 21:00:00+00:00,87459.7578125,87527.0390625,87402.84375,87500.2265625,181508096
2025-12-28 22:00:00+00:00,87503.65625,87898.421875,87445.984375,87843.0078125,0
2025-12-28 23:00:00+00:00,87831.65625,87844.625,87604.8515625,87830.1171875,206987264
2025-12-29 00:00:00+00:00,87858.109375,88234.0,87756.3671875,88226.78125,870933504
2025-12-29 01:00:00+00:00,88226.6875,88380.2578125,87833.65625,88314.171875,947730432
2025-12-29 02:00:00+00:00,88353.5078125,89236.6171875,88353.5078125,89102.625,3253251072
2025-12-29 03:00:00+00:00,89086.8125,90032.4140625,89026.6328125,90032.4140625,3074658304
2025-12-29 04:00:00+00:00,90012.6328125,90269.015625,89903.0703125,90100.4140625,2378932224
2025-12-29 05:00:00+00:00,90070.7578125,90194.328125,89873.2578125,89927.6875,1425721344
2025-12-29 06:00:00+00:00,89908.9921875,90028.6171875,89666.796875,89672.9609375,1104549888
2025-12-29 07:00:00+00:00,89672.7109375,89708.859375,89415.9765625,89518.6171875,1356230656
2025-12-29 08:00:00+00:00,89505.28125,89694.109375,89399.90625,89451.8984375,1522210816
2025-12-29 09:00:00+00:00,89438.515625,89489.328125,87795.0078125,87940.6015625,3895531520
2025-12-29 10:00:00+00:00,87981.0859375,88137.9609375,87602.5078125,87678.9453125,814858240
2025-12-29 11:00:00+00:00,87620.4375,87686.4296875,87485.3203125,87508.1796875,887361536
2025-12-29 12:00:00+00:00,87485.1015625,87508.265625,86760.265625,87242.8046875,3058946048
2025-12-29 13:00:00+00:00,87252.3203125,87416.3515625,87125.609375,87222.25,0
2025-12-29 14:00:00+00:00,87255.890625,88007.96875,87176.984375,87322.015625,2892251136
2025-12-29 15:00:00+00:00,87288.6015625,87760.9296875,87196.8359375,87636.625,2911100928
2025-12-29 16:00:00+00:00,87600.4453125,87691.0234375,87364.8984375,87538.171875,274800640
2025-12-29 17:00:00+00:00,87529.6015625,87697.2265625,87327.8984375,87697.2265625,894156800
2025-12-29 18:00:00+00:00,87734.7890625,87870.671875,87307.2421875,87357.53125,679157760
2025-12-29 19:00:00+00:00,87336.90625,87547.25,87238.1015625,87238.1015625,601432064
2025-12-29 20:00:00+00:00,87246.40625,87482.46875,86975.015625,87121.6796875,482496512
2025-12-29 21:00:00+00:00,87157.78125,87246.6953125,87129.8515625,87224.9609375,582574080
2025-12-29 22:00:00+00:00,87227.59375,87286.21875,86983.703125,87260.8046875,188563456
2025-12-29 23:00:00+00:00,87237.921875,87291.375,87079.765625,87145.21875,0
2025-12-30 00:00:00+00:00,87142.078125,87233.5234375,87010.6171875,87129.7890625,0
2025-12-30 01:00:00+00:00,87139.046875,87228.65625,87033.828125,87191.5703125,0
2025-12-30 02:00:00+00:00,87206.671875,87230.3828125,86907.703125,86975.734375,0
2025-12-30 03:00:00+00:00,86987.84375,87305.9375,86737.0703125,87285.1484375,0
2025-12-30 04:00:00+00:00,87263.125,87374.3671875,87196.625,87199.7421875,0
2025-12-30 05:00:00+00:00,87199.890625,87250.3671875,87052.0546875,87129.546875,0
2025-12-30 06:00:00+00:00,87132.8359375,87396.1328125,87121.984375,87317.140625,0
2025-12-30 07:00:00+00:00,87326.1796875,87472.65625,87278.7578125,87378.296875,0
2025-12-30 08:00:00+00:00,87377.125,88039.8984375,87377.125,87771.765625,239476736
2025-12-30 09:00:00+00:00,87760.78125,87881.125,87550.1875,87881.125,0
2025-12-30 10:00:00+00:00,87878.875,88056.640625,87816.4375,87844.3203125,0
2025-12-30 11:00:00+00:00,87843.2734375,87912.9140625,87665.15625,87751.421875,0
2025-12-30 12:00:00+00:00,87845.296875,87970.3515625,87822.1953125,87888.2265625,0
2025-12-30 13:00:00+00:00,87913.5703125,88012.078125,87813.5078125,88002.9453125,0
2025-12-30 14:00:00+00:00,88003.203125,88890.40625,87749.84375,88834.1796875,558620672
2025-12-30 15:00:00+00:00,88811.78125,88973.1015625,88153.78125,88947.28125,1242370048
2025-12-30 16:00:00+00:00,88916.6796875,89291.796875,88527.8359375,88672.234375,2170177536
2025-12-30 17:00:00+00:00,88678.78125,88799.6328125,88135.7890625,88334.1015625,585842688
2025-12-30 18:00:00+00:00,88302.4765625,88378.7421875,88086.2578125,88238.75,65056768
2025-12-30 19:00:00+00:00,88240.765625,88329.6484375,87927.6328125,88153.5390625,111890432
2025-12-30 20:00:00+00:00,88142.3359375,88142.3359375,87814.0234375,87831.0859375,0
2025-12-30 21:00:00+00:00,87821.828125,88224.8828125,87821.828125,88172.453125,0
2025-12-30 22:00:00+00:00,88182.109375,88367.234375,88182.109375,88325.125,0
2025-12-30 23:00:00+00:00,88329.578125,88477.875,88318.5859375,88423.140625,266125312
2025-12-31 00:00:00+00:00,88407.7265625,88407.7265625,88161.0546875,88161.0546875,0
2025-12-31 01:00:00+00:00,88148.671875,88645.015625,88085.4921875,88552.8984375,386588672
2025-12-31 02:00:00+00:00,88501.4921875,88629.28125,88437.21875,88585.5859375,0
2025-12-31 03:00:00+00:00,88575.71875,88673.15625,88289.765625,88338.7890625,0
2025-12-31 04:00:00+00:00,88342.203125,88440.0234375,88229.0546875,88229.0546875,0
2025-12-31 05:00:00+00:00,88239.765625,88413.234375,88239.765625,88354.6484375,517029888
2025-12-31 06:00:00+00:00,88352.7578125,88457.7578125,88349.3515625,88396.65625,0
2025-12-31 07:00:00+00:00,88401.96875,88517.1484375,88342.2109375,88496.046875,2150400
2025-12-31 08:00:00+00:00,88492.7265625,88604.8359375,88302.9921875,88321.921875,0
2025-12-31 09:00:00+00:00,88324.9453125,88587.1953125,88324.9453125,88585.390625,45109248
2025-12-31 10:00:00+00:00,88553.96875,88699.6171875,88553.96875,88697.6796875,0
2025-12-31 11:00:00+00:00,88732.7578125,88894.6484375,88703.1484375,88863.515625,248856576
2025-12-31 12:00:00+00:00,88910.5,88910.5,88658.2421875,88668.21875,297261056
2025-12-31 13:00:00+00:00,88680.65625,88921.734375,88642.578125,88856.4609375,72802304
2025-12-31 14:00:00+00:00,88872.7109375,89019.9375,88218.484375,88323.921875,11276288
2025-12-31 15:00:00+00:00,88371.0,88371.0,87728.4140625,87911.6328125,0
2025-12-31 16:00:00+00:00,87845.2421875,87903.6875,87334.125,87558.6171875,0
2025-12-31 17:00:00+00:00,87539.96875,87561.078125,87385.9609375,87490.890625,0
2025-12-31 18:00:00+00:00,87502.9296875,87838.8203125,87458.5078125,87575.078125,0
2025-12-31 19:00:00+00:00,87561.8515625,87712.1328125,87420.515625,87455.484375,296370176
2025-12-31 20:00:00+00:00,87419.890625,87534.90625,87141.0078125,87534.90625,7612416
2025-12-31 21:00:00+00:00,87531.6328125,87692.2890625,87531.6328125,87637.1953125,1113237504
2025-12-31 22:00:00+00:00,87652.2734375,87738.6171875,87561.1953125,87561.1953125,46741504
2025-12-31 23:00:00+00:00,87585.8203125,87587.4140625,87501.953125,87501.953125,0
2026-01-01 00:00:00+00:00,87512.875,87679.9375,87512.875,87675.9296875,0
2026-01-01 01:00:00+00:00,87665.65625,87890.0234375,87665.65625,87817.6171875,0
2026-01-01 02:00:00+00:00,87812.1875,87922.5234375,87751.6171875,87776.4921875,0
2026-01-01 03:00:00+00:00,87748.3203125,87857.46875,87700.390625,87710.953125,0
2026-01-01 04:00:00+00:00,87698.5078125,87698.5078125,87413.7578125,87441.4609375,441933824
2026-01-01 05:00:00+00:00,87452.7890625,87577.171875,87452.7890625,87558.3359375,0
2026-01-01 06:00:00+00:00,87555.4453125,87555.4453125,87486.953125,87506.2578125,0
2026-01-01 07:00:00+00:00,87504.0,87528.1171875,87468.5625,87479.6875,0
2026-01-01 08:00:00+00:00,87486.9296875,87633.3515625,87486.9296875,87598.375,0
2026-01-01 09:00:00+00:00,87623.3046875,87789.7890625,87618.5234375,87724.84375,0
2026-01-01 10:00:00+00:00,87732.3203125,87738.1875,87659.03125,87716.8125,0
2026-01-01 11:00:00+00:00,87716.4140625,87875.796875,87716.4140625,87875.796875,0
2026-01-01 12:00:00+00:00,87878.8671875,87889.703125,87806.5234375,87838.296875,0
2026-01-01 13:00:00+00:00,87829.3203125,87884.8515625,87759.8359375,87786.3515625,0
2026-01-01 14:00:00+00:00,87793.8515625,87849.6015625,87713.8515625,87840.1640625,0
2026-01-01 15:00:00+00:00,87848.578125,87941.4140625,87814.3984375,87922.0625,0
2026-01-01 16:00:00+00:00,87920.5625,87920.5625,87762.65625,87863.2734375,0
2026-01-01 17:00:00+00:00,87868.3359375,88358.0390625,87856.0234375,88187.8203125,0
2026-01-01 18:00:00+00:00,88239.390625,88239.390625,87984.6015625,88055.2578125,0
2026-01-01 19:00:00+00:00,88062.9765625,88297.9296875,87970.1875,88222.2578125,0
2026-01-01 20:00:00+00:00,88239.71875,88244.1015625,88133.1328125,88146.328125,0
2026-01-01 21:00:00+00:00,88147.5546875,88280.140625,88142.515625,88270.203125,0
2026-01-01 22:00:00+00:00,88271.7734375,88565.015625,88271.7734375,88562.9765625,242911232
2026-01-01 23:00:00+00:00,88530.3203125,88791.9765625,88378.5078125,88722.0703125,388841472
2026-01-02 00:00:00+00:00,88725.46875,88754.3984375,88498.2890625,88675.3984375,507719680
2026-01-02 01:00:00+00:00,88710.0625,88739.828125,88433.0234375,88534.2890625,0
2026-01-02 02:00:00+00:00,88535.265625,88550.125,88298.6171875,88498.0546875,186787840
2026-01-02 03:00:00+00:00,88519.609375,88985.9609375,88471.65625,88778.703125,978737152
2026-01-02 04:00:00+00:00,88832.3828125,88862.59375,88530.375,88530.375,0
2026-01-02 05:00:00+00:00,88529.6484375,88670.9765625,88477.3984375,88652.2890625,0
2026-01-02 06:00:00+00:00,88636.3359375,88956.0703125,88626.7421875,88838.5703125,574554112
2026-01-02 07:00:00+00:00,88830.1875,88934.4296875,88748.6640625,88773.3203125,424103936
2026-01-02 08:00:00+00:00,88754.0859375,89049.5703125,88711.90625,89049.5703125,516001792
2026-01-02 09:00:00+00:00,89068.890625,89346.9765625,89024.6328125,89344.4140625,1701500928
2026-01-02 10:00:00+00:00,89356.6328125,89786.4921875,89356.6328125,89544.265625,2306879488
2026-01-02 11:00:00+00:00,89557.59375,89557.59375,89280.6015625,89428.8046875,939407360
2026-01-02 12:00:00+00:00,89412.015625,89481.9453125,89293.984375,89321.921875,387647488
2026-01-02 13:00:00+00:00,89312.8671875,89557.453125,89291.1015625,89291.1015625,776005632
2026-01-02 14:00:00+00:00,89290.6796875,89990.46875,88506.0078125,89565.3359375,3307180032
2026-01-02 15:00:00+00:00,89728.6640625,89762.53125,88834.8515625,89319.90625,3514005504
2026-01-02 16:00:00+00:00,89318.4140625,90740.125,89190.1171875,90346.578125,4760252416
2026-01-02 17:00:00+00:00,90338.5234375,90865.4453125,90239.125,90283.484375,2257563648
2026-01-02 18:00:00+00:00,90320.3125,90510.9296875,89526.8203125,89776.4609375,1836531712
2026-01-02 19:00:00+00:00,89739.390625,90054.0,89683.1171875,89878.859375,1196072960
2026-01-02 20:00:00+00:00,89869.515625,90025.4140625,89599.8515625,89695.359375,1267941376
2026-01-02 21:00:00+00:00,89724.6796875,90092.3203125,89724.6796875,90046.5703125,438116352
2026-01-02 22:00:00+00:00,89990.53125,90347.03125,89990.53125,90159.9921875,478527488
2026-01-02 23:00:00+00:00,90168.9921875,90168.9921875,89873.859375,89946.1171875,0
2026-01-03 00:00:00+00:00,89948.5625,90153.2421875,89929.8984375,90098.6640625,0
2026-01-03 01:00:00+00:00,90120.7890625,90253.984375,90047.109375,90253.984375,0
2026-01-03 02:00:00+00:00,90221.046875,90362.2578125,90095.8046875,90304.015625,33968128
2026-01-03 03:00:00+00:00,90295.59375,90335.0625,90165.5859375,90293.8828125,0
2026-01-03 04:00:00+00:00,90321.4921875,90391.078125,90076.90625,90122.328125,8540160
2026-01-03 05:00:00+00:00,90148.15625,90168.8515625,89895.671875,90002.6171875,50565120
2026-01-03 06:00:00+00:00,89993.5625,90090.3359375,89826.4765625,89853.4140625,0
2026-01-03 07:00:00+00:00,89849.4296875,89922.953125,89386.046875,89553.9609375,901804032
2026-01-03 08:00:00+00:00,89515.1796875,89790.5234375,89438.5,89646.4609375,38719488
2026-01-03 09:00:00+00:00,89636.7890625,89942.8671875,89613.03125,89810.0703125,0
2026-01-03 10:00:00+00:00,89766.7109375,89842.8984375,89670.390625,89766.546875,0
2026-01-03 11:00:00+00:00,89719.78125,89737.3125,89643.015625,89713.3671875,0
2026-01-03 12:00:00+00:00,89686.890625,89969.359375,89618.546875,89922.1875,0
2026-01-03 13:00:00+00:00,89955.921875,89984.7421875,89878.421875,89956.140625,0
2026-01-03 14:00:00+00:00,89953.1875,90183.1015625,89941.8828125,90062.0703125,0
2026-01-03 15:00:00+00:00,90090.2265625,90090.2265625,89926.546875,89927.828125,0
2026-01-03 16:00:00+00:00,89917.1640625,90147.7734375,89875.0,90055.75,0
2026-01-03 17:00:00+00:00,90057.7109375,90081.8203125,89979.828125,90044.3828125,0
2026-01-03 18:00:00+00:00,90030.875,90139.1171875,89982.390625,90090.171875,0
2026-01-03 19:00:00+00:00,90091.8671875,90095.0546875,90007.125,90056.625,0
2026-01-03 20:00:00+00:00,90065.5546875,90301.4765625,89979.421875,90301.4765625,0
2026-01-03 21:00:00+00:00,90310.5,90643.890625,90277.953125,90486.7578125,0
2026-01-03 22:00:00+00:00,90487.3125,90672.265625,90450.015625,90526.171875,0
2026-01-03 23:00:00+00:00,90548.421875,90655.4609375,90441.15625,90600.7421875,0
2026-01-04 00:00:00+00:00,90615.3671875,91390.7265625,90615.3671875,91320.8984375,2100066304
2026-01-04 01:00:00+00:00,91293.3515625,91386.375,90984.546875,91197.3046875,506750976
2026-01-04 02:00:00+00:00,91196.6640625,91226.046875,91051.6953125,91072.4375,17674240
2026-01-04 03:00:00+00:00,91088.59375,91300.4609375,91070.25,91205.828125,396124160
2026-01-04 04:00:00+00:00,91217.7890625,91519.984375,91196.921875,91360.6796875,30613504
2026-01-04 05:00:00+00:00,91349.1484375,91438.0,91317.9609375,91432.5703125,0
2026-01-04 06:00:00+00:00,91434.1328125,91685.1796875,91213.8046875,91213.8046875,101595136
2026-01-04 07:00:00+00:00,91206.6875,91474.9375,91206.6875,91474.9375,42860544
2026-01-04 08:00:00+00:00,91487.390625,91487.390625,91176.1171875,91307.09375,265007104
2026-01-04 09:00:00+00:00,91327.6875,91426.203125,91244.1015625,91409.796875,814034944
2026-01-04 10:00:00+00:00,91418.1171875,91554.625,91387.0234375,91538.21875,971368448
2026-01-04 11:00:00+00:00,91533.859375,91533.859375,91205.5,91235.6796875,414734336
2026-01-04 12:00:00+00:00,91236.4609375,91300.234375,91078.1171875,91098.34375,311578624
2026-01-04 13:00:00+00:00,91080.828125,91223.3515625,91015.5078125,91223.3515625,114096128
2026-01-04 14:00:00+00:00,91212.140625,91349.0859375,91103.0546875,91270.609375,5550080
2026-01-04 15:00:00+00:00,91274.171875,91320.7109375,91071.453125,91270.453125,203657216
2026-01-04 16:00:00+00:00,91286.796875,91391.921875,91219.4765625,91285.140625,283027456
2026-01-04 17:00:00+00:00,91282.5078125,91391.234375,91276.5,91297.8203125,180326400
2026-01-04 18:00:00+00:00,91294.46875,91294.46875,90965.75,91161.8359375,358440960
2026-01-04 19:00:00+00:00,91164.640625,91164.640625,90877.046875,91099.46875,530702336
2026-01-04 20:00:00+00:00,91100.7890625,91298.765625,91084.6875,91252.453125,122902528
2026-01-04 21:00:00+00:00,91259.6171875,91350.375,91147.78125,91220.7734375,0
2026-01-04 22:00:00+00:00,91224.3984375,91338.75,91108.8359375,91140.7421875,0
2026-01-04 23:00:00+00:00,91168.3984375,91463.3515625,91168.3984375,91393.3203125,158046208
2026-01-05 00:00:00+00:00,91498.046875,92355.8359375,91498.046875,92355.8359375,1700913152
2026-01-05 01:00:00+00:00,92339.203125,93177.6171875,92251.21875,92916.90625,3015315456
2026-01-05 02:00:00+00:00,92913.40625,93101.40625,92737.0078125,92984.3203125,1564921856
2026-01-05 03:00:00+00:00,92988.2578125,93106.265625,92845.640625,92845.640625,411762688
2026-01-05 04:00:00+00:00,92841.5,92896.2265625,92344.34375,92566.8125,398170112
2026-01-05 05:00:00+00:00,92551.1484375,92666.4609375,92330.484375,92351.9453125,553881600
2026-01-05 06:00:00+00:00,92321.7578125,92450.0078125,92141.8984375,92433.3359375,0
2026-01-05 07:00:00+00:00,92427.5390625,92574.1015625,92427.5390625,92474.3359375,14626816
2026-01-05 08:00:00+00:00,92491.6640625,92697.921875,92425.84375,92475.5390625,0
2026-01-05 09:00:00+00:00,92421.6953125,92750.609375,92298.984375,92664.875,0
2026-01-05 10:00:00+00:00,92673.4453125,93086.3828125,92625.9375,93036.1484375,25061376
2026-01-05 11:00:00+00:00,92986.8203125,93083.4375,92841.0,93051.1875,575928320
2026-01-05 12:00:00+00:00,93083.203125,93109.25,92740.421875,92803.3203125,160313344
2026-01-05 13:00:00+00:00,92802.7890625,92947.3046875,92493.21875,92666.9140625,597544960
2026-01-05 14:00:00+00:00,92702.8984375,93552.46875,92410.171875,93393.625,2340327424
2026-01-05 15:00:00+00:00,93370.8828125,93933.75,93172.3203125,93883.9453125,4002770944
2026-01-05 16:00:00+00:00,93873.3671875,93972.0859375,93585.0546875,93715.7734375,2509283328
2026-01-05 17:00:00+00:00,93687.3203125,94264.9609375,93283.2265625,94264.9609375,1925922816
2026-01-05 18:00:00+00:00,94234.8125,94458.9609375,93919.9765625,94458.9609375,2163507200
2026-01-05 19:00:00+00:00,94334.6796875,94480.921875,94135.46875,94225.5859375,1226817536
2026-01-05 20:00:00+00:00,94219.390625,94673.3984375,94066.71875,94148.84375,2656026624
2026-01-05 21:00:00+00:00,94146.8203125,94207.7421875,93880.28125,94091.6328125,1079730176
2026-01-05 22:00:00+00:00,94082.9375,94377.453125,94020.46875,94184.484375,489959424
2026-01-05 23:00:00+00:00,94178.3359375,94178.3359375,93884.0625,93901.1328125,269361152
2026-01-06 00:00:00+00:00,93869.1328125,93948.578125,93551.6015625,93801.8125,0
2026-01-06 01:00:00+00:00,93823.234375,94130.609375,93747.875,93764.15625,0
2026-01-06 02:00:00+00:00,93773.4609375,93841.8203125,93542.1796875,93626.34375,463204352
2026-01-06 03:00:00+00:00,93608.1640625,93894.046875,93595.4765625,93762.5859375,0
2026-01-06 04:00:00+00:00,93750.640625,93971.703125,93722.828125,93817.09375,0
2026-01-06 05:00:00+00:00,93792.171875,93792.171875,93548.765625,93558.046875,115195904
2026-01-06 06:00:00+00:00,93590.9453125,93889.2109375,93577.3359375,93780.90625,470167552
2026-01-06 07:00:00+00:00,93739.625,93739.625,93119.6328125,93213.8984375,654757888
2026-01-06 08:00:00+00:00,93206.53125,93370.5859375,93142.25,93207.3125,0
2026-01-06 09:00:00+00:00,93191.2734375,93494.8046875,93191.2734375,93437.9609375,0
2026-01-06 10:00:00+00:00,93430.0546875,93616.8515625,93385.6953125,93537.8359375,0
2026-01-06 11:00:00+00:00,93538.203125,93846.890625,93538.203125,93789.015625,0
2026-01-06 12:00:00+00:00,93825.0,93910.921875,93765.3125,93853.609375,0
2026-01-06 13:00:00+00:00,93782.4296875,93819.09375,93628.7265625,93671.75,0
2026-01-06 14:00:00+00:00,93686.390625,94391.71875,93543.09375,93750.140625,0
2026-01-06 15:00:00+00:00,93789.6171875,94204.0078125,93331.9453125,93480.5390625,1294888960
2026-01-06 16:00:00+00:00,93658.0859375,93674.859375,92325.59375,92573.4921875,1490718720
2026-01-06 17:00:00+00:00,92650.890625,92697.109375,91550.1796875,91550.1796875,1925910528
2026-01-06 18:00:00+00:00,91526.3203125,92130.9921875,91526.3203125,91991.3671875,1073266688
2026-01-06 19:00:00+00:00,91975.234375,92239.0234375,91890.90625,92048.78125,0
2026-01-06 20:00:00+00:00,92053.625,92594.9921875,92053.625,92462.4140625,0
2026-01-06 21:00:00+00:00,92438.0078125,93759.796875,92342.046875,93236.828125,2303221760
2026-01-06 22:00:00+00:00,93230.1640625,93363.625,92940.6796875,93301.5703125,481783808
2026-01-06 23:00:00+00:00,93272.953125,93731.6796875,93272.953125,93731.6796875,331366400
2026-01-07 00:00:00+00:00,93623.96875,93637.75,92814.0703125,92814.0703125,486268928
2026-01-07 01:00:00+00:00,92637.4140625,92795.171875,92319.9609375,92430.859375,1494544384
2026-01-07 02:00:00+00:00,92385.953125,92947.5546875,92208.34375,92885.8515625,761499648
2026-01-07 03:00:00+00:00,92900.75,93025.375,92717.21875,92743.2890625,218001408
2026-01-07 04:00:00+00:00,92730.953125,92828.3046875,92563.15625,92625.1796875,236961792
2026-01-07 05:00:00+00:00,92583.1875,92774.8203125,92459.9140625,92459.9140625,0
2026-01-07 06:00:00+00:00,92473.1796875,92805.359375,92457.546875,92563.828125,0
2026-01-07 07:00:00+00:00,92579.7890625,92796.203125,92579.7890625,92773.609375,0
2026-01-07 08:00:00+00:00,92795.28125,92864.1953125,92628.3125,92647.359375,71581696
2026-01-07 09:00:00+00:00,92566.5703125,92625.125,91557.2578125,91648.0546875,1742815232
2026-01-07 10:00:00+00:00,91569.234375,91884.859375,91557.4453125,91868.5703125,590028800
2026-01-07 11:00:00+00:00,91880.8515625,92184.3046875,91880.8515625,92074.484375,267243520
2026-01-07 12:00:00+00:00,92064.4140625,92086.4140625,91915.078125,91935.390625,0
2026-01-07 13:00:00+00:00,91938.90625,92174.03125,91835.765625,91990.6953125,49598464
2026-01-07 14:00:00+00:00,91970.2421875,92018.8671875,91408.2734375,91896.5,0
2026-01-07 15:00:00+00:00,91827.125,91827.125,91068.46875,91265.1015625,0
2026-01-07 16:00:00+00:00,91313.859375,91659.7578125,91116.3125,91190.921875,0
2026-01-07 17:00:00+00:00,91215.4765625,91595.234375,91015.765625,91186.109375,0
2026-01-07 18:00:00+00:00,91192.46875,91344.2578125,90659.9765625,90691.7578125,0
2026-01-07 19:00:00+00:00,90828.2734375,91182.3984375,90658.6328125,91131.265625,1650155520
2026-01-07 20:00:00+00:00,91098.1484375,91193.15625,90726.890625,90948.8984375,0
2026-01-07 21:00:00+00:00,91055.890625,91128.6640625,90976.703125,91044.5390625,0
2026-01-07 22:00:00+00:00,91040.125,91221.546875,90828.2734375,91106.28125,0
2026-01-07 23:00:00+00:00,91024.9765625,91346.1171875,90945.4921875,91303.484375,316055552
2026-01-08 00:00:00+00:00,91280.703125,91386.5,91004.2578125,91317.5859375,0
2026-01-08 01:00:00+00:00,91298.3046875,91450.6875,91240.0703125,91333.125,0
2026-01-08 02:00:00+00:00,91334.3671875,91353.0625,90701.4921875,90853.953125,0
2026-01-08 03:00:00+00:00,90862.0546875,91019.796875,90585.265625,90704.7265625,537935872
2026-01-08 04:00:00+00:00,90726.5625,91027.7421875,90620.21875,90949.7421875,0
2026-01-08 05:00:00+00:00,90989.6796875,91050.5234375,90684.6171875,90698.7578125,0
2026-01-08 06:00:00+00:00,90702.1875,90750.2109375,89940.03125,89940.03125,1764753408
2026-01-08 07:00:00+00:00,89831.8125,90437.515625,89578.3125,90434.546875,1826439168
2026-01-08 08:00:00+00:00,90428.6953125,90569.234375,90078.7734375,90082.125,1316593664
2026-01-08 09:00:00+00:00,90098.828125,90254.109375,89871.5078125,89879.1328125,0
2026-01-08 10:00:00+00:00,89892.578125,90347.8515625,89698.6328125,90293.734375,0
2026-01-08 11:00:00+00:00,90357.25,90357.25,89927.6875,90068.7265625,766349312
2026-01-08 12:00:00+00:00,90082.265625,90082.265625,89682.171875,89883.265625,457900032
2026-01-08 13:00:00+00:00,89866.3203125,89972.59375,89781.6640625,89851.09375,0
2026-01-08 14:00:00+00:00,89849.03125,89972.921875,89291.1328125,89924.4453125,27627520
2026-01-08 15:00:00+00:00,89932.625,90649.90625,89765.6875,90649.90625,0
2026-01-08 16:00:00+00:00,90710.4921875,90791.5546875,90232.7109375,90718.8984375,945803264
2026-01-08 17:00:00+00:00,90835.78125,91345.546875,90793.1875,91254.640625,267583488
2026-01-08 18:00:00+00:00,91293.2421875,91328.1484375,90903.234375,90985.6640625,0
2026-01-08 19:00:00+00:00,91038.6796875,91238.0,90765.9375,90819.8046875,0
2026-01-08 20:00:00+00:00,90855.390625,90872.421875,90482.4296875,90841.203125,56164352
2026-01-08 21:00:00+00:00,90836.7578125,91222.1796875,90836.7578125,91222.1796875,837226496
2026-01-08 22:00:00+00:00,91200.4375,91385.109375,90987.2890625,91130.78125,0
2026-01-08 23:00:00+00:00,91145.7421875,91254.7578125,90978.171875,91025.75,0
2026-01-09 00:00:00+00:00,91019.5859375,91211.65625,90984.6875,91205.7734375,0
2026-01-09 01:00:00+00:00,91193.8671875,91412.484375,90795.625,90976.4921875,152719360
2026-01-09 02:00:00+00:00,90972.578125,91373.53125,90932.5546875,90932.5546875,0
2026-01-09 03:00:00+00:00,90947.7265625,91160.609375,90893.7265625,91112.8046875,0
2026-01-09 04:00:00+00:00,91125.5546875,91125.5546875,90842.0078125,90939.28125,0
2026-01-09 05:00:00+00:00,90927.3046875,91001.1328125,90826.6015625,90971.515625,0
2026-01-09 06:00:00+00:00,90975.1328125,91027.09375,90882.609375,91027.09375,0
2026-01-09 07:00:00+00:00,91024.6640625,91024.6640625,90687.078125,90687.078125,0
2026-01-09 08:00:00+00:00,90649.5,90730.6484375,89628.5703125,89845.1328125,793100288
2026-01-09 09:00:00+00:00,89872.390625,90304.2265625,89872.390625,90222.0234375,0
2026-01-09 10:00:00+00:00,90228.046875,90431.421875,90183.75,90404.4609375,0
2026-01-09 11:00:00+00:00,90380.5390625,90560.6640625,90314.0234375,90337.78125,0
2026-01-09 12:00:00+00:00,90345.2265625,90463.0859375,90144.3515625,90348.6640625,0
2026-01-09 13:00:00+00:00,90350.171875,90682.0,90337.9375,90550.796875,619769856
2026-01-09 14:00:00+00:00,90480.234375,90492.671875,89896.546875,90056.421875,0
2026-01-09 15:00:00+00:00,90038.875,91864.40625,89794.6640625,90999.8203125,2035843072
2026-01-09 16:00:00+00:00,91028.7109375,91662.3515625,91028.7109375,91527.2890625,535068672
2026-01-09 17:00:00+00:00,91516.171875,91542.765625,90967.609375,91343.59375,0
2026-01-09 18:00:00+00:00,91343.5390625,91396.7265625,90432.0703125,90781.109375,0
2026-01-09 19:00:00+00:00,90631.2890625,90643.8828125,90150.90625,90267.0546875,889446400
2026-01-09 20:00:00+00:00,90144.8046875,90447.5078125,90144.8046875,90185.78125,0
2026-01-09 21:00:00+00:00,90166.140625,90483.921875,90117.078125,90421.0390625,0
2026-01-09 22:00:00+00:00,90413.21875,90542.6875,90259.3125,90502.359375,0
2026-01-09 23:00:00+00:00,90513.7890625,90595.9140625,90490.7734375,90490.7734375,0
2026-01-10 00:00:00+00:00,90509.2109375,90560.8125,90417.703125,90477.046875,0
2026-01-10 01:00:00+00:00,90471.671875,90601.7734375,90469.7421875,90567.203125,0
2026-01-10 02:00:00+00:00,90560.3515625,90655.21875,90479.7578125,90543.375,0
2026-01-10 03:00:00+00:00,90556.75,90556.75,90430.21875,90507.671875,0
2026-01-10 04:00:00+00:00,90512.125,90514.7734375,90311.09375,90326.484375,0
2026-01-10 05:00:00+00:00,90344.859375,90493.0625,90314.5078125,90484.0546875,0
2026-01-10 06:00:00+00:00,90474.2734375,90477.8125,90352.6171875,90383.640625,15286272
2026-01-10 07:00:00+00:00,90377.0703125,90546.71875,90374.875,90537.1953125,0
2026-01-10 08:00:00+00:00,90546.8046875,90614.96875,90499.1171875,90531.078125,0
2026-01-10 09:00:00+00:00,90539.90625,90621.734375,90514.4375,90616.21875,0
2026-01-10 10:00:00+00:00,90629.5703125,90712.703125,90605.5390625,90685.1875,0
2026-01-10 11:00:00+00:00,90703.625,90703.625,90597.0,90610.2734375,0
2026-01-10 12:00:00+00:00,90606.9765625,90659.484375,90542.9140625,90598.2890625,0
2026-01-10 13:00:00+00:00,90607.6171875,90625.8828125,90526.546875,90526.546875,0
2026-01-10 14:00:00+00:00,90532.0546875,90546.828125,90426.2734375,90456.796875,0
2026-01-10 15:00:00+00:00,90463.6875,90547.828125,90458.40625,90543.0546875,0
2026-01-10 16:00:00+00:00,90541.8203125,90597.1328125,90501.2265625,90555.0390625,0
2026-01-10 17:00:00+00:00,90554.9375,90623.078125,90428.203125,90428.203125,0
2026-01-10 18:00:00+00:00,90431.8359375,90476.0625,90410.6171875,90476.0625,0
2026-01-10 19:00:00+00:00,90469.3203125,90510.546875,90456.4375,90507.0390625,0
2026-01-10 20:00:00+00:00,90507.8671875,90531.5078125,90446.2890625,90448.4609375,0
2026-01-10 21:00:00+00:00,90450.328125,90455.4765625,90384.46875,90386.5546875,0
2026-01-10 22:00:00+00:00,90386.4296875,90467.5703125,90287.2734375,90341.5703125,0
2026-01-10 23:00:00+00:00,90322.4296875,90445.953125,90312.875,90385.9140625,0
2026-01-11 00:00:00+00:00,90385.625,90510.921875,90333.6484375,90509.6875,0
2026-01-11 01:00:00+00:00,90513.6875,90539.046875,90431.78125,90509.9609375,0
2026-01-11 02:00:00+00:00,90513.203125,90601.640625,90505.4609375,90579.109375,0
2026-01-11 03:00:00+00:00,90577.6171875,90617.046875,90523.5625,90617.046875,0
2026-01-11 04:00:00+00:00,90613.515625,90662.78125,90580.953125,90662.78125,0
2026-01-11 05:00:00+00:00,90674.28125,90716.96875,90626.71875,90644.2890625,0
2026-01-11 06:00:00+00:00,90650.0,90682.7109375,90506.7265625,90632.9921875,337265664
2026-01-11 07:00:00+00:00,90634.09375,90634.09375,90564.0546875,90589.421875,0
2026-01-11 08:00:00+00:00,90597.4375,90683.984375,90526.84375,90668.0546875,0
2026-01-11 09:00:00+00:00,90667.6640625,90683.7734375,90568.484375,90623.921875,200894464
2026-01-11 10:00:00+00:00,90624.6015625,90630.6328125,90573.7578125,90614.265625,0
2026-01-11 11:00:00+00:00,90610.6328125,90626.9609375,90574.984375,90593.4609375,132082688
2026-01-11 12:00:00+00:00,90610.3203125,90871.7109375,90609.609375,90825.1875,259120128
2026-01-11 13:00:00+00:00,90826.3125,90846.1484375,90713.5078125,90736.9296875,233666560
2026-01-11 14:00:00+00:00,90740.7421875,91043.9453125,90740.7421875,91043.9453125,248259584
2026-01-11 15:00:00+00:00,91022.921875,91022.921875,90615.4609375,90747.7578125,819688448
2026-01-11 16:00:00+00:00,90751.171875,91147.3671875,90751.171875,90905.046875,654397440
2026-01-11 17:00:00+00:00,90912.34375,91014.5078125,90810.578125,90869.96875,295511040
2026-01-11 18:00:00+00:00,90866.5625,90866.5625,90667.1953125,90745.3515625,0
2026-01-11 19:00:00+00:00,90757.1640625,90791.015625,90555.03125,90593.4765625,234848256
2026-01-11 20:00:00+00:00,90596.71875,90596.71875,90309.0390625,90538.40625,725939200
2026-01-11 21:00:00+00:00,90573.2734375,90677.828125,90474.1640625,90646.3125,401456128
2026-01-11 22:00:00+00:00,90623.984375,90623.984375,90335.2421875,90430.3515625,73481216
2026-01-11 23:00:00+00:00,90400.2109375,90888.4453125,90226.9609375,90810.1484375,1107441664
2026-01-12 00:00:00+00:00,90851.8984375,91082.1171875,90617.9765625,91032.3671875,879105024
2026-01-12 01:00:00+00:00,91076.9609375,91555.0546875,91035.484375,91262.015625,2222364672
2026-01-12 02:00:00+00:00,91274.8984375,92220.484375,91274.8984375,92115.5234375,2094305280
2026-01-12 03:00:00+00:00,92098.6015625,92384.8515625,91719.34375,91719.34375,1771446272
2026-01-12 04:00:00+00:00,91694.4140625,92151.6484375,91647.984375,92036.109375,978001920
2026-01-12 05:00:00+00:00,92035.6484375,92127.9765625,91955.953125,91991.640625,684238848
2026-01-12 06:00:00+00:00,91984.6796875,92065.4296875,91691.34375,91716.6796875,348442624
2026-01-12 07:00:00+00:00,91721.546875,91816.296875,91278.328125,91301.734375,982913024
2026-01-12 08:00:00+00:00,91290.7890625,91499.1796875,90315.640625,90669.2109375,1842366464
2026-01-12 09:00:00+00:00,90643.09375,90790.9765625,90552.2109375,90591.09375,794685440
2026-01-12 10:00:00+00:00,90555.515625,90661.75,90261.9609375,90278.859375,501448704
2026-01-12 11:00:00+00:00,90313.0390625,90659.265625,90313.0390625,90566.390625,826839040
2026-01-12 12:00:00+00:00,90536.359375,90733.6484375,90520.546875,90672.5078125,156246016
2026-01-12 13:00:00+00:00,90662.8515625,90691.46875,90426.8203125,90533.3359375,397813760
2026-01-12 14:00:00+00:00,90525.1953125,90961.6328125,90095.2578125,90803.7421875,2507259904
2026-01-12 15:00:00+00:00,90802.75,91546.453125,90679.171875,91546.453125,1540530176
2026-01-12 16:00:00+00:00,91571.625,92210.1484375,91571.625,92042.640625,1636651008
2026-01-12 17:00:00+00:00,92049.5234375,92210.1328125,91015.9765625,91416.15625,2972286976
2026-01-12 18:00:00+00:00,91433.328125,91843.6796875,91360.7734375,91622.5859375,759361536
2026-01-12 19:00:00+00:00,91617.8125,91794.125,91381.09375,91770.25,761724928
2026-01-12 20:00:00+00:00,91784.5625,91962.3125,91353.0234375,91393.1953125,0
2026-01-12 21:00:00+00:00,91404.1640625,91404.1640625,90894.484375,90913.7265625,244572160
2026-01-12 22:00:00+00:00,90984.1953125,91350.2578125,90984.1953125,91157.546875,346845184
2026-01-12 23:00:00+00:00,91142.65625,91203.8671875,90987.8984375,91157.1015625,0
2026-01-13 00:00:00+00:00,91195.6328125,91430.171875,91175.1328125,91386.7109375,2981888
2026-01-13 01:00:00+00:00,91384.75,91432.3203125,90941.9296875,91058.9296875,0
2026-01-13 02:00:00+00:00,91081.4453125,91267.5234375,91030.4453125,91114.5859375,0
2026-01-13 03:00:00+00:00,91031.1953125,91327.140625,91019.5390625,91291.3125,0
2026-01-13 04:00:00+00:00,91293.7890625,91491.6796875,91238.9609375,91396.671875,0
2026-01-13 05:00:00+00:00,91396.7734375,92109.390625,91396.7734375,91803.9453125,1761660928
2026-01-13 06:00:00+00:00,91811.0234375,92145.1015625,91729.1875,92120.84375,218918912
2026-01-13 07:00:00+00:00,92089.4453125,92089.4453125,91806.1171875,91853.8203125,730107904
2026-01-13 08:00:00+00:00,91868.9609375,92134.84375,91846.6640625,92087.9140625,0
2026-01-13 09:00:00+00:00,92076.375,92510.2109375,91913.390625,92149.171875,1037434880
2026-01-13 10:00:00+00:00,92201.4140625,92230.078125,91927.4921875,92029.3359375,259035136
2026-01-13 11:00:00+00:00,92038.296875,92138.875,91886.8359375,91893.6484375,33396477952
2026-01-13 12:00:00+00:00,91932.1484375,92053.7109375,91832.640625,91999.1171875,0
2026-01-13 13:00:00+00:00,92013.0546875,92477.4140625,91904.25,91966.578125,36816220160
2026-01-13 14:00:00+00:00,91926.328125,92756.578125,91760.140625,92453.84375,0
2026-01-13 15:00:00+00:00,92421.359375,93294.53125,92091.1328125,93283.03125,694923264
2026-01-13 16:00:00+00:00,93500.4609375,93654.5078125,93097.4921875,93441.21875,1261322240
2026-01-13 17:00:00+00:00,93347.1015625,93412.9765625,93135.7578125,93241.6796875,0
2026-01-13 18:00:00+00:00,93171.8984375,93790.5078125,93171.8984375,93557.6484375,22642688
2026-01-13 19:00:00+00:00,93584.296875,94194.6484375,93431.703125,94194.6484375,2483032064
2026-01-13 20:00:00+00:00,94222.4765625,94468.875,94134.0390625,94438.890625,2689589248
2026-01-13 21:00:00+00:00,94400.453125,94476.421875,94058.6640625,94074.9609375,1534304256
2026-01-13 22:00:00+00:00,94069.5078125,95928.796875,94062.21875,95667.828125,5290397696
2026-01-13 23:00:00+00:00,95648.703125,95935.6484375,95040.296875,95354.046875,2148032512
2026-01-14 00:00:00+00:00,95363.3046875,95549.8515625,95143.6796875,95277.7734375,777388032
2026-01-14 01:00:00+00:00,95185.6796875,95495.0,95111.1875,95266.8515625,671092736
2026-01-14 02:00:00+00:00,95205.578125,95490.609375,95180.5078125,95279.2109375,1220997120
2026-01-14 03:00:00+00:00,95272.1953125,95632.609375,95249.203125,95630.9765625,2407698432
2026-01-14 04:00:00+00:00,95694.421875,95694.421875,95182.9765625,95202.515625,786616320
2026-01-14 05:00:00+00:00,95191.1328125,95204.1328125,94934.296875,94988.1640625,0
2026-01-14 06:00:00+00:00,94970.9765625,94976.859375,94583.046875,94976.859375,591003648
2026-01-14 07:00:00+00:00,94985.765625,95176.1328125,94840.03125,95176.1328125,408600576
2026-01-14 08:00:00+00:00,95162.828125,95231.53125,94860.3125,94868.3046875,0
2026-01-14 09:00:00+00:00,94852.8203125,95131.5234375,94849.390625,95038.109375,0
2026-01-14 10:00:00+00:00,95051.1640625,95229.0390625,94870.0546875,95059.109375,346828800
2026-01-14 11:00:00+00:00,95042.328125,95042.328125,94706.0078125,94706.0078125,0
2026-01-14 12:00:00+00:00,94727.6953125,95102.671875,94701.1328125,95031.6484375,1391976448
2026-01-14 13:00:00+00:00,95028.859375,95183.5625,94861.1015625,94937.046875,0
2026-01-14 14:00:00+00:00,94958.4921875,96734.7109375,94951.84375,96460.421875,1887080448
2026-01-14 15:00:00+00:00,96450.109375,96984.578125,96232.4453125,96710.59375,2725945344
2026-01-14 16:00:00+00:00,96699.578125,97583.1796875,96699.578125,97212.4921875,888070144
2026-01-14 17:00:00+00:00,97245.53125,97747.125,96894.046875,96941.90625,3065225216
2026-01-14 18:00:00+00:00,96953.8359375,97086.8515625,96295.0625,96835.984375,649310208
2026-01-14 19:00:00+00:00,96801.8359375,97519.5234375,96694.8359375,97265.78125,0
2026-01-14 20:00:00+00:00,97244.59375,97860.6015625,97221.5078125,97585.109375,357670912
2026-01-14 21:00:00+00:00,97641.6953125,97686.171875,97409.546875,97443.15625,0
2026-01-14 22:00:00+00:00,97528.46875,97542.9453125,96832.3359375,96915.5625,0
2026-01-14 23:00:00+00:00,96894.984375,97324.4453125,96894.984375,96932.2109375,0
2026-01-15 00:00:00+00:00,96934.609375,96973.4609375,96508.34375,96573.6328125,0
2026-01-15 01:00:00+00:00,96614.0703125,96928.6328125,96310.796875,96418.140625,72564736
2026-01-15 02:00:00+00:00,96435.2578125,96578.609375,96154.34375,96236.4921875,0
2026-01-15 03:00:00+00:00,96292.828125,96341.265625,95763.4375,95963.015625,1138237440
2026-01-15 04:00:00+00:00,95941.859375,96327.546875,95930.7421875,96151.6796875,8413184
2026-01-15 05:00:00+00:00,96243.6484375,96468.2890625,96237.453125,96392.03125,0
2026-01-15 06:00:00+00:00,96406.0390625,96529.1015625,96161.8046875,96281.8203125,0
2026-01-15 07:00:00+00:00,96275.9765625,96651.6484375,96193.765625,96516.46875,0
2026-01-15 08:00:00+00:00,96560.265625,96618.5546875,96309.9296875,96614.46875,566321152
2026-01-15 09:00:00+00:00,96617.703125,97150.171875,96545.96875,97046.734375,869601280
2026-01-15 10:00:00+00:00,96994.9921875,97013.7109375,96720.890625,96792.0546875,0
2026-01-15 11:00:00+00:00,96788.5,96856.5625,96558.1796875,96587.4453125,100679680
2026-01-15 12:00:00+00:00,96551.375,96940.3046875,96517.484375,96940.3046875,0
2026-01-15 13:00:00+00:00,96946.40625,96965.6953125,96611.4453125,96817.375,191619072
2026-01-15 14:00:00+00:00,96811.3046875,97097.1171875,95627.9453125,96019.609375,0
2026-01-15 15:00:00+00:00,96027.8515625,96434.890625,95416.09375,96434.890625,0
2026-01-15 16:00:00+00:00,96649.9453125,96797.609375,96263.6171875,96797.609375,0
2026-01-15 17:00:00+00:00,96696.2578125,97015.3515625,96407.2578125,96598.6328125,0
2026-01-15 18:00:00+00:00,96548.8515625,96570.9765625,95793.5625,95793.5625,753541120
2026-01-15 19:00:00+00:00,95797.9609375,95882.234375,95284.75,95411.0859375,738045952
2026-01-15 20:00:00+00:00,95423.5546875,95607.8984375,95112.25,95143.53125,0
2026-01-15 21:00:00+00:00,95177.4765625,95575.203125,95166.8515625,95548.5234375,0
2026-01-15 22:00:00+00:00,95553.2109375,95784.0390625,95472.9921875,95522.6484375,0
2026-01-15 23:00:00+00:00,95571.3046875,95663.1953125,95377.84375,95546.2578125,0
2026-01-16 00:00:00+00:00,95562.78125,95759.5625,95548.1015625,95574.8046875,0
2026-01-16 01:00:00+00:00,95574.0,95736.3984375,95418.8203125,95617.4609375,0
2026-01-16 02:00:00+00:00,95628.453125,95636.4375,95368.6171875,95477.90625,0
2026-01-16 03:00:00+00:00,95466.359375,95540.3203125,95297.765625,95325.96875,0
2026-01-16 04:00:00+00:00,95306.4375,95520.359375,95125.375,95125.375,34451456
2026-01-16 05:00:00+00:00,95222.0703125,95612.265625,95222.0703125,95612.265625,478240768
2026-01-16 06:00:00+00:00,95613.5703125,95759.96875,95509.8984375,95710.625,0
2026-01-16 07:00:00+00:00,95713.9140625,95736.7734375,95452.953125,95633.5390625,0
2026-01-16 08:00:00+00:00,95630.6875,95801.890625,95541.15625,95643.59375,0
2026-01-16 09:00:00+00:00,95634.2265625,95708.3203125,95557.09375,95577.734375,0
2026-01-16 10:00:00+00:00,95573.9296875,95587.84375,95268.9296875,95272.90625,0
2026-01-16 11:00:00+00:00,95273.109375,95431.671875,95226.6796875,95389.3203125,297009152
2026-01-16 12:00:00+00:00,95397.6015625,95538.640625,95327.4375,95409.296875,0
2026-01-16 13:00:00+00:00,95415.3125,95523.640625,95274.6953125,95418.40625,0
2026-01-16 14:00:00+00:00,95412.2578125,95635.9140625,95221.1328125,95223.375,0
2026-01-16 15:00:00+00:00,95151.796875,95581.2890625,94268.7734375,94605.625,0
2026-01-16 16:00:00+00:00,94559.625,94937.5,94517.3515625,94795.359375,0
2026-01-16 17:00:00+00:00,94831.453125,94893.2578125,94538.2265625,94893.2578125,0
2026-01-16 18:00:00+00:00,95032.8671875,95156.140625,94963.34375,94988.109375,0
2026-01-16 19:00:00+00:00,94955.8515625,94992.625,94822.21875,94964.3359375,0
2026-01-16 20:00:00+00:00,94957.2890625,95399.2578125,94650.234375,95399.2578125,0
2026-01-16 21:00:00+00:00,95476.1171875,95528.4609375,95337.671875,95443.859375,180514816
2026-01-16 22:00:00+00:00,95478.6875,95495.234375,95228.6796875,95441.125,0
2026-01-16 23:00:00+00:00,95472.46875,95531.8515625,95394.078125,95531.8515625,0
2026-01-17 00:00:00+00:00,95514.765625,95523.9765625,95395.0234375,95459.390625,0
2026-01-17 01:00:00+00:00,95429.03125,95472.5546875,95351.6171875,95366.125,0
2026-01-17 02:00:00+00:00,95356.984375,95370.984375,95194.140625,95324.7109375,0
2026-01-17 03:00:00+00:00,95316.15625,95331.15625,95221.65625,95330.2109375,0
2026-01-17 04:00:00+00:00,95324.578125,95324.578125,95221.28125,95307.7109375,0
2026-01-17 05:00:00+00:00,95259.3203125,95316.96875,95240.34375,95249.34375,0
2026-01-17 06:00:00+00:00,95261.390625,95280.1484375,95153.5625,95225.6171875,0
2026-01-17 07:00:00+00:00,95196.7421875,95196.7421875,95030.25,95061.109375,0
2026-01-17 08:00:00+00:00,95051.65625,95214.6640625,95020.9609375,95203.4296875,0
2026-01-17 09:00:00+00:00,95199.6953125,95234.890625,95138.0859375,95212.46875,0
2026-01-17 10:00:00+00:00,95211.2890625,95219.2265625,95064.84375,95077.9453125,0
2026-01-17 11:00:00+00:00,95066.109375,95268.0,95029.234375,95255.2421875,0
2026-01-17 12:00:00+00:00,95267.8359375,95312.90625,95199.9921875,95205.4140625,0
2026-01-17 13:00:00+00:00,95210.578125,95398.953125,95152.8828125,95374.9140625,0
2026-01-17 14:00:00+00:00,95383.0859375,95490.3125,95312.4765625,95383.328125,0
2026-01-17 15:00:00+00:00,95422.125,95596.8828125,95396.1484375,95525.6328125,0
2026-01-17 16:00:00+00:00,95509.640625,95509.640625,95201.4140625,95278.6171875,0
2026-01-17 17:00:00+00:00,95277.421875,95398.703125,95259.0703125,95323.453125,0
2026-01-17 18:00:00+00:00,95330.4140625,95428.2421875,95330.4140625,95382.875,0
2026-01-17 19:00:00+00:00,95396.4296875,95396.4296875,95247.890625,95261.3515625,0
2026-01-17 20:00:00+00:00,95259.2578125,95345.1640625,95242.265625,95343.6796875,0
2026-01-17 21:00:00+00:00,95339.0546875,95367.46875,95239.3046875,95257.078125,0
2026-01-17 22:00:00+00:00,95270.3203125,95273.8125,95011.4375,95156.2421875,0
2026-01-17 23:00:00+00:00,95128.3046875,95166.7734375,95088.328125,95098.921875,0
2026-01-18 00:00:00+00:00,95112.3984375,95189.4921875,95054.734375,95061.84375,67320832
2026-01-18 01:00:00+00:00,95062.1328125,95062.1328125,94848.9296875,94908.953125,310758400
2026-01-18 02:00:00+00:00,94926.140625,95018.2578125,94851.5,94977.703125,0
2026-01-18 03:00:00+00:00,94980.296875,95152.140625,94980.296875,95147.21875,86411264
2026-01-18 04:00:00+00:00,95121.0546875,95146.0,95038.8984375,95059.859375,0
2026-01-18 05:00:00+00:00,95059.390625,95189.578125,95025.65625,95154.515625,149681152
2026-01-18 06:00:00+00:00,95134.3046875,95171.390625,95112.2109375,95136.4921875,37563392
2026-01-18 07:00:00+00:00,95137.25,95141.3046875,94995.9296875,95023.484375,61304832
2026-01-18 08:00:00+00:00,94999.828125,95159.0234375,94977.6953125,95146.9765625,0
2026-01-18 09:00:00+00:00,95146.78125,95245.3203125,95122.953125,95236.4140625,291320832
2026-01-18 10:00:00+00:00,95230.1171875,95237.7890625,95064.1484375,95137.8203125,439664640
2026-01-18 11:00:00+00:00,95134.15625,95142.8203125,95038.8828125,95124.703125,0
2026-01-18 12:00:00+00:00,95129.015625,95135.609375,95049.40625,95049.40625,0
2026-01-18 13:00:00+00:00,95066.609375,95146.4375,94884.125,95115.234375,311855104
2026-01-18 14:00:00+00:00,95118.6171875,95275.953125,94904.9375,94904.9375,444989440
2026-01-18 15:00:00+00:00,94931.953125,95088.28125,94891.65625,95088.28125,0
2026-01-18 16:00:00+00:00,95082.828125,95157.6796875,95044.390625,95139.5,0
2026-01-18 17:00:00+00:00,95124.078125,95233.15625,95121.7890625,95171.609375,6135808
2026-01-18 18:00:00+00:00,95229.9375,95488.1796875,95155.28125,95439.3671875,440893440
2026-01-18 19:00:00+00:00,95408.9921875,95475.015625,95308.9921875,95334.5625,524771328
2026-01-18 20:00:00+00:00,95345.9609375,95406.9765625,95260.4609375,95266.8046875,129189888
2026-01-18 21:00:00+00:00,95266.96875,95396.859375,95245.46875,95388.8515625,0
2026-01-18 22:00:00+00:00,95389.390625,95481.4296875,95363.46875,95458.40625,90507264
2026-01-18 23:00:00+00:00,95416.59375,95416.59375,93595.4140625,93614.421875,3325755392
2026-01-19 00:00:00+00:00,93646.9140625,93646.9140625,92286.546875,92697.59375,6988539904
2026-01-19 01:00:00+00:00,92703.4140625,92792.6171875,92234.4140625,92509.7265625,1805570048
2026-01-19 02:00:00+00:00,92529.109375,92612.5703125,92366.15625,92518.2109375,1139877888
2026-01-19 03:00:00+00:00,92536.8203125,92740.625,92481.3828125,92642.5625,874809344
2026-01-19 04:00:00+00:00,92654.5546875,92682.65625,92481.0,92674.09375,822702080
2026-01-19 05:00:00+00:00,92630.9921875,92710.4765625,92484.2734375,92484.2890625,438132736
2026-01-19 06:00:00+00:00,92481.125,92565.40625,92381.03125,92511.3046875,710830080
2026-01-19 07:00:00+00:00,92534.484375,92792.71875,92517.8203125,92792.71875,606826496
2026-01-19 08:00:00+00:00,92793.3515625,93259.109375,92696.0390625,93259.109375,2015547392
2026-01-19 09:00:00+00:00,93238.890625,93238.890625,92911.3828125,92993.5625,0
2026-01-19 10:00:00+00:00,92993.8359375,93021.6953125,92843.3125,92999.53125,120508416
2026-01-19 11:00:00+00:00,93002.109375,93225.7734375,92931.7421875,93140.140625,1161461760
2026-01-19 12:00:00+00:00,93136.5390625,93153.4375,92969.1953125,92996.1953125,975622144
2026-01-19 13:00:00+00:00,93013.1015625,93071.46875,92829.953125,92964.34375,194220032
2026-01-19 14:00:00+00:00,92974.21875,92976.765625,92677.9453125,92768.84375,0
2026-01-19 15:00:00+00:00,92776.3125,93022.8125,92776.3125,93022.8125,568815616
2026-01-19 16:00:00+00:00,93003.4296875,93320.265625,92965.234375,93298.6640625,601255936
2026-01-19 17:00:00+00:00,93273.6015625,93345.34375,93100.703125,93182.34375,543985664
2026-01-19 18:00:00+00:00,93184.4609375,93207.0390625,92884.6015625,93003.1875,0
2026-01-19 19:00:00+00:00,93002.796875,93095.921875,92960.28125,93079.109375,0
2026-01-19 20:00:00+00:00,93067.625,93215.546875,93048.0078125,93091.734375,107687936
2026-01-19 21:00:00+00:00,93077.25,93249.3515625,92955.578125,92975.2578125,351973376
2026-01-19 22:00:00+00:00,92968.515625,92976.5703125,92570.8125,92570.8125,332480512
2026-01-19 23:00:00+00:00,92516.0859375,92643.53125,92152.296875,92548.5,0
2026-01-20 00:00:00+00:00,92583.640625,92796.171875,92300.734375,92606.875,0
2026-01-20 01:00:00+00:00,92637.40625,92797.2109375,92490.6171875,92757.5,0
2026-01-20 02:00:00+00:00,92645.9296875,92645.9296875,92335.1796875,92464.546875,0
2026-01-20 03:00:00+00:00,92510.4921875,92540.9296875,92217.1171875,92357.453125,0
2026-01-20 04:00:00+00:00,92367.1171875,92385.4921875,91954.4921875,91954.4921875,0
2026-01-20 05:00:00+00:00,91988.40625,91988.40625,91332.03125,91604.171875,2795505664
2026-01-20 06:00:00+00:00,91556.8984375,91556.8984375,90714.109375,90770.21875,2230145024
2026-01-20 07:00:00+00:00,90816.7578125,91197.2421875,90816.7578125,91076.8671875,579307520
2026-01-20 08:00:00+00:00,91083.25,91141.125,90623.09375,90998.25,499728384
2026-01-20 09:00:00+00:00,90998.7265625,90998.7265625,90840.2421875,90938.984375,0
2026-01-20 10:00:00+00:00,90931.65625,91188.875,90900.21875,91184.6796875,0
2026-01-20 11:00:00+00:00,91176.0,91334.3828125,91146.7578125,91146.7578125,165572608
2026-01-20 12:00:00+00:00,91131.4609375,91205.4296875,90981.8515625,91195.4375,276025344
2026-01-20 13:00:00+00:00,91192.8125,91199.3203125,90772.796875,90871.96875,484593664
2026-01-20 14:00:00+00:00,90869.0625,91273.8984375,90302.3515625,90583.90625,2314514432
2026-01-20 15:00:00+00:00,90461.1796875,90670.4375,89835.34375,90429.4609375,3672580096
2026-01-20 16:00:00+00:00,90583.625,90856.9453125,89990.1484375,90095.3359375,1268162560
2026-01-20 17:00:00+00:00,90072.9609375,90372.078125,89424.9375,89671.7265625,2078396416
2026-01-20 18:00:00+00:00,89675.8359375,89815.71875,89311.7578125,89393.78125,1880948736
2026-01-20 19:00:00+00:00,89387.1328125,89651.1484375,89193.546875,89597.7265625,1656410112
2026-01-20 20:00:00+00:00,89600.03125,89697.8359375,89297.7109375,89504.59375,1510215680
2026-01-20 21:00:00+00:00,89588.1484375,89699.453125,89311.140625,89416.03125,583491584
2026-01-20 22:00:00+00:00,89405.296875,89511.6328125,87954.25,88411.828125,2148122624
2026-01-20 23:00:00+00:00,88405.0390625,88405.0390625,87828.9140625,88339.6171875,0
2026-01-21 00:00:00+00:00,88321.28125,88844.9375,88163.0546875,88816.96875,2648227840
2026-01-21 01:00:00+00:00,88814.421875,89033.203125,88764.1640625,88909.5859375,280936448
2026-01-21 02:00:00+00:00,88912.34375,89198.4609375,88881.53125,88958.2265625,866316288
2026-01-21 03:00:00+00:00,88940.71875,89455.671875,88940.71875,89315.8828125,185372672
2026-01-21 04:00:00+00:00,89315.8828125,89503.46875,89256.34375,89352.0078125,587218944
2026-01-21 05:00:00+00:00,89335.65625,89972.5234375,89335.65625,89813.7734375,0
2026-01-21 06:00:00+00:00,89842.734375,89842.734375,89409.96875,89527.296875,0
2026-01-21 07:00:00+00:00,89542.9375,89638.125,88987.125,89049.6171875,22372352
2026-01-21 08:00:00+00:00,89112.140625,89262.65625,88894.2578125,89101.4921875,0
2026-01-21 09:00:00+00:00,89096.578125,89381.4921875,88984.3203125,88984.3203125,0
2026-01-21 10:00:00+00:00,89008.3984375,89283.7578125,89008.3359375,89175.625,103473152
2026-01-21 11:00:00+00:00,89158.875,89274.3046875,88652.5859375,88687.1328125,0
2026-01-21 12:00:00+00:00,88694.875,88726.515625,88190.734375,88647.78125,2625662976
2026-01-21 13:00:00+00:00,88655.0546875,88919.2109375,88505.4296875,88700.5,0
2026-01-21 14:00:00+00:00,88599.59375,89869.4609375,88549.03125,89829.578125,2650615808
2026-01-21 15:00:00+00:00,89722.8828125,90412.0625,89721.328125,90238.5859375,0
2026-01-21 16:00:00+00:00,90192.3828125,90231.1484375,87585.9921875,87585.9921875,340979712
2026-01-21 17:00:00+00:00,87527.5546875,87927.9921875,87240.59375,87895.9296875,3013287936
2026-01-21 18:00:00+00:00,87872.296875,88505.5859375,87563.40625,88377.2890625,635789312
2026-01-21 19:00:00+00:00,88390.3046875,90284.2578125,88205.5546875,90246.1328125,2162290688
2026-01-21 20:00:00+00:00,90271.765625,90271.765625,89400.9765625,90094.9453125,708415488
2026-01-21 21:00:00+00:00,90095.609375,90232.65625,89955.09375,90194.1328125,331280384
2026-01-21 22:00:00+00:00,90171.5859375,90309.03125,89779.609375,89782.7421875,0
2026-01-21 23:00:00+00:00,89735.8671875,90118.4921875,89306.90625,89368.671875,0
2026-01-22 00:00:00+00:00,89372.4296875,89931.953125,89372.4296875,89814.7421875,0
2026-01-22 01:00:00+00:00,89823.671875,90078.8984375,89772.5625,90045.375,0
2026-01-22 02:00:00+00:00,90030.71875,90254.0546875,89786.90625,89860.421875,0
2026-01-22 03:00:00+00:00,89857.9296875,90058.765625,89649.703125,89806.5078125,0
2026-01-22 04:00:00+00:00,89799.9140625,89975.3671875,89745.5078125,89961.8203125,0
2026-01-22 05:00:00+00:00,89928.8828125,89974.5625,89843.46875,89859.625,0
2026-01-22 06:00:00+00:00,89937.40625,90115.2890625,89823.6484375,90108.515625,0
2026-01-22 07:00:00+00:00,90085.953125,90104.0390625,89713.28125,89713.28125,0
2026-01-22 08:00:00+00:00,89737.8359375,89868.625,89688.9609375,89823.0078125,0
2026-01-22 09:00:00+00:00,89823.6015625,90042.640625,89820.1171875,89947.0625,0
2026-01-22 10:00:00+00:00,89947.3203125,90013.328125,89884.875,90011.8125,991895552
2026-01-22 11:00:00+00:00,90005.0859375,90053.109375,89825.8671875,89853.8828125,0
2026-01-22 12:00:00+00:00,89853.265625,89985.984375,89803.6484375,89935.0,0
2026-01-22 13:00:00+00:00,89937.5703125,90220.1015625,89424.3359375,89521.828125,3887566848
2026-01-22 14:00:00+00:00,89534.890625,89596.09375,89056.0546875,89121.171875,2730307584
2026-01-22 15:00:00+00:00,89030.96875,89265.7109375,88438.4453125,88943.0234375,6909816832
2026-01-22 16:00:00+00:00,88937.2578125,89120.75,88648.4296875,88928.8515625,2875674624
